signal_id,target,oof_lightgbm,oof_catboost
SG_000002,0,0.18592292625223372,0.14954272139669395
SG_000003,0,0.19227212473031977,0.17525565017468647
SG_000004,0,0.11306659228563774,0.16232386222156178
SG_000005,0,0.17462903620077141,0.16415344373485882
SG_000006,0,0.16088630598993717,0.13708632101649246
SG_000008,0,0.11091820764285078,0.17195266021627453
SG_000012,1,0.25252950234500526,0.21383186004201932
SG_000013,0,0.1684083109714151,0.17465158555704577
SG_000014,0,0.11166676164381203,0.10586624323327301
SG_000015,0,0.11389204449402086,0.12247930906176564
SG_000016,0,0.17341505081025807,0.14639604057815994
SG_000017,0,0.12504386853034088,0.150878173467231
SG_000019,0,0.17158044824072288,0.19286130716791441
SG_000020,0,0.17111022550526422,0.13442983804734102
SG_000021,1,0.13368011817527867,0.14330962319868196
SG_000022,0,0.2570992478193824,0.22778134208790193
SG_000023,0,0.1255688545788759,0.1373783015966052
SG_000025,0,0.11830937524993423,0.11681584652812932
SG_000027,0,0.16119401142969886,0.1915756830113917
SG_000028,0,0.15823347898923437,0.13379683088642022
SG_000029,0,0.22668146850200854,0.29138253735158676
SG_000030,0,0.19802402203543268,0.23647341099590682
SG_000031,1,0.1726244251788553,0.2569841005532106
SG_000035,0,0.11672208123147582,0.10780631934818559
SG_000037,0,0.16259368780289757,0.15812546185000495
SG_000038,0,0.2018960659201601,0.1730248978896839
SG_000040,0,0.16282562179503185,0.21682102933415143
SG_000041,0,0.2283927830457718,0.2093888380384962
SG_000042,0,0.25100389701122716,0.24491866505263477
SG_000043,0,0.1539525889155111,0.1585068253423715
SG_000044,0,0.17603453220438148,0.20944634052933292
SG_000045,1,0.19342973829041815,0.20566251716763215
SG_000046,0,0.16992394504759087,0.18337454763908764
SG_000047,1,0.23946943085318384,0.27507650436178194
SG_000051,0,0.12213315706532007,0.19120043778186396
SG_000052,0,0.18044262705460784,0.1719764843955794
SG_000056,1,0.17262771622678222,0.1663991529685475
SG_000057,0,0.13191081435289242,0.11158008183350374
SG_000060,0,0.14884274845638787,0.12672912139766124
SG_000063,1,0.16855713051951454,0.2008879145633253
SG_000064,0,0.17664040289760152,0.15028395645723205
SG_000065,1,0.15455013973319304,0.13289920055783488
SG_000066,0,0.18175789129120876,0.18198948349334698
SG_000067,0,0.0875567395536117,0.11054085612760227
SG_000068,1,0.2427861737450214,0.19480719994278328
SG_000069,0,0.1520990612905114,0.17509216113941214
SG_000070,0,0.18237027906460782,0.1845351948734325
SG_000071,0,0.17236634033063064,0.17975799706173703
SG_000074,0,0.18042395871077513,0.18998869853766934
SG_000076,0,0.10979581955618817,0.13361915034375157
SG_000077,0,0.21599312033686616,0.19149388771345163
SG_000078,1,0.1763956716640422,0.19500970932361825
SG_000079,0,0.16688763372360607,0.17829575477738807
SG_000082,0,0.19804467061443864,0.26519352281925196
SG_000084,0,0.17015188935026782,0.1526807470826983
SG_000085,0,0.19818320533753975,0.21062255651536155
SG_000088,0,0.16259368780289757,0.058764546708401144
SG_000089,0,0.11268345403370927,0.14065160506585975
SG_000090,0,0.08462227231141577,0.09195080720136314
SG_000091,0,0.16771957822166578,0.20831268033076858
SG_000093,0,0.19702409053638167,0.207573922900553
SG_000094,0,0.09757313651548292,0.10767830106767
SG_000095,0,0.18647098130373324,0.21500566465522328
SG_000096,0,0.3108637105000428,0.3171993442958126
SG_000097,0,0.1369022193035441,0.1289502686735016
SG_000098,0,0.14006002657397992,0.14338401916941854
SG_000101,0,0.19904732723033589,0.220720514578982
SG_000102,0,0.244439592939618,0.1751547018671098
SG_000103,0,0.14047793876970216,0.1485014446405988
SG_000104,0,0.11744769457684862,0.1384068188612173
SG_000108,0,0.1305016519465003,0.11072550246526376
SG_000109,0,0.11628707974822487,0.16474030681684457
SG_000110,0,0.15590371685868282,0.17408704693505742
SG_000111,1,0.24630861717580638,0.21906737407003896
SG_000112,0,0.20767192799975268,0.20636264158457496
SG_000113,0,0.2044151191307348,0.1843800945281762
SG_000114,0,0.12239140833757531,0.17445319281644073
SG_000115,0,0.14761110126728394,0.17313368286530392
SG_000116,0,0.15367893820291068,0.14942778188831105
SG_000117,0,0.20273615224955938,0.1540659828726611
SG_000119,0,0.16760617846217243,0.1675709808890032
SG_000121,0,0.3620705474771192,0.3083242968939412
SG_000122,1,0.18737863520799147,0.19306139325471916
SG_000123,0,0.13872468898473814,0.11279953686146191
SG_000124,1,0.20160515913982024,0.17352479883846397
SG_000126,0,0.11040435324650838,0.1196402501358241
SG_000127,0,0.10137487995916943,0.11166890039939645
SG_000128,0,0.20886337479453543,0.20298822618650622
SG_000130,0,0.16409739338704343,0.18399438679709898
SG_000131,1,0.16680240468560706,0.13140576090953646
SG_000132,0,0.17035573550627792,0.1791790691997088
SG_000133,0,0.24747991818299106,0.22297828255714353
SG_000134,0,0.15640412793541572,0.15916059434206828
SG_000135,0,0.2154752571762801,0.226784801110835
SG_000136,0,0.15955676895293602,0.1479330311604129
SG_000138,0,0.26883145026810523,0.1928967985810734
SG_000139,1,0.20882210053324152,0.1768146532904913
SG_000140,0,0.17083336349495937,0.1686757203325122
SG_000141,0,0.28701308315570156,0.2875710313899948
SG_000142,0,0.12423727468762474,0.1387732336642504
SG_000143,0,0.18787409635891497,0.22039281139849667
SG_000144,0,0.12417388000311377,0.12731467933695403
SG_000145,0,0.14809960824048207,0.11283160778033721
SG_000148,1,0.10550295480198224,0.12439363280956704
SG_000150,0,0.2703864701971463,0.2488441989683092
SG_000151,0,0.13947312098768103,0.0972375287817942
SG_000152,1,0.18601002535354733,0.19102414590663083
SG_000154,1,0.12070819909840047,0.1395720160449217
SG_000155,0,0.17460735171514333,0.1817972884564319
SG_000156,1,0.17647063137241853,0.10690339259323238
SG_000157,1,0.204139950653935,0.21789604141156962
SG_000158,1,0.16452215086497757,0.13119521968162381
SG_000159,0,0.24454467575205646,0.23667494086215915
SG_000160,0,0.1651720480388567,0.17015863041484916
SG_000162,1,0.13653932877024477,0.17190100751393697
SG_000164,0,0.1212802024871931,0.10661090784231149
SG_000166,0,0.16785550301730712,0.13370512976185192
SG_000167,0,0.1896445294465939,0.18186057232157157
SG_000168,0,0.10578775747824747,0.12461465745418471
SG_000169,0,0.2814109724810487,0.31763455883630354
SG_000170,0,0.1786589390539257,0.1449175130599463
SG_000171,0,0.13654298439778412,0.1312666149107414
SG_000172,1,0.17070683062649775,0.13490675387297577
SG_000174,0,0.14542686373743527,0.18190144074760486
SG_000175,0,0.1819517110520841,0.1930777484050441
SG_000176,0,0.09253261364919341,0.08274004874904506
SG_000177,0,0.10978195098545006,0.10763640646924784
SG_000180,1,0.16698904802833145,0.17816858207847996
SG_000181,1,0.18857089364872345,0.15724288142737872
SG_000182,1,0.19153098069420474,0.25771869973176836
SG_000183,0,0.1739360261326492,0.13081907550943214
SG_000184,0,0.16740454648317152,0.15590628836542997
SG_000185,0,0.20659852544458954,0.23188643216850352
SG_000186,1,0.10756613984873788,0.09615206470132423
SG_000188,0,0.17270593503463125,0.23025432000031598
SG_000189,0,0.16777463670872086,0.21323205300395348
SG_000190,0,0.14142847463472707,0.15596089474108493
SG_000191,0,0.16365287935265324,0.185616225537844
SG_000194,0,0.13302708295721546,0.13126001134001256
SG_000197,0,0.11343675779412542,0.11053466351881877
SG_000198,0,0.17637397616592068,0.13317305317307518
SG_000199,1,0.1663148051684006,0.15075698675391708
SG_000200,0,0.197930964853612,0.19622117561566618
SG_000202,0,0.18251026582442434,0.14609090749169784
SG_000204,1,0.19819718526240157,0.18074972617408497
SG_000206,0,0.17717287691426845,0.27267697256547013
SG_000208,0,0.14817260295602722,0.15861032897545668
SG_000209,0,0.17722468072312042,0.22728489926936615
SG_000210,0,0.17435143634197184,0.20759761261639303
SG_000212,0,0.2765417592014785,0.20261653833631266
SG_000213,0,0.158573354367778,0.1840481194348542
SG_000215,0,0.11453658440453876,0.1374806313584285
SG_000216,0,0.09373305786669185,0.0752362719660524
SG_000220,0,0.08933711189176208,0.0827435377271051
SG_000221,0,0.12974302461719872,0.13363357835054268
SG_000222,0,0.12656442591775463,0.12988845628230236
SG_000223,1,0.17160758580067687,0.15285961174491536
SG_000224,1,0.18707445412818946,0.2464922481866644
SG_000225,1,0.26629691068634787,0.2227626303334892
SG_000226,0,0.13935596232019376,0.1574102184546071
SG_000228,0,0.2886302385571647,0.24987474321432035
SG_000230,1,0.24489157737858044,0.18427371163000422
SG_000231,0,0.1410190448897616,0.1431213529138141
SG_000233,0,0.11648509024030891,0.07096358612940912
SG_000234,0,0.15011065395095857,0.12418518899715415
SG_000235,0,0.20667786921177375,0.19330167969248122
SG_000236,0,0.13791588947248196,0.07373216986287774
SG_000237,0,0.1028101050558947,0.0934286647386519
SG_000238,0,0.24320686186463614,0.22720364580063646
SG_000239,0,0.09772909451590957,0.08094054560274583
SG_000241,0,0.16609303269194786,0.15768474404891783
SG_000243,1,0.19949764573982534,0.1589978400359096
SG_000245,0,0.1813615732145333,0.19575050089599536
SG_000247,0,0.159349694491166,0.16968873140691215
SG_000248,0,0.18072193367022063,0.21113932498842192
SG_000249,0,0.2682743093482682,0.2039251998643111
SG_000251,0,0.1792427415792845,0.16180922421995067
SG_000252,0,0.14953024112002178,0.1496325240855693
SG_000254,0,0.17871344244524767,0.19516004053534924
SG_000255,0,0.15532773284225926,0.1391514348779537
SG_000256,1,0.2816422319669626,0.23215512501487912
SG_000257,0,0.18420830735446198,0.24855727259634164
SG_000258,0,0.14352543612778285,0.16925167415905915
SG_000259,1,0.10612243541380169,0.08743753933147208
SG_000260,0,0.17653434000394183,0.27128214654228466
SG_000261,0,0.20984578610386065,0.23507158575825932
SG_000263,1,0.17902992622571184,0.1612762319212207
SG_000264,0,0.1094326535736576,0.13101746401801034
SG_000265,0,0.1503564788478962,0.12205588150159347
SG_000266,0,0.16259368780289757,0.15843883088719202
SG_000267,0,0.15411811653391894,0.17090643170248923
SG_000268,0,0.22324657989408409,0.19740684662061192
SG_000272,0,0.10600032066227476,0.10618280788337887
SG_000273,0,0.11510499062071305,0.11346861544728881
SG_000274,0,0.12798592064955377,0.09064446961733463
SG_000275,1,0.1762133797832188,0.21327031263053972
SG_000276,0,0.19645668631312221,0.23503026766810953
SG_000277,0,0.16123141876827293,0.17191655116933427
SG_000278,0,0.10519777128524714,0.09299370945740648
SG_000279,0,0.16390843219390655,0.09775209097994417
SG_000280,0,0.1429745171350135,0.17420362730680236
SG_000281,0,0.18596492506287354,0.18198033087163837
SG_000282,0,0.15339272231469847,0.15346997396922518
SG_000283,1,0.1784603391222082,0.20795593312853589
SG_000285,0,0.2337287916289886,0.20419238428139164
SG_000288,0,0.17217607450317748,0.1255642806085911
SG_000289,0,0.1911045974570451,0.18507938307276112
SG_000292,0,0.2565713595397221,0.26621436710894025
SG_000293,0,0.1567390760229372,0.15378817513226115
SG_000294,0,0.10692421195379785,0.07114507103186986
SG_000295,0,0.18343239558420463,0.17894124808143766
SG_000296,0,0.2976846851212408,0.23761784403681843
SG_000297,0,0.1501066460908993,0.16118342732549393
SG_000298,0,0.1634588512408647,0.15057257536585983
SG_000299,0,0.27182148690795815,0.26832281124195057
SG_000300,1,0.16689678446435952,0.18000487735127338
SG_000303,0,0.2302144177583933,0.2970621505232483
SG_000305,0,0.34742304323930034,0.26498715329194444
SG_000307,0,0.24688745268042736,0.21086597443309205
SG_000308,0,0.18639857629513895,0.25380410197560443
SG_000310,1,0.19813731551552133,0.19395743995420067
SG_000311,0,0.13655048466953554,0.13448106442332278
SG_000312,0,0.19452623515029768,0.14513519865271482
SG_000313,0,0.10632787574695297,0.138681674069963
SG_000315,0,0.18979818087658742,0.21465055481452053
SG_000316,0,0.17993936419909917,0.14993649638001172
SG_000317,0,0.16755678457509587,0.1262513478322932
SG_000318,0,0.10618269762812102,0.1063481902105133
SG_000322,1,0.11999270864196178,0.1345275091330207
SG_000323,1,0.15293006701573145,0.1761027954005125
SG_000324,0,0.18039980883128925,0.2066074741569327
SG_000326,1,0.1602223115856993,0.18082406221902186
SG_000327,0,0.1754351914372244,0.1474381238729662
SG_000330,0,0.15206882717639159,0.1770419678406484
SG_000331,0,0.18191376636560266,0.22279414353119853
SG_000332,0,0.1680163041773016,0.199712531940871
SG_000336,1,0.19831748863401583,0.22160788688622315
SG_000337,0,0.1153509279079917,0.12900404607367902
SG_000338,0,0.13947142155450187,0.0895390646773241
SG_000340,1,0.16756713493976644,0.13131454468715922
SG_000342,0,0.1994679010317812,0.20616081754897161
SG_000343,0,0.24456527158042202,0.19322872194283447
SG_000344,0,0.10711181883220237,0.11421064189660492
SG_000346,0,0.17484245840725304,0.15024700700984908
SG_000348,0,0.17016896987933242,0.20535821102461096
SG_000352,0,0.16892525277214027,0.1742568590767033
SG_000353,1,0.18550918349952353,0.22295640405672798
SG_000354,0,0.16106154278518697,0.12937542864851811
SG_000355,0,0.2208133664262946,0.20434816972080147
SG_000356,0,0.166970443293869,0.17880856889046673
SG_000358,0,0.1942421602095715,0.2007573641781804
SG_000359,0,0.1439099780438939,0.175786165944677
SG_000361,0,0.22175381291393856,0.2002889212582885
SG_000362,0,0.1565194080600853,0.14375218368567919
SG_000363,0,0.19184341564050722,0.21714813419838677
SG_000364,0,0.16632018333661724,0.17150328779830423
SG_000365,1,0.13526553057304624,0.10944840628344175
SG_000367,0,0.13395440043600632,0.11152041849114727
SG_000369,0,0.15032734741915924,0.17153521893192628
SG_000371,1,0.16798695145898054,0.1394445376836086
SG_000372,0,0.1320118653544227,0.09994691291200872
SG_000373,1,0.18284320731048925,0.15209492804830954
SG_000374,1,0.19673173903498237,0.20368162626795372
SG_000375,0,0.15750115719293334,0.14513287388847065
SG_000376,0,0.1482311179853952,0.14081300179550388
SG_000377,1,0.16635642473840284,0.15494935338330562
SG_000379,0,0.16169936785519617,0.13326696082486172
SG_000380,0,0.08748514866689197,0.062199161331734414
SG_000381,0,0.1837874178715567,0.1797732281308324
SG_000382,0,0.13663976060734467,0.11920512734500462
SG_000383,0,0.2500666066484899,0.20083886503895937
SG_000384,0,0.2255659398126846,0.23473898310474398
SG_000385,0,0.2524448420777519,0.2636380185538258
SG_000387,0,0.11456879075155804,0.10109693633133773
SG_000388,0,0.1206400325945584,0.14902854741378038
SG_000389,0,0.14452728707183865,0.10681035489498
SG_000390,0,0.13062782779957072,0.11270718431114665
SG_000391,0,0.16225802607003123,0.14595859571173722
SG_000392,0,0.18277454183375139,0.19123013809696154
SG_000393,0,0.15224240392895164,0.1557166946723065
SG_000396,0,0.14902646456377025,0.1912293813270669
SG_000399,1,0.09573399337386594,0.09525598733584825
SG_000400,0,0.1155697273435514,0.13126931574128722
SG_000403,0,0.22146705035569625,0.24916294720646168
SG_000404,0,0.2970888705123866,0.2413931847224319
SG_000405,1,0.1653008857428997,0.11958636477855919
SG_000406,0,0.16400554359544253,0.18019740459864464
SG_000407,0,0.13883916310398778,0.13270793987444737
SG_000408,1,0.16110035260602146,0.16756372455991683
SG_000409,0,0.1714625669847935,0.20635406141863807
SG_000410,0,0.20892249175771443,0.24587583486416614
SG_000411,1,0.16390843219390655,0.10951531224366719
SG_000412,0,0.11705720049302877,0.07660146866263522
SG_000413,0,0.14134330462529773,0.11576265051038048
SG_000416,0,0.19988342372169238,0.18591884208942588
SG_000417,0,0.15282327880737814,0.17568634796454102
SG_000418,0,0.1708483629687343,0.1771893015489167
SG_000421,1,0.16284867958520532,0.18347756510458935
SG_000423,0,0.17012924470074664,0.17610006083431187
SG_000424,0,0.21679669250811273,0.19363831230757056
SG_000426,0,0.16495476567615386,0.10550307739317306
SG_000427,0,0.16452215086497757,0.11035413944587327
SG_000428,0,0.24141972295154032,0.20672265615776828
SG_000429,0,0.126271347172692,0.18691623487244025
SG_000432,0,0.17090814970048054,0.18337975893155914
SG_000433,0,0.16595236607780295,0.12670302924585827
SG_000434,1,0.17958873490239485,0.26167709054584404
SG_000437,0,0.18028679063746267,0.23173823210066533
SG_000438,0,0.15171373737197366,0.15766553115894322
SG_000439,0,0.19210720077446936,0.1967445861486219
SG_000441,0,0.1316768523093605,0.12415240382706962
SG_000442,0,0.17241655228865957,0.18567405488397312
SG_000443,0,0.17115270269133445,0.16120494909090016
SG_000445,0,0.20361103328571425,0.20687972464112855
SG_000446,0,0.17556823222426607,0.12438397945088896
SG_000447,0,0.13681851154146812,0.11496109852399024
SG_000448,1,0.1665163722214118,0.12589940728473584
SG_000449,0,0.18551247893429687,0.2333926642157551
SG_000451,1,0.256784721158209,0.31776189407951866
SG_000453,0,0.14389402500628554,0.10616097206679374
SG_000455,0,0.16909084838994062,0.12272827220297129
SG_000456,1,0.25611673636864485,0.27537123577560313
SG_000457,0,0.1488593408637576,0.14705361871343461
SG_000458,1,0.16793526882818052,0.14472421957503617
SG_000459,0,0.22752387367466975,0.24985059123851872
SG_000461,0,0.10038293211571993,0.13504867797612616
SG_000463,0,0.13811191173033793,0.20051641937791728
SG_000464,0,0.1746736475397552,0.18323109315308048
SG_000465,0,0.10876708878940057,0.08708052049384833
SG_000466,1,0.10825340041914282,0.11330473152102397
SG_000467,0,0.1701855108514441,0.20602239606909434
SG_000468,1,0.19300663570365123,0.16768461404522575
SG_000469,0,0.21582985663397317,0.23508804528960103
SG_000470,1,0.09813647982202538,0.0978811724616999
SG_000472,0,0.10334077355982038,0.08551752927388363
SG_000473,0,0.13099543223803628,0.12533104827454955
SG_000477,0,0.17423378230474967,0.17879484683918498
SG_000478,0,0.09306334447213187,0.09195935127969491
SG_000479,0,0.1285152127349637,0.12851353214251973
SG_000481,0,0.2287704840733213,0.2281059469067051
SG_000483,0,0.23920614482573835,0.1967792457717572
SG_000485,0,0.17822318071285825,0.18143125269183524
SG_000486,0,0.16732978236249083,0.17216729471838607
SG_000489,0,0.25360840049871236,0.24704829692015312
SG_000490,0,0.16124035419904206,0.16233942611009494
SG_000491,0,0.19185568099868514,0.19942020864701485
SG_000492,0,0.15676990684855305,0.1685973532033814
SG_000493,0,0.13345333249369828,0.10421458627082247
SG_000495,0,0.16259368780289757,0.12074509123628137
SG_000499,0,0.3279491711176503,0.2428727867140256
SG_000500,0,0.17065452861799216,0.18007259337902168
SG_000502,0,0.16786520530247992,0.1642488546765031
SG_000503,0,0.17348703084631728,0.14009764013937695
SG_000504,0,0.1932197690387668,0.2073581436047623
SG_000505,1,0.12514375091972324,0.17113627163022593
SG_000507,0,0.17465453387324686,0.16697492459842658
SG_000508,0,0.14505889736568175,0.1355608318084096
SG_000509,1,0.22522149953523093,0.16478613728526115
SG_000510,0,0.1347558065283523,0.1021311214077089
SG_000512,0,0.14120448894422674,0.148181708431295
SG_000514,0,0.20827198794377255,0.22457208443004395
SG_000515,1,0.22736334494550417,0.24402698991667662
SG_000516,0,0.1717633879138567,0.14109378278251594
SG_000517,0,0.1667960812053741,0.1509588740453598
SG_000518,0,0.16462601085614334,0.12760076859543287
SG_000519,0,0.143838015284577,0.14168011816588025
SG_000520,0,0.14057415638845175,0.14047414376116107
SG_000521,0,0.13072282807593144,0.1647141537364417
SG_000522,0,0.17402046621585568,0.15056054402711325
SG_000523,0,0.15279473043161282,0.20812468905852216
SG_000525,0,0.24227575457412168,0.19618839343445596
SG_000528,1,0.09417106993069074,0.11139293514563361
SG_000529,0,0.2966987878602182,0.29438441635748724
SG_000531,0,0.15807432022463627,0.16251658327968901
SG_000532,0,0.11921212838500196,0.13938183707298227
SG_000533,1,0.15316036216836126,0.17691055855327248
SG_000534,1,0.22003180162131108,0.16170641812833184
SG_000537,1,0.1825062384970101,0.21215831046782363
SG_000538,0,0.17155578090000342,0.2054753464693088
SG_000539,0,0.16697827190720324,0.1304203630682954
SG_000540,0,0.17485763301825807,0.17368874258779113
SG_000541,0,0.13864895542565545,0.16696154543105834
SG_000542,1,0.17220083586101947,0.14733357541004127
SG_000543,1,0.290789218467299,0.26693039994263196
SG_000544,0,0.1194197800386675,0.16090069858661746
SG_000545,0,0.2525287953848741,0.24618518266788625
SG_000546,0,0.1394591544281849,0.1614945163949437
SG_000547,1,0.14754009097702597,0.17267863565421093
SG_000548,0,0.12004479178463202,0.14068375720976417
SG_000549,0,0.21233968292907163,0.23427479409685784
SG_000550,0,0.13898545385677621,0.1379724265126572
SG_000552,0,0.14595491743891476,0.19272928820409035
SG_000553,0,0.1793154099859743,0.2327731565274255
SG_000554,0,0.14387112866265048,0.12125039797673413
SG_000555,0,0.19227612833826144,0.1438734765318892
SG_000556,0,0.2431845489492746,0.24437535996531073
SG_000557,0,0.18024634085679547,0.181112739692765
SG_000558,1,0.20007024903633733,0.21094185796710763
SG_000559,0,0.19310580128701804,0.18767289645893337
SG_000560,0,0.07700220357360724,0.07434476537222529
SG_000562,0,0.16329137919976155,0.14886558274987755
SG_000564,0,0.1648626901925972,0.08626138685891717
SG_000565,0,0.25869576703266556,0.19464649993436026
SG_000566,0,0.15811350499807386,0.1610017110578476
SG_000568,0,0.16435273123387917,0.11343751747895596
SG_000569,0,0.167067821680237,0.1565551869481394
SG_000570,0,0.12580736797097397,0.10395704251468424
SG_000571,0,0.14553488185653637,0.13733606586797412
SG_000573,1,0.1894444619101531,0.17245286627932907
SG_000574,0,0.15520182860389942,0.16603396580039745
SG_000575,0,0.13371008554258024,0.10449275926219267
SG_000576,0,0.19087450634245176,0.1641000036034167
SG_000577,0,0.1290971915239276,0.15394630695013087
SG_000578,0,0.13673288564345026,0.1473407514761798
SG_000579,0,0.16921908620494416,0.16904044440015412
SG_000581,0,0.17684127235544786,0.24101389054608366
SG_000582,0,0.1109343277538533,0.10359721834558445
SG_000584,0,0.19545937434943644,0.18045212435784574
SG_000586,0,0.17234613333443366,0.19587051675373932
SG_000587,0,0.202791255476999,0.2177462241823004
SG_000589,0,0.112666903062136,0.11611285040894907
SG_000590,0,0.17311686947594956,0.18222354416586717
SG_000592,1,0.19286377259748552,0.18001766891779733
SG_000595,0,0.14995689113634217,0.15444114875734402
SG_000596,0,0.16083188341083346,0.16296853848731108
SG_000597,0,0.1850808131173505,0.17850704582463045
SG_000599,0,0.17815547984250907,0.23896531756430167
SG_000600,0,0.19109951549627846,0.21514399695197242
SG_000601,0,0.16941844986495955,0.16088275711742606
SG_000602,0,0.16106154278518697,0.1329536080051965
SG_000604,0,0.16424083415993568,0.1598795756645093
SG_000605,0,0.17697297129446196,0.21634579644799046
SG_000606,0,0.16106154278518697,0.09346846618699604
SG_000607,0,0.20970320924390012,0.19944004434419643
SG_000608,0,0.3026717822614669,0.2274178401656373
SG_000609,1,0.16255143198261676,0.19526917910540217
SG_000611,0,0.13865007358413645,0.1364768748245869
SG_000612,0,0.16435273123387917,0.13183726491839518
SG_000613,0,0.2134778240797393,0.1713655136229133
SG_000618,0,0.14990579409193816,0.14003056490889398
SG_000620,0,0.16069185419868176,0.13583047086859515
SG_000622,0,0.16641890541618343,0.13847356805289707
SG_000623,0,0.098978340339728,0.08846940726242111
SG_000624,0,0.11288166938572158,0.13690831113962496
SG_000625,0,0.19766711603204823,0.1709377859597114
SG_000626,0,0.17453403597378278,0.19270122055459757
SG_000627,0,0.10880494815714747,0.1568916940605853
SG_000628,0,0.11788900380486866,0.14580661021288613
SG_000630,0,0.16421299007931053,0.20138450994549914
SG_000631,0,0.17923894315037459,0.2098360247883975
SG_000632,0,0.11006328397581712,0.13640113832348724
SG_000635,0,0.12500230314820482,0.1326797973628318
SG_000636,1,0.14112810383244057,0.1667177330101666
SG_000637,0,0.11017421184899844,0.10097411451240694
SG_000639,0,0.17840321734730732,0.15010688823202434
SG_000641,0,0.19601970704028646,0.22510127313330555
SG_000642,0,0.13486188277721584,0.13898677058439154
SG_000644,1,0.18572778246748334,0.22102565327334303
SG_000645,0,0.15357311896932632,0.16930267977920152
SG_000647,0,0.09889750823196673,0.12507345635167713
SG_000649,0,0.1156869137888466,0.10760864050236059
SG_000650,0,0.1871877862788764,0.15047550448234215
SG_000651,0,0.24306338779607087,0.23806989080904645
SG_000652,0,0.18347894756366942,0.18905174320374463
SG_000653,0,0.25418810775713724,0.22784716459814278
SG_000654,0,0.15526026820807104,0.12485533045179543
SG_000655,0,0.15604071539084197,0.18517246180155045
SG_000656,0,0.10410652862665848,0.13665592024119994
SG_000658,0,0.16455928688054192,0.1095594425190719
SG_000659,0,0.17668061101966975,0.19644915634235674
SG_000660,0,0.13286042113026864,0.14361325321657342
SG_000661,0,0.18369327438954136,0.22650968087281295
SG_000663,1,0.1765999731501438,0.2555960481602515
SG_000664,1,0.16995401442195834,0.16420000318405836
SG_000667,1,0.18973955265844517,0.18799975515543582
SG_000668,0,0.2765511301138166,0.20696607458949345
SG_000669,0,0.17236475279421506,0.15988116228842242
SG_000670,0,0.10184164251897758,0.08259814833080588
SG_000671,0,0.1999195684074243,0.1713929279499466
SG_000673,1,0.14533731964245117,0.16509077625053648
SG_000675,1,0.18614169136747646,0.22234363863335807
SG_000676,0,0.2111550123924016,0.22094058182318949
SG_000680,0,0.12196268713864215,0.14143114339944274
SG_000681,1,0.17215212993957035,0.1775733474239196
SG_000682,0,0.15071218248269966,0.1361636816445136
SG_000683,0,0.17419852200236924,0.19534426731876392
SG_000684,0,0.17836290828581333,0.18649759723961853
SG_000685,0,0.2646793636536873,0.2800727671981535
SG_000686,0,0.22660846390313594,0.18822032453636672
SG_000687,0,0.15218096380654692,0.16467388982055225
SG_000688,0,0.19490339575330534,0.1790500736103707
SG_000689,0,0.19209038356780436,0.1714569629030468
SG_000690,0,0.14488465258104954,0.16555178259742834
SG_000694,0,0.2640422043336084,0.19991323651234288
SG_000697,1,0.17137959869749558,0.1918403353990281
SG_000699,1,0.18185878036831385,0.23354851351280353
SG_000700,0,0.16106154278518697,0.12508897059260965
SG_000701,0,0.11525069434331679,0.11808364464245813
SG_000702,0,0.14806358816904108,0.1377644744375691
SG_000703,0,0.08992524326456251,0.09862210533513148
SG_000704,0,0.09279244678664259,0.0879743287564493
SG_000705,0,0.1428560587424064,0.11645513792939483
SG_000707,0,0.12162735575400067,0.11778286734490803
SG_000708,0,0.12338888292511169,0.13062514946913237
SG_000710,0,0.11742788150497978,0.12251392725819635
SG_000711,0,0.16259368780289757,0.08996583159772308
SG_000712,0,0.18058910145335924,0.18667412950620063
SG_000714,0,0.09538991063620306,0.07890103686078939
SG_000715,0,0.17508965726102524,0.18892594367074325
SG_000718,0,0.1150426294288173,0.12415671905566465
SG_000720,0,0.18437780185316902,0.22901005486390186
SG_000721,0,0.16898865256660603,0.10238787887621432
SG_000723,0,0.12116153624541688,0.12538137340212907
SG_000724,0,0.1544543326785654,0.15853533051844815
SG_000725,0,0.14631271070321744,0.15422588751835112
SG_000726,0,0.21605267635948647,0.20469018311328638
SG_000728,0,0.1448813759443988,0.13549188277026208
SG_000729,0,0.13033981568404082,0.15850662570033505
SG_000730,0,0.19509209732667263,0.1716466249112134
SG_000731,1,0.17977865099142756,0.24096837454454176
SG_000732,0,0.2198981225053924,0.2169460344393712
SG_000733,1,0.24955041109503853,0.19627292258760948
SG_000735,1,0.17044695385779435,0.15279927807187552
SG_000736,0,0.13867776020315029,0.10953212338211807
SG_000738,0,0.09279022924159831,0.09587604554406091
SG_000740,0,0.27921219162500927,0.19065599706413563
SG_000741,0,0.3255156294497276,0.21454106757015778
SG_000744,0,0.12469131228536268,0.1606532090053311
SG_000745,0,0.14296153361572034,0.15254427221250585
SG_000746,0,0.17923016165213482,0.14802600895365828
SG_000747,1,0.19338715037246926,0.23112443615935563
SG_000748,0,0.16288760999953095,0.16995076476437684
SG_000749,1,0.11536531913441804,0.10002293695294225
SG_000752,0,0.207065761456015,0.21740414942564515
SG_000753,0,0.1804003130214421,0.31484408467762
SG_000754,0,0.177982033855012,0.22092962918176615
SG_000755,0,0.12846815269709172,0.1439189033182252
SG_000756,0,0.15232321906016233,0.15896993595254738
SG_000757,0,0.14428510505996317,0.14920124797383935
SG_000758,0,0.14460487967958832,0.1497815196581163
SG_000760,0,0.18382106761610256,0.22032765778252986
SG_000761,0,0.20984109627953432,0.23976719060520202
SG_000763,0,0.17651176807660943,0.18791052073500436
SG_000765,0,0.08990009614053056,0.07883433194444822
SG_000766,0,0.10812846405178378,0.12635585315197426
SG_000767,0,0.16662728305059374,0.16173546496659458
SG_000771,0,0.16792926578556677,0.1395870272783428
SG_000772,0,0.14356776282518394,0.143440118271404
SG_000773,0,0.17825368868960578,0.18123009567219903
SG_000774,0,0.09771704515768453,0.10872175264474176
SG_000775,0,0.19100380971793288,0.16602692334219854
SG_000776,0,0.1436418936039395,0.1770442378776536
SG_000777,0,0.1655037789411001,0.1424260861755774
SG_000778,0,0.16742489907202704,0.21122365769192702
SG_000779,0,0.09899583265179933,0.11481016943119754
SG_000780,0,0.2932173579345371,0.2539166698244875
SG_000781,0,0.12466456978794435,0.11727619369861378
SG_000782,1,0.1759352800968502,0.20557050430586984
SG_000783,0,0.16106154278518697,0.0867651067215719
SG_000784,0,0.10394780511970249,0.11232791222975683
SG_000785,0,0.16287930687439295,0.1518122537299208
SG_000786,0,0.14250112657359146,0.12039649691580073
SG_000787,0,0.1538857305169721,0.1728619891777444
SG_000789,0,0.17062838856484275,0.16094273846880788
SG_000791,0,0.11129853704590931,0.12691290253044663
SG_000792,0,0.13999833524705207,0.1262193315625859
SG_000793,0,0.16580742824615308,0.18990718239548446
SG_000794,1,0.24844685152261264,0.2680732129523079
SG_000795,0,0.14623394296974335,0.1311163424085634
SG_000796,0,0.16083630152044093,0.1842296732311013
SG_000800,0,0.15953391741639686,0.2077840199002605
SG_000801,0,0.2138776346983547,0.192585791134167
SG_000804,0,0.17335509187313064,0.15628736340810775
SG_000805,0,0.17781357699580091,0.23629082334394863
SG_000806,0,0.14643567628387558,0.1261002514197482
SG_000807,0,0.19753052273137084,0.2030802253259139
SG_000808,1,0.17567409065970704,0.21558174749914072
SG_000810,0,0.11071714655025787,0.12002346262939935
SG_000813,0,0.06440466270105011,0.07792881945423888
SG_000814,0,0.10633977115717445,0.13003097149573614
SG_000815,0,0.16259368780289757,0.10450687143247211
SG_000818,0,0.25843820792954025,0.2515092086622323
SG_000819,0,0.13345333249369828,0.11000840194762249
SG_000822,0,0.18144242197687144,0.24109792563293175
SG_000823,0,0.11040729785996482,0.10971390457827018
SG_000824,0,0.15935612076754788,0.18527652915953488
SG_000825,0,0.17452931739475547,0.17958711104410696
SG_000827,0,0.1732078889548291,0.18307443632073642
SG_000828,0,0.17202420840139623,0.1686438505499624
SG_000829,0,0.09428370522287911,0.07706363087570499
SG_000830,1,0.27046187096732976,0.22411934517943283
SG_000831,1,0.13740117076787517,0.13692460984906027
SG_000832,1,0.2704448876048803,0.21300747808086334
SG_000833,0,0.16049862161865838,0.17619430621117457
SG_000834,0,0.1448298172533114,0.14026333885530373
SG_000835,0,0.17975182828580427,0.2180223892172559
SG_000836,0,0.16619103647942213,0.15943642131146707
SG_000837,1,0.26255444431873265,0.24610493947329498
SG_000838,0,0.21011356441267268,0.19957422355610893
SG_000839,0,0.17946809657624685,0.32880372087316007
SG_000841,0,0.10714389904678094,0.1486947134539001
SG_000842,0,0.1747967541492129,0.14977126759698517
SG_000843,0,0.17413164685464907,0.17366369486379954
SG_000844,0,0.19224761378293323,0.1763604758147678
SG_000845,0,0.16253974412174887,0.170647435844413
SG_000846,0,0.18848112412407442,0.2054639904230454
SG_000847,1,0.1524652704310325,0.1436709704973673
SG_000848,0,0.10879565262216614,0.10512533151697989
SG_000850,0,0.1376163636559753,0.17963782159551878
SG_000852,0,0.16905811533531107,0.1457838130841344
SG_000853,0,0.10445528720410609,0.14045634801443427
SG_000854,0,0.16608961210297954,0.2128957356279874
SG_000855,0,0.16106154278518697,0.08283188354446366
SG_000858,0,0.09957882563856887,0.12743163170868468
SG_000859,0,0.1238604264182005,0.1508666986457785
SG_000860,0,0.1545236118303127,0.12311030117359051
SG_000861,0,0.15498725711328,0.19032502361186615
SG_000862,0,0.11995336647886598,0.12788548773528735
SG_000863,0,0.25881203331357855,0.22513271774427657
SG_000866,0,0.18960237719425763,0.23892138286144987
SG_000867,0,0.1855142279406693,0.23587758141192872
SG_000868,0,0.16837308675049925,0.09995319044657582
SG_000869,1,0.1049323843685009,0.13593601793056995
SG_000870,0,0.17523947752083752,0.17966741129403757
SG_000871,0,0.21497497373399366,0.230937153493199
SG_000872,0,0.09143800613663502,0.05872835903222202
SG_000873,1,0.20410836407395194,0.265276499545548
SG_000874,0,0.17567930913119578,0.17260232651411564
SG_000876,0,0.10566139631670146,0.13894241256587836
SG_000877,0,0.1872391065795455,0.1882477315107909
SG_000878,0,0.08361543906778135,0.1167822837696421
SG_000879,0,0.16571794483670957,0.15326176058006108
SG_000880,0,0.18773287744190012,0.17171101429494268
SG_000881,0,0.17254360082263842,0.17908100002400543
SG_000882,1,0.17762939877004288,0.14908396089262368
SG_000884,0,0.13305425685157252,0.13771640823836484
SG_000885,1,0.23490713272945277,0.21144637145553363
SG_000886,0,0.08363313359233772,0.08832805721812345
SG_000887,0,0.17955892067895868,0.17711438895036247
SG_000892,0,0.23781588486715888,0.20988189133036758
SG_000893,0,0.09621053045022711,0.10300049596343204
SG_000894,0,0.11514423225833618,0.1025790253236421
SG_000895,0,0.13699624418518339,0.12859752985695275
SG_000896,0,0.16642225995402923,0.16262008744429277
SG_000897,0,0.1581964932861388,0.16207985355150178
SG_000898,0,0.14148970542612968,0.14251923019112808
SG_000899,1,0.14741670257016723,0.13116022426042426
SG_000900,1,0.205129345095558,0.1925977913254977
SG_000901,0,0.13250421250345087,0.13559747531573849
SG_000902,0,0.18407175811070747,0.13907559212790035
SG_000904,0,0.13352602364256044,0.08484047356747705
SG_000905,0,0.1798218928055994,0.2120950681434282
SG_000906,0,0.17522613219604274,0.19668702831857204
SG_000908,1,0.2175016940238956,0.1928497622734567
SG_000914,0,0.12960761149479663,0.11890859449493876
SG_000915,0,0.17000890916282632,0.1345303624285423
SG_000916,1,0.3381743020227128,0.24850995454834482
SG_000918,0,0.1107895398093881,0.09150042908011079
SG_000919,0,0.20145943861664634,0.21817995536093812
SG_000921,0,0.22119735417617423,0.21453340937533194
SG_000922,0,0.1778889042738799,0.1865824226523377
SG_000923,0,0.09547429270702171,0.08974690704939811
SG_000924,0,0.11485600777821957,0.11892296900818067
SG_000925,0,0.14628842084606833,0.1572425781866605
SG_000926,0,0.1660451158300165,0.14638931051308274
SG_000927,0,0.15261803574955018,0.20258586905844908
SG_000929,0,0.18748200272511245,0.21961055866783497
SG_000930,0,0.37891181067268814,0.2852130086866989
SG_000931,0,0.2059536422401381,0.2002235553638324
SG_000932,0,0.28798678193202404,0.26632215868124404
SG_000933,0,0.2287085608332809,0.1341223897548612
SG_000936,0,0.144596108297919,0.14746850450550056
SG_000937,0,0.13102072170778753,0.14329910793949607
SG_000939,0,0.1484126992148997,0.13603164943554844
SG_000941,0,0.14213355133426325,0.11200849296632757
SG_000942,0,0.21741141345458506,0.21436670956051823
SG_000944,0,0.17381231834791944,0.19475686079230262
SG_000947,1,0.15458640641191423,0.1800250529382709
SG_000949,0,0.09205654397435958,0.0908639980258544
SG_000951,0,0.0605127393955992,0.07704515450621105
SG_000952,1,0.16985812179954438,0.16302173031212228
SG_000953,0,0.16679097144958524,0.1379664930345993
SG_000955,0,0.17152428933195954,0.18777164981078875
SG_000956,0,0.16050494474550359,0.13206850105930565
SG_000957,0,0.21665732032623153,0.24163325163607513
SG_000958,0,0.15369291434740442,0.18370961520740042
SG_000960,0,0.16259368780289757,0.08630191054626844
SG_000961,0,0.14561844068245272,0.15559239234199498
SG_000962,1,0.20322091811114357,0.2216505491430966
SG_000964,0,0.12466213176847643,0.14845348519576027
SG_000966,0,0.1416676526776161,0.14733133436781107
SG_000967,0,0.16901917344551756,0.15533959590297622
SG_000969,0,0.25544579622775465,0.21234060313947684
SG_000971,0,0.16447787770275862,0.11423067318329218
SG_000972,0,0.1792721692320482,0.1665594078657798
SG_000974,0,0.13623300023213503,0.15238453808785657
SG_000976,1,0.18507611011318312,0.19855499371836924
SG_000978,0,0.11557716380397978,0.15994418000582492
SG_000979,0,0.22172375150234003,0.23200894685824194
SG_000982,0,0.2498219786480413,0.23049279149874172
SG_000983,0,0.10242452140127917,0.10487854637021235
SG_000984,0,0.16301678962654254,0.11161495549652926
SG_000986,0,0.11078152952931757,0.15461160651720282
SG_000989,0,0.21212288707835353,0.20962704229296394
SG_000992,0,0.09159665555020091,0.12966704373586269
SG_000993,0,0.16980632029128576,0.2380231402272616
SG_000994,0,0.40430026946859293,0.25603045679027936
SG_000995,0,0.17005814200878996,0.1299711977568922
SG_000996,0,0.13623549485479214,0.0882752933781098
SG_000997,0,0.18307587739440462,0.17956381864755042
SG_000998,0,0.24936234337942959,0.21874555755361944
SG_000999,0,0.20145645745211335,0.22771326337087003
SG_001000,0,0.1294788798262608,0.1464180584418901
SG_001001,1,0.19347277858683612,0.20728481972881208
SG_001003,0,0.1505028049801456,0.17267710848257453
SG_001005,0,0.22384729218698998,0.2079608510491187
SG_001006,0,0.15843344461350484,0.09880806027729762
SG_001007,1,0.09860261086396074,0.11234058481311669
SG_001008,0,0.10488341257910393,0.10796020188525032
SG_001011,0,0.17025069805214926,0.1896080458880653
SG_001012,1,0.15477685097855065,0.16542296564617745
SG_001013,0,0.19101035540050404,0.1626118049996574
SG_001015,1,0.20657226131196416,0.20492202982452798
SG_001016,0,0.18526471195362088,0.23561771126201245
SG_001017,0,0.3041470716656077,0.27274701703893456
SG_001018,0,0.23682686234371172,0.2338561364864062
SG_001019,0,0.10735038525367098,0.08071302038693198
SG_001020,0,0.19820910916802165,0.19908119352906828
SG_001021,0,0.16895144899399459,0.13625273128458898
SG_001022,0,0.19216841982176192,0.2532333550614944
SG_001024,0,0.1961368934555614,0.19157121352664194
SG_001025,0,0.17126906838455877,0.19711353213638738
SG_001026,0,0.28307965059463763,0.23971542063487017
SG_001029,0,0.11520157089121565,0.12345590170961247
SG_001033,0,0.14495516257037014,0.13908957562044313
SG_001034,0,0.25066978747340096,0.19242423754293392
SG_001035,1,0.17887508562760443,0.1445644027113512
SG_001036,0,0.2141676927287079,0.20734510035566062
SG_001037,0,0.18670999749263995,0.20123643463512925
SG_001038,1,0.18434489868863688,0.19863543213880847
SG_001039,0,0.16000849019310692,0.1172237300818129
SG_001040,0,0.18865663022842977,0.1526780871765497
SG_001041,1,0.2865721562204589,0.25529629852205443
SG_001043,1,0.1469529804111036,0.12052557400257136
SG_001044,0,0.14778512180332135,0.16376091574500487
SG_001045,0,0.16106154278518697,0.10212189658022869
SG_001046,0,0.14814579652048934,0.14595574337638645
SG_001047,1,0.22533038132642372,0.18257960678548119
SG_001050,0,0.16259368780289757,0.12265121211866477
SG_001051,0,0.19586256948437067,0.18669522282320522
SG_001053,0,0.09709033569278294,0.1206863504593738
SG_001054,0,0.15211217908992375,0.20105416155086867
SG_001055,0,0.16106154278518697,0.10613111552057726
SG_001056,0,0.14992218211010272,0.15112385629510638
SG_001057,0,0.19330812140833806,0.28767054497968697
SG_001059,0,0.12178417555643195,0.12089877457343322
SG_001061,0,0.1965954543705463,0.2162332128672901
SG_001062,0,0.08337423896430499,0.09261114734784923
SG_001063,0,0.25045652366924126,0.19420587712706927
SG_001064,0,0.18068507804132197,0.19712236986132736
SG_001065,0,0.16897090320615832,0.15862531011229714
SG_001068,0,0.23430339649365892,0.19502842316011168
SG_001069,0,0.134853780643354,0.12525701854028698
SG_001072,0,0.13580936716701508,0.1854373594673984
SG_001073,1,0.17377689000378752,0.17298731957536506
SG_001074,0,0.20771880320553143,0.20504584821270266
SG_001077,0,0.19468731264807668,0.18492521838899867
SG_001079,0,0.1809716221487123,0.20637320404630988
SG_001080,0,0.18935716450240475,0.18329342974073368
SG_001082,0,0.1429504017599898,0.13074445089141312
SG_001083,0,0.4684561161962718,0.30265148695682814
SG_001084,1,0.18702379858073645,0.1697784071515976
SG_001087,0,0.16445058480903302,0.1686498455935462
SG_001088,0,0.08159987921026746,0.12416099240759852
SG_001089,0,0.17428276088047243,0.2190915821176708
SG_001090,0,0.11586215969235042,0.14397217652230845
SG_001091,1,0.14748966842450634,0.18719814230361034
SG_001092,0,0.14525827489316068,0.18300393712701546
SG_001093,1,0.16070357650932907,0.17259406899691226
SG_001094,0,0.2085183311062561,0.16867135160970304
SG_001095,0,0.16259368780289757,0.1170179052860994
SG_001096,0,0.1803025739532929,0.18005142757112508
SG_001097,0,0.13999833524705207,0.14406568312405346
SG_001098,1,0.22546972296619447,0.2556305020366558
SG_001099,0,0.1530279126685337,0.15651093287578763
SG_001103,0,0.11038397808533132,0.10792788084442845
SG_001104,0,0.16435273123387917,0.12330957213743403
SG_001105,0,0.16590462176609871,0.1355886847456081
SG_001110,0,0.142639090857073,0.12271028646958855
SG_001112,0,0.12931964967628887,0.13120558778488223
SG_001113,0,0.1767854308610972,0.18730121038429742
SG_001114,1,0.2112389476884597,0.2133142103529355
SG_001115,0,0.15057512839962922,0.16537910186798166
SG_001116,0,0.13748791047233544,0.07790413386711063
SG_001118,1,0.12994123840202149,0.12073521373883858
SG_001119,0,0.13747233328664887,0.15766636767092
SG_001120,0,0.17435038042363996,0.17965271971148425
SG_001122,1,0.1585294668900717,0.1359328622042134
SG_001124,0,0.16056981611675408,0.17912449314099185
SG_001127,0,0.21337177726475615,0.2129056255191104
SG_001129,0,0.1462248619956832,0.17850346414699605
SG_001130,0,0.16106154278518697,0.11202635441928672
SG_001131,0,0.2966220705517761,0.2164920732959934
SG_001132,0,0.22101797725574784,0.20949376047965182
SG_001134,0,0.15740840458161393,0.16020485119798453
SG_001136,0,0.15524347962821483,0.14348385731819224
SG_001137,0,0.11045576837376948,0.11020139795567285
SG_001138,0,0.2736582789265083,0.2187633631139321
SG_001139,1,0.1723454070497014,0.15108388128092837
SG_001140,0,0.10844775801278411,0.10664470514464552
SG_001141,0,0.18462390721519828,0.23877447205611532
SG_001142,0,0.24302366431559086,0.22243349609779534
SG_001144,0,0.16865493834836937,0.2096352150407631
SG_001145,0,0.13363730964538115,0.1197487379132109
SG_001146,0,0.18223898105614175,0.16270702029549008
SG_001147,0,0.12614882659537419,0.11892570454705069
SG_001148,0,0.11909689421035992,0.1128857289961875
SG_001149,1,0.2994607368984852,0.3183805306395858
SG_001150,0,0.11686564289513288,0.10361450559530437
SG_001151,0,0.24720526170384424,0.24167816486224072
SG_001152,0,0.14854069932095146,0.13354632144698714
SG_001154,1,0.10851365666675582,0.08540874379034365
SG_001156,0,0.16108723840926437,0.23250823743502294
SG_001158,1,0.14703122259450213,0.1567560497794735
SG_001160,0,0.12292291114819827,0.1255587282811105
SG_001162,0,0.17548897974062125,0.15340829453065005
SG_001164,0,0.18621808186672975,0.17330121402346582
SG_001165,0,0.11879919820550379,0.13084793159848923
SG_001166,0,0.16199379816602177,0.17161687676721926
SG_001168,0,0.1735948423808944,0.16423001767892628
SG_001169,0,0.16603121168783405,0.15532469195000634
SG_001170,0,0.11860951605004186,0.11162356109986256
SG_001171,0,0.21733482564586698,0.27060202719043536
SG_001172,0,0.18340433001559162,0.20501761803777382
SG_001173,0,0.1787181496172805,0.25198841948612594
SG_001174,1,0.17117399934209304,0.14368474801212786
SG_001175,0,0.11793716773589423,0.1279060914431147
SG_001176,0,0.16721404725500702,0.1803939728268031
SG_001177,1,0.1516588854612556,0.17498008532485576
SG_001178,0,0.13700460848084076,0.14200504464498462
SG_001179,0,0.14815324775983565,0.13537578323002852
SG_001183,0,0.17111721253280798,0.16917587903022846
SG_001185,1,0.17907792205075543,0.22538252840736833
SG_001186,0,0.24386931672631026,0.23337241716605908
SG_001187,0,0.15306575937962907,0.13943193447049193
SG_001189,0,0.11550471525966716,0.1139661705638256
SG_001191,1,0.16769499708928917,0.13545429788351637
SG_001193,0,0.23112260535466048,0.24428513844625602
SG_001194,0,0.278977993947473,0.22877432703342135
SG_001195,0,0.16662240703344,0.10522837360634507
SG_001197,0,0.19617404611010067,0.20077229434255922
SG_001198,0,0.20395538781749875,0.1923007154964756
SG_001199,1,0.25130590268023273,0.23783675876332522
SG_001200,1,0.2393728227520451,0.3026462148173823
SG_001204,1,0.15864964813131766,0.13878938908227328
SG_001206,1,0.204150691086701,0.15439961939569372
SG_001207,0,0.24612518923178797,0.22133769816140061
SG_001209,0,0.14602797716750962,0.18402321975409394
SG_001212,0,0.12935488847782234,0.15191475359884088
SG_001214,1,0.14510690015212438,0.1288100400644922
SG_001216,0,0.228502853916547,0.21903565092477723
SG_001218,0,0.11074304414567462,0.14673713181230574
SG_001219,0,0.16638084364531952,0.14889284155883273
SG_001220,1,0.19821909980672736,0.18905146918109988
SG_001221,0,0.10327952102516695,0.10975097561783137
SG_001222,1,0.39683756931921677,0.34928343881566926
SG_001223,0,0.16106154278518697,0.1112217112620483
SG_001224,0,0.28893161022794533,0.2681860620512358
SG_001227,0,0.3062631112369087,0.19315662988897156
SG_001228,0,0.14327182564159122,0.13133482546819733
SG_001231,0,0.14381156406565307,0.14253707716846803
SG_001232,0,0.13071625597533934,0.1292465840122452
SG_001233,1,0.17268510411152754,0.21816308232613665
SG_001234,0,0.16019367602352877,0.1125180441722868
SG_001235,1,0.16259368780289757,0.11410170431620228
SG_001238,0,0.20911238989080172,0.18092428897624976
SG_001239,0,0.17357388985876956,0.16145076911455306
SG_001240,0,0.08177802129092303,0.10928332864512831
SG_001241,0,0.16851626257155705,0.16137231236757174
SG_001242,0,0.3277648479403948,0.26756760906501964
SG_001244,0,0.16897433722399596,0.22306731894817539
SG_001246,0,0.15936631917879548,0.14255534782459647
SG_001247,0,0.14566666116527954,0.16108088180032937
SG_001249,0,0.21733649720786674,0.2052189476854479
SG_001250,0,0.11224606911462665,0.15225964636097267
SG_001251,0,0.1444841153565383,0.12725073580708396
SG_001253,1,0.17463887780482262,0.14526129929043877
SG_001254,0,0.17576348338646786,0.19948400911025252
SG_001256,0,0.1687567554100214,0.2030309090961758
SG_001258,1,0.17586245718472887,0.20214990825751206
SG_001259,0,0.1337262301964638,0.1411436304807339
SG_001260,0,0.17351753614201937,0.19862561088866348
SG_001261,0,0.10956977406375638,0.13289999885106116
SG_001263,0,0.1341122578241668,0.13613463297194645
SG_001265,0,0.2046698795145875,0.23104346823314859
SG_001266,1,0.25748011343409943,0.2799155665549726
SG_001268,0,0.21241246909693126,0.20427234317819046
SG_001269,0,0.17763406424937367,0.18834230414126146
SG_001270,0,0.165142437026238,0.15512572989957954
SG_001271,0,0.18848238731604933,0.1900926276533181
SG_001272,0,0.10930940016887279,0.08654655358993713
SG_001273,0,0.16960299826356634,0.1505921349290812
SG_001274,0,0.1489279453181532,0.22209124124019902
SG_001275,0,0.16259368780289757,0.08598615008953853
SG_001276,0,0.164472000115196,0.11625638897627376
SG_001277,0,0.24793907919011574,0.16229320103563477
SG_001278,0,0.1542987334712525,0.16391780541342443
SG_001280,0,0.11349139548165144,0.13213531255852098
SG_001281,0,0.13120257624583648,0.14338080616384863
SG_001282,0,0.12364048589635881,0.0740621372189659
SG_001283,1,0.15564065747592518,0.1753332422763068
SG_001284,0,0.17551979319529903,0.18820366938466757
SG_001286,0,0.22528247956877065,0.2043506857326572
SG_001288,0,0.12016333929974625,0.12372024659820322
SG_001289,0,0.16259368780289757,0.12167799562159809
SG_001290,0,0.25327710505797896,0.20688331521207015
SG_001291,0,0.14580112414804516,0.17432304876907564
SG_001292,0,0.14098072286181842,0.1796535283652737
SG_001294,0,0.2857219615910455,0.19796113517009656
SG_001295,1,0.2826477541114216,0.2725446161479675
SG_001297,0,0.19151860417369115,0.19585525362695588
SG_001299,0,0.18449708795117783,0.3232989652289388
SG_001300,0,0.12206852554361251,0.14553166361379624
SG_001301,0,0.1609276412639073,0.17577554282895116
SG_001302,1,0.1525551166793989,0.15116727166833202
SG_001304,0,0.3219201326002899,0.24497036626636917
SG_001307,1,0.1638611510824095,0.15209353182248092
SG_001308,0,0.16794641279894648,0.16702134184641934
SG_001310,0,0.45507919561884824,0.2813114070242964
SG_001311,1,0.10632820789335398,0.13523949622566592
SG_001315,0,0.2595177144970945,0.29561249920662463
SG_001317,0,0.15444050864285336,0.11789097900858406
SG_001320,1,0.2129963832773429,0.18448865957672672
SG_001323,0,0.16657232623408927,0.1475753514378012
SG_001324,0,0.16566449249084642,0.17091093700141927
SG_001325,0,0.14261646570048028,0.14347814782878118
SG_001326,0,0.11069184426012751,0.06437552194869718
SG_001328,0,0.14895743036680545,0.1964333999779148
SG_001329,0,0.11708848228660379,0.11128608207448455
SG_001330,0,0.15464718782617567,0.1901159526405178
SG_001332,0,0.14239418993607253,0.1427013965202994
SG_001333,1,0.16106154278518697,0.09530850114693873
SG_001334,0,0.12449604073094929,0.14602598471004144
SG_001337,0,0.07292605061631455,0.10030548310033632
SG_001338,0,0.18715062517107678,0.2653384890657284
SG_001339,0,0.24161857829661273,0.2376845537508148
SG_001340,0,0.1728876331815139,0.12553420698590556
SG_001341,1,0.1820489571569344,0.17776107674575706
SG_001342,0,0.2277002091973205,0.2630700849489971
SG_001343,0,0.1694860857343257,0.1571434224026969
SG_001344,1,0.1655016065621399,0.15186890628938096
SG_001345,1,0.23867787552447173,0.24611203086301284
SG_001346,0,0.16442706764751117,0.09144692434337623
SG_001347,0,0.16259368780289757,0.10691979105225277
SG_001348,0,0.1583311952609624,0.2094175640942912
SG_001351,0,0.11605390347118658,0.13711758640255733
SG_001353,1,0.14145697482489375,0.15577664656241239
SG_001355,0,0.10429726486307998,0.09528641047190223
SG_001356,0,0.1016433696343972,0.12309281004133649
SG_001357,0,0.13233557747228378,0.08913535782565224
SG_001358,0,0.24695260527514548,0.17714098317472432
SG_001359,1,0.204129139300241,0.2033556661600053
SG_001360,0,0.10827793769857223,0.09688963044902388
SG_001363,0,0.16229027115596595,0.16602521964201866
SG_001365,0,0.17040807850100614,0.18112899277349945
SG_001366,0,0.22887026767292135,0.17639337348680925
SG_001367,0,0.1776198037107105,0.19320069261825049
SG_001368,0,0.08462924500793782,0.11053924392785046
SG_001369,0,0.1498395727322871,0.16681924733046188
SG_001370,0,0.3221547505296627,0.3246195839790211
SG_001371,0,0.16523336373156516,0.20629999799460025
SG_001372,0,0.17828005001059302,0.22997557221290488
SG_001373,0,0.17101327923586823,0.14963565348850916
SG_001375,0,0.2733510312191702,0.23800809879303877
SG_001376,0,0.1690745035272794,0.2276476121177595
SG_001377,0,0.16976286674662638,0.17873942247498092
SG_001378,0,0.1683886084166409,0.1615023340435859
SG_001379,1,0.1402766809301647,0.12798827017395137
SG_001380,0,0.2302696317872023,0.2123880741626707
SG_001381,0,0.11344132718208573,0.1332468310757692
SG_001382,0,0.1453160214497035,0.13641607173305595
SG_001383,0,0.11033335813710665,0.16300153206952855
SG_001384,0,0.12409605477242597,0.1662020500018099
SG_001385,1,0.16470980411048505,0.1260748515630589
SG_001386,0,0.07117901990000701,0.09323857842962205
SG_001387,0,0.17127311612566062,0.16505885972129467
SG_001388,1,0.10636950709303603,0.11126112312886514
SG_001391,1,0.2168295564318392,0.229538437273107
SG_001392,0,0.12255356310114426,0.12286813493982957
SG_001393,0,0.14906500332227465,0.19231210722926076
SG_001394,0,0.09545697702544165,0.1099780263076854
SG_001396,0,0.1260784733659675,0.1466475389814424
SG_001398,0,0.1952399581499749,0.2092882300009782
SG_001399,0,0.22567920943540745,0.2157851413805997
SG_001400,0,0.16218807461921106,0.14966650461973222
SG_001403,1,0.17191679096013407,0.16134148098543485
SG_001404,1,0.14869204615248197,0.13062879471606062
SG_001406,1,0.21308761811005808,0.22820766640637638
SG_001407,0,0.14336144982664553,0.14173225460630962
SG_001408,0,0.16789479251269013,0.18675374158490274
SG_001409,0,0.1692708215912488,0.08747181457849952
SG_001410,0,0.11220933857101506,0.1096319356243645
SG_001411,0,0.15363898324649045,0.18543013749765094
SG_001413,1,0.2530925487108261,0.21878115316360158
SG_001414,1,0.1942409498042737,0.2566607433566654
SG_001416,0,0.16850231508614988,0.1513946182654138
SG_001417,1,0.24782961298237183,0.2129513022436293
SG_001418,1,0.2948797219927643,0.23624642053730022
SG_001420,0,0.12264219425850877,0.13532964136478992
SG_001422,0,0.23372754959523714,0.2251220363898824
SG_001424,0,0.1337022039793039,0.12798006740233053
SG_001425,1,0.28545783134893427,0.23117350043598184
SG_001426,1,0.17491188262742258,0.22388772995477665
SG_001427,1,0.21252356518855164,0.216742127735291
SG_001428,0,0.07862317457496254,0.11433717158079189
SG_001429,0,0.15031228294009558,0.16596236634424857
SG_001430,0,0.14234012999035736,0.13671313353476877
SG_001431,0,0.16783380260174427,0.14756941333797252
SG_001434,0,0.17471187627099954,0.24579553411262256
SG_001435,0,0.16888218045471987,0.16479489315002077
SG_001436,0,0.1355094868229792,0.12130132578892146
SG_001437,0,0.18653174962932695,0.21914151905711454
SG_001438,1,0.16106154278518697,0.08248734433789355
SG_001439,0,0.18435680869446533,0.21019999725592925
SG_001440,0,0.17501960124533614,0.1718282794452237
SG_001442,0,0.16657232623408927,0.11679790139447603
SG_001443,0,0.2061203906880151,0.22355172501715637
SG_001444,1,0.15092631932600056,0.1646005483073355
SG_001445,0,0.11468029785011886,0.13814734099656398
SG_001449,0,0.2337116195171604,0.22272333553020596
SG_001450,1,0.31807916788265134,0.34927388614291677
SG_001451,0,0.2355513629442353,0.27668224911897094
SG_001452,0,0.10440086282831267,0.1345399580232393
SG_001454,0,0.17829758077887709,0.13589711917814087
SG_001455,0,0.04783923131658954,0.04133277424578605
SG_001456,1,0.15024029904157574,0.16604182483655486
SG_001457,0,0.10490047074959669,0.13426939388861112
SG_001459,0,0.1670713492393055,0.19006983532528654
SG_001460,0,0.14633196905235316,0.11930438695787025
SG_001461,0,0.17720227750427098,0.22232602689383976
SG_001462,0,0.10058554184846748,0.10238567313352727
SG_001463,0,0.1877440994027426,0.3380380146156832
SG_001464,0,0.16565195460819587,0.19499083112584997
SG_001466,1,0.17128176230541617,0.23176580955254283
SG_001467,0,0.16462601085614334,0.15442903501916713
SG_001468,0,0.21025167927765234,0.22370877059678432
SG_001471,0,0.13944248152149724,0.13657177183544203
SG_001473,0,0.16567269653415018,0.15850837118512653
SG_001474,0,0.23215391366819388,0.17590211245076368
SG_001475,0,0.1860969602154423,0.22321621301718253
SG_001477,1,0.16486091838784253,0.15216489932089272
SG_001479,0,0.12622468030176312,0.10230949313323558
SG_001481,0,0.17858762906147674,0.17732561403504654
SG_001482,0,0.15712198338698974,0.15478963666898898
SG_001483,0,0.06789928559014224,0.09074281151208816
SG_001485,0,0.13910847511641394,0.15070445762673684
SG_001486,0,0.15104737184301079,0.14053909052547242
SG_001488,0,0.22929949556943915,0.1882719399979669
SG_001489,0,0.16952843980160867,0.19665737738321204
SG_001490,0,0.23790053460950955,0.2674656097366147
SG_001491,0,0.139755506038822,0.1314550500168037
SG_001492,1,0.21674781381826744,0.1872669627058269
SG_001495,0,0.17397623266144308,0.18302619330719785
SG_001496,0,0.1730428146043473,0.18037549520780655
SG_001497,1,0.16106154278518697,0.06869279610902268
SG_001498,0,0.15862204023304102,0.1719709182141079
SG_001499,0,0.13144872291728746,0.13732566454791922
SG_001501,1,0.26251962045922195,0.2606073228182319
SG_001502,0,0.20017731031687647,0.202782503057681
SG_001503,0,0.13498358467270816,0.14455282870814695
SG_001504,1,0.17924421904077378,0.20593869475621748
SG_001507,0,0.13387504990387916,0.14347972145777824
SG_001508,0,0.19210360774047427,0.24112671758627846
SG_001509,0,0.2053397837989546,0.19413521443941306
SG_001511,0,0.18462942170681879,0.20095820408636647
SG_001512,0,0.1298701480520941,0.1604784847182522
SG_001513,0,0.17826292012043188,0.22007409203859413
SG_001515,0,0.16595236607780295,0.20110995657946376
SG_001516,0,0.13959695719582751,0.1685835562813522
SG_001517,0,0.12499232762624586,0.1337461473077612
SG_001518,0,0.18335111804900261,0.1830975896522588
SG_001519,1,0.17518951541472427,0.21125132729606128
SG_001521,0,0.17046661939275023,0.16660290841119071
SG_001522,0,0.20415722600564612,0.22629502033315063
SG_001523,0,0.12370449444254059,0.12804555194786604
SG_001524,0,0.17693264665102254,0.1349716915333692
SG_001526,0,0.16927692847950299,0.17166655233963118
SG_001530,1,0.13541299525214437,0.12579320385886203
SG_001532,0,0.16283273559529093,0.15542411483983035
SG_001533,1,0.11038358555394225,0.112982815256926
SG_001534,0,0.147696022181719,0.14982702276669918
SG_001535,1,0.1673495891257472,0.14815275850282608
SG_001536,0,0.14568560074955209,0.1533274794987085
SG_001537,0,0.15069307475916427,0.1579313767280796
SG_001538,0,0.15046618726135583,0.16933868410528954
SG_001539,0,0.12157650256540543,0.15338451824772067
SG_001540,0,0.11414184207765178,0.10621776292686846
SG_001544,0,0.16119230527665118,0.16175503888470041
SG_001546,0,0.1545120178461981,0.14603933246610984
SG_001547,0,0.13400337906742826,0.16478561964483993
SG_001548,0,0.15699821982084838,0.16029309334470726
SG_001550,0,0.12953210991672787,0.1549467872632874
SG_001551,0,0.14464026726827606,0.17296974762039988
SG_001552,0,0.1602818998793617,0.17132606155165606
SG_001553,0,0.2155037231537694,0.17850402668254878
SG_001554,0,0.16259368780289757,0.13006242659037578
SG_001555,0,0.1584857744351727,0.12732110539988253
SG_001556,0,0.13585939987040338,0.12752595195545222
SG_001559,0,0.15838730281581107,0.14793916626973805
SG_001560,1,0.1656649570923448,0.1790005200850073
SG_001564,0,0.30556806892747435,0.24673710304512894
SG_001565,1,0.13492603149100965,0.1383375595406315
SG_001566,0,0.12835369937435592,0.1629598852819273
SG_001574,0,0.16600639681265703,0.10485087950255668
SG_001575,0,0.10839661568277917,0.12528138859611143
SG_001577,0,0.16259368780289757,0.1094135436278516
SG_001578,1,0.23408863542675284,0.2227114308106143
SG_001579,0,0.16672326606268412,0.11437980086999006
SG_001580,0,0.14843253014874455,0.1359168132885501
SG_001581,1,0.293091168230938,0.22918986213918127
SG_001582,0,0.1479792807633713,0.20809251596197456
SG_001583,0,0.1073212406214696,0.14313927785415662
SG_001585,0,0.12913272932323658,0.15879314356142565
SG_001586,1,0.22839074485769972,0.19906320070477745
SG_001587,0,0.2949200156312627,0.27488162698392865
SG_001588,0,0.29250114139666494,0.20949876469393708
SG_001589,0,0.12368357651385284,0.11880329704665205
SG_001593,1,0.15319574546517256,0.18327301044597938
SG_001594,0,0.2211879095136619,0.2414626398815389
SG_001596,1,0.19871474074711187,0.21442468430067468
SG_001597,0,0.17525310424226728,0.17066794354804973
SG_001598,0,0.1425807091307819,0.13089778783281572
SG_001599,0,0.16259522824017222,0.10753216218918699
SG_001600,0,0.10118071320769761,0.12138583008178808
SG_001602,1,0.17859017716832445,0.2590343584063174
SG_001603,0,0.13321713537917232,0.15599888141276264
SG_001605,0,0.17381313628636047,0.22398072965950785
SG_001606,1,0.2788054688731164,0.2504631393275917
SG_001607,0,0.15651183890167464,0.14147495626220769
SG_001608,1,0.2100643506475437,0.1968856679642361
SG_001611,0,0.10129586146963207,0.11072709188078865
SG_001614,0,0.2815241958933365,0.2439556831405983
SG_001616,0,0.1307455300808603,0.16209519299833086
SG_001617,0,0.1410495420451176,0.12425891917402769
SG_001618,0,0.09783542747270915,0.11376723564314109
SG_001619,1,0.1837902550393045,0.1917123110620269
SG_001620,0,0.26888437314656194,0.20978649707602295
SG_001621,0,0.16000085373050585,0.191931314450073
SG_001622,1,0.15809518510854897,0.18958035760471018
SG_001625,1,0.19220729307370374,0.18774229741165954
SG_001626,0,0.13820282933597067,0.12892473006941182
SG_001627,0,0.1516708785284673,0.15894554288498766
SG_001628,0,0.16106154278518697,0.07239026831563615
SG_001629,0,0.06471950677361644,0.05566906004293187
SG_001630,0,0.17288969136753277,0.16090226121423953
SG_001632,0,0.10284073745964174,0.12270001744799129
SG_001633,1,0.31582562023192645,0.25663768278136384
SG_001635,0,0.16642873189437965,0.17874059882576132
SG_001637,0,0.18937651279022982,0.17452735978543318
SG_001639,1,0.2618992749395986,0.2527813106842003
SG_001640,1,0.2572738044919676,0.2321314837102387
SG_001641,1,0.23711474338303518,0.17551504518412228
SG_001642,0,0.17707175436756636,0.19352568662049635
SG_001643,0,0.128042373222214,0.14182265986106243
SG_001644,0,0.1384265898184689,0.14729364384686283
SG_001645,0,0.11447849531067895,0.09266141516657204
SG_001646,1,0.19720779765190075,0.17715989293322143
SG_001648,0,0.24828101820768556,0.19691002823881085
SG_001649,0,0.15782245618931165,0.18316491926392683
SG_001651,1,0.1254898746836827,0.14589639822300166
SG_001652,0,0.21505157311814926,0.21367451843859658
SG_001655,0,0.10755511718627471,0.10843506705143863
SG_001656,1,0.22133065260013424,0.20662764082056864
SG_001657,0,0.16325538846830567,0.21974029604470507
SG_001659,1,0.21316045708332446,0.18870888267305544
SG_001660,0,0.22986319659407592,0.24308498027728845
SG_001661,0,0.1814630356635712,0.15307870188261427
SG_001662,1,0.170506562816548,0.1419058041991345
SG_001664,0,0.18072630698955958,0.16369066993560455
SG_001665,0,0.165999137268313,0.16255553434791065
SG_001666,1,0.17816475418310296,0.18819586464135302
SG_001669,1,0.1907327364885667,0.2031106476435069
SG_001671,0,0.16259368780289757,0.12744774789736918
SG_001672,0,0.08849351271931764,0.10128419150496223
SG_001673,0,0.17013200147864896,0.1965357239967623
SG_001674,0,0.14872283573550524,0.17175352112770131
SG_001675,0,0.24018713183005752,0.2694348801407441
SG_001676,0,0.15662404711896788,0.15776764870029866
SG_001677,0,0.2632808300035152,0.23404240741336957
SG_001678,0,0.1434679300413751,0.14143315456343578
SG_001679,0,0.1555924375842462,0.137477454673366
SG_001680,0,0.178558595974241,0.22267810292333226
SG_001681,0,0.18779945499838205,0.20674231180014835
SG_001682,1,0.21560189312588843,0.22799724861735854
SG_001684,0,0.10461642891641523,0.14578215022555416
SG_001685,0,0.14810804482838155,0.10001686589192145
SG_001687,0,0.16106154278518697,0.10086790827174237
SG_001690,0,0.1272893937223827,0.17802296128155834
SG_001691,0,0.24729883883727302,0.28282044202343043
SG_001692,0,0.17794503822895408,0.21506158451241641
SG_001693,1,0.28667397821234486,0.19066790540858303
SG_001694,0,0.16106154278518697,0.08186386246955132
SG_001695,1,0.16967612213160063,0.19694139293737634
SG_001696,0,0.12412506695102202,0.10265125302409611
SG_001697,0,0.1709207090917904,0.17249725987417952
SG_001699,0,0.10547925610248132,0.09960333688102012
SG_001700,0,0.23135511531332367,0.21329985114373676
SG_001701,0,0.12799588626455063,0.12057385843052965
SG_001702,0,0.17198445149327313,0.13711427419216246
SG_001703,0,0.11790886623840681,0.1687979473588077
SG_001705,0,0.1688119497571342,0.15461983753322292
SG_001706,0,0.09612106213830293,0.0919897160782634
SG_001707,0,0.1455858319782148,0.14465248116569468
SG_001708,0,0.25471197592392064,0.23267266003496795
SG_001709,0,0.13527183777523802,0.13219897101118208
SG_001710,1,0.14833640886409843,0.11849949469393496
SG_001712,0,0.1777956692111659,0.17675737987669954
SG_001713,1,0.16236316011884475,0.16995683815715193
SG_001714,0,0.16623585172901023,0.14233473775804864
SG_001715,1,0.3575629644258821,0.21069132547677508
SG_001716,0,0.17667972796081097,0.2183986584157656
SG_001717,0,0.17079061439757084,0.15870233230721487
SG_001718,0,0.16946634111455644,0.14362080599655647
SG_001721,1,0.10932905828264941,0.10814118013839676
SG_001722,0,0.34517112781697895,0.24547502335246388
SG_001724,0,0.18081581612937203,0.2908993095353311
SG_001725,0,0.11135351116278164,0.12892582376664186
SG_001727,0,0.17662812827859994,0.16812269430628607
SG_001729,0,0.16263368786680243,0.17346249763041657
SG_001730,0,0.16921484006570248,0.13441514493015208
SG_001732,0,0.23923486963814838,0.30087235358070374
SG_001736,0,0.1789079974586622,0.22568263466557
SG_001741,0,0.18685973625472985,0.17155378471906024
SG_001742,0,0.13827562999103918,0.15392955096544184
SG_001743,0,0.09071916587789294,0.11943638218984522
SG_001746,0,0.22337498218496135,0.21975918760081517
SG_001747,0,0.13959507027775045,0.15690508134286665
SG_001748,0,0.17819675234810195,0.20461971195916823
SG_001749,0,0.1681419493772613,0.15402748885413975
SG_001752,0,0.19417534019127955,0.23267412166100063
SG_001753,1,0.2256859431445223,0.2085862008395646
SG_001754,0,0.18022929686945152,0.15303266695515255
SG_001755,0,0.12513756881497207,0.12783811795348043
SG_001756,0,0.14073501421346313,0.1307749939413274
SG_001757,0,0.2869003585556339,0.2510398757548449
SG_001758,0,0.16918746923225528,0.18117079832966448
SG_001759,0,0.19136006962937266,0.1774608690974404
SG_001760,0,0.11814635187093986,0.11190984836194995
SG_001762,0,0.13621156662878717,0.1194997269293896
SG_001763,0,0.17230713995298091,0.19958013697325921
SG_001764,0,0.13133015061112122,0.16354109542073772
SG_001765,1,0.17069400788320416,0.17519776913793764
SG_001766,0,0.20452187171226127,0.2159661017582791
SG_001770,1,0.15414066896779904,0.16668236217091684
SG_001771,0,0.17266073915448674,0.15811723637191358
SG_001772,0,0.10700207457915528,0.09963203187479903
SG_001773,0,0.25754143810988356,0.2491312728040366
SG_001774,0,0.13672045480277997,0.12885327256898657
SG_001775,1,0.12974373940198353,0.1680182627968369
SG_001777,0,0.17344261810593073,0.1760954081395313
SG_001778,0,0.168417230365891,0.14073001395701473
SG_001779,0,0.13531651537465997,0.09841396831029937
SG_001780,0,0.15952929071786653,0.15502255103296908
SG_001781,1,0.12367531942741393,0.14684204733613612
SG_001782,0,0.16630352488152098,0.20774342350580655
SG_001783,1,0.16612662198019873,0.1428508960699766
SG_001784,0,0.18104248042401927,0.31297149750851616
SG_001785,0,0.13474418398386023,0.0774569438658679
SG_001787,0,0.31362159792851957,0.27108417545777075
SG_001794,0,0.20805541670175845,0.16999048807884878
SG_001795,1,0.13378510644636316,0.14920786575196296
SG_001798,0,0.19792560378206253,0.186608052129882
SG_001799,0,0.10793128299079716,0.14481401178514383
SG_001800,1,0.25023609324987406,0.24797897498611035
SG_001801,0,0.1254848420052953,0.1160404465719065
SG_001802,0,0.13129286931297388,0.12412612413278697
SG_001805,0,0.1484617066465789,0.14417417536313248
SG_001807,0,0.18728263078033183,0.2593234774990578
SG_001808,0,0.10275151197196054,0.10692245300964909
SG_001809,1,0.21686244806913052,0.21101552235169252
SG_001810,0,0.1673774487136938,0.12159755083988522
SG_001812,0,0.16765738001236602,0.17475759975595517
SG_001813,0,0.13555391783613785,0.10062357223942721
SG_001814,1,0.2421555343996209,0.2639220034679718
SG_001816,0,0.16259522824017222,0.08825593327091726
SG_001817,0,0.1621242233886937,0.18470343752143467
SG_001818,1,0.14442229963198214,0.1343579787991673
SG_001820,1,0.28349258972841784,0.28785228989577477
SG_001821,0,0.10132687398125431,0.11652035597733709
SG_001822,0,0.11294314950609317,0.14255796600110235
SG_001823,0,0.1284403639276525,0.12974532345645892
SG_001826,0,0.17250435495339123,0.19509243736829682
SG_001828,0,0.1581097196612711,0.13761545979251696
SG_001829,1,0.17832181452086815,0.13263078091252936
SG_001832,0,0.16664020832348655,0.15136355365695922
SG_001834,0,0.09937883093941173,0.12990992976299864
SG_001835,0,0.1854099773304523,0.16659311723014728
SG_001837,1,0.1958043763808637,0.1758784081775561
SG_001838,0,0.12452487437345786,0.10285885243230548
SG_001839,0,0.16680240468560706,0.14953558175586154
SG_001840,0,0.1696865892304446,0.20374788422819523
SG_001841,0,0.16106154278518697,0.06387887843758491
SG_001842,0,0.19392061043663417,0.24829598789209853
SG_001843,1,0.1611708853519823,0.13184502565850098
SG_001845,0,0.1318855274547362,0.14926474272231507
SG_001850,0,0.16259368780289757,0.1370583130318122
SG_001852,0,0.18951699171420394,0.22400825534608246
SG_001853,0,0.1752884865427665,0.18474407181633923
SG_001854,1,0.17352677495317692,0.16211252479897464
SG_001855,0,0.09999181441304392,0.08037570449213786
SG_001856,0,0.20502469583106545,0.2025467627941623
SG_001857,0,0.14453647543524395,0.1805614995208524
SG_001859,0,0.16439080725087463,0.12762640577827136
SG_001861,0,0.10501869033143693,0.0943032947746754
SG_001863,0,0.16802572415610764,0.1544467938475318
SG_001866,0,0.16081914118144092,0.1535457703334371
SG_001868,0,0.1516952290864356,0.1536273643120438
SG_001869,0,0.1854676777257657,0.20044750390580013
SG_001870,0,0.17766046912484393,0.1641725904339925
SG_001871,0,0.11972325226723272,0.14410371967581936
SG_001873,0,0.2651549810946632,0.15916727334443367
SG_001874,0,0.16421939850676187,0.1172455574304252
SG_001875,0,0.17010591292749241,0.15151532266654835
SG_001878,1,0.20609160049963487,0.20826807147805396
SG_001879,0,0.1122468235599664,0.10875995162030828
SG_001880,0,0.1748364304522452,0.18664992548414908
SG_001881,0,0.25468535536200665,0.20663973325607066
SG_001882,0,0.20488913722216343,0.18009118753799197
SG_001887,0,0.19707756511877483,0.18454852916858305
SG_001889,0,0.10198133936845227,0.10814861284258928
SG_001891,0,0.18921612599259716,0.14982545754892831
SG_001896,1,0.2838607774729031,0.24683308005772794
SG_001898,0,0.15820690502142695,0.17279933764951197
SG_001899,0,0.09123744623243943,0.09094442698072862
SG_001900,1,0.12811899347630615,0.12015563172814077
SG_001902,0,0.17512055754898162,0.11463465674638915
SG_001905,0,0.10125988985840952,0.10455293265397969
SG_001907,0,0.23032980181028387,0.20060299697791345
SG_001908,0,0.2093300582133345,0.18542467652009492
SG_001910,0,0.18971243175899458,0.33420792750956524
SG_001911,0,0.0987082582307724,0.1198802176158857
SG_001913,0,0.1485154273119749,0.15687030334100066
SG_001916,1,0.2019745628219401,0.1801101244287071
SG_001917,0,0.211255171020763,0.1720784574345579
SG_001918,0,0.15258167861196748,0.1606642691355325
SG_001920,0,0.21429838025495368,0.23470524352869582
SG_001921,0,0.20862744975552452,0.2008791081316785
SG_001922,0,0.11650023394832895,0.10851705606148468
SG_001923,1,0.22510606049551923,0.1692739590112994
SG_001926,0,0.17998559692734742,0.20869334642233167
SG_001927,0,0.20881968343562776,0.1744627229416237
SG_001929,1,0.1730562118860418,0.20938663495177182
SG_001931,0,0.14745523331516563,0.14171997034670863
SG_001935,0,0.13953595571248764,0.15508114897980682
SG_001937,1,0.21551061043036798,0.23760904668410124
SG_001938,0,0.1186570167864947,0.17432240978108582
SG_001939,1,0.14404513927637266,0.11676285676085704
SG_001940,0,0.06848168960698033,0.07886337985198971
SG_001941,0,0.13566524249992667,0.13111200242138965
SG_001942,0,0.29790696772386877,0.26091893181014286
SG_001943,0,0.10487901646803048,0.12444573074320492
SG_001944,1,0.2591741897370896,0.24115422232563452
SG_001945,0,0.173991538478059,0.15361780106697395
SG_001946,0,0.15224307840977974,0.18864370636664207
SG_001948,0,0.0978382899020848,0.12062692559189807
SG_001949,0,0.13796006582507958,0.10784153489786502
SG_001950,0,0.34626557285534576,0.3526733623808345
SG_001951,0,0.16505097696638124,0.10979451701567557
SG_001952,0,0.24705910248107127,0.2070406865754812
SG_001956,0,0.16713680631648847,0.12906438623689173
SG_001957,0,0.13828353376015248,0.181694038112442
SG_001958,1,0.24417278847754323,0.21468914412183904
SG_001959,0,0.14262763933658795,0.15190293014635248
SG_001960,0,0.1921863079391484,0.2688750071172359
SG_001961,0,0.19806984841142428,0.18232079978032925
SG_001962,1,0.17855475333889895,0.1743124583867294
SG_001964,1,0.18974854517969378,0.20728553892404722
SG_001965,0,0.12595759071990725,0.15770564973013904
SG_001966,0,0.1599936307612235,0.16135316501738034
SG_001967,0,0.1305819486920914,0.1514437584745227
SG_001968,0,0.24300965214310288,0.25488885391082045
SG_001969,0,0.12475857983682856,0.14249028082473597
SG_001970,0,0.22867664591072265,0.21549857410733525
SG_001972,0,0.1092836776516611,0.11983753333509964
SG_001973,0,0.10929650904182679,0.09572863396379237
SG_001974,0,0.08699171866464481,0.07737753227937169
SG_001978,1,0.13774741870472507,0.1412376999350321
SG_001979,0,0.3431015096481494,0.20826814199583685
SG_001983,1,0.19564118465788977,0.12108449720245656
SG_001984,1,0.21601010005083096,0.2487124726691929
SG_001985,0,0.11126395246427986,0.10413943968767904
SG_001986,0,0.2280182229991676,0.22536951953515696
SG_001987,0,0.16273116671234997,0.20468542581329163
SG_001988,0,0.15895218302867323,0.160986284585087
SG_001989,0,0.1730982619419965,0.2262635625678102
SG_001991,0,0.2659066528115314,0.20951994747389868
SG_001992,0,0.12727454728439028,0.15529865110220312
SG_001993,0,0.16767797451951938,0.16287678646833428
SG_001994,1,0.15131495014869742,0.17446215347844587
SG_001995,0,0.16722306543533505,0.21913840394920014
SG_001996,0,0.1683952433753774,0.22790448445500824
SG_001997,0,0.13324080955059206,0.1524334109426754
SG_001998,1,0.23147710482749792,0.20214207113298177
SG_002001,0,0.15546539107278606,0.15207232157081588
SG_002003,0,0.3030683075923243,0.355963507206675
SG_002005,0,0.1661803561958876,0.12130767732474326
SG_002006,0,0.18807164460074918,0.17202715553897466
SG_002007,0,0.129086453656826,0.15194027143349198
SG_002010,0,0.2642794828065651,0.2332152108718644
SG_002011,0,0.13732791371368577,0.1704688032996428
SG_002012,0,0.14844912823997472,0.14821635712520534
SG_002013,0,0.1371399710352511,0.1620138487696483
SG_002014,0,0.19267176301621727,0.2053587178213458
SG_002015,1,0.150620761004703,0.16723993322838326
SG_002017,0,0.19502045939807514,0.21880245111471458
SG_002018,0,0.16115485018517678,0.19695933224850848
SG_002019,0,0.18627133733820408,0.2351583943806776
SG_002020,1,0.23164498330519945,0.23541394600478296
SG_002022,0,0.13238750006296715,0.1511798525815406
SG_002023,1,0.18899057127212596,0.28944787734492405
SG_002025,0,0.1821369621754347,0.24537075264963082
SG_002026,0,0.13435763160970118,0.1575958620971024
SG_002028,1,0.24871452088580734,0.22637376721239502
SG_002029,0,0.16326540155032904,0.17494746101031944
SG_002030,0,0.1684936725628522,0.1623087099629341
SG_002031,0,0.16564787444348597,0.1156911687114276
SG_002032,0,0.22231081678944487,0.19433626112210708
SG_002033,0,0.17485667460744322,0.14659182443315905
SG_002034,0,0.10103904684800248,0.08168390795957409
SG_002035,0,0.13524244795281873,0.15781262027387272
SG_002036,1,0.17719800882408385,0.20561039684698204
SG_002040,0,0.17767039846117016,0.19507135820283747
SG_002041,1,0.17042476406191842,0.2112874674794319
SG_002042,0,0.11673546786613324,0.14032741878541174
SG_002043,0,0.16279359718516978,0.16238099115797874
SG_002046,0,0.15664260934278335,0.19443454431981824
SG_002047,0,0.13766230425934659,0.11407618481548311
SG_002049,1,0.17633711041664404,0.18538645803847675
SG_002051,0,0.16979026671485437,0.1620166943653773
SG_002053,0,0.10369001031779634,0.11370317463899415
SG_002054,0,0.1893937503198563,0.2241500733009479
SG_002055,0,0.16142965524036634,0.15231467767739515
SG_002056,0,0.16007619359798256,0.18183858326960997
SG_002057,0,0.09468791999072737,0.08673170602002961
SG_002058,0,0.2416713648149197,0.17457304256781336
SG_002059,0,0.11406272490378772,0.1285911058498733
SG_002060,0,0.19518388617141022,0.20109563926461727
SG_002061,0,0.15167807041218087,0.140903543985738
SG_002062,0,0.13064381994753985,0.10193404819826553
SG_002064,0,0.10678533848277096,0.11494174160053987
SG_002065,0,0.16313063297368724,0.18116210783640768
SG_002066,0,0.13934814733063977,0.12598533380040286
SG_002070,1,0.16522292339646252,0.17927025340141078
SG_002071,0,0.13748292765659145,0.17022188072334726
SG_002072,0,0.1661862803208842,0.15049796048500227
SG_002073,1,0.17011872797178135,0.16396632634504565
SG_002076,0,0.29705236129305695,0.19720861398975414
SG_002077,0,0.1689109812507428,0.17386477292357977
SG_002079,1,0.2346957455528146,0.22909566236677464
SG_002080,0,0.23326915451404628,0.18393718732855013
SG_002082,0,0.18717851310558767,0.1542392415177615
SG_002083,0,0.1669979644596324,0.14629426832493048
SG_002084,0,0.1702121965620847,0.24197833193471158
SG_002085,0,0.1649770419563865,0.11582316405169332
SG_002086,0,0.1687824496332485,0.1828665905232958
SG_002087,1,0.18392953564900524,0.16875540347482043
SG_002088,0,0.16452215086497757,0.11116402799310857
SG_002089,0,0.13884716028862554,0.12427327282323763
SG_002091,0,0.09350942082073883,0.1122104989329468
SG_002092,1,0.16505481518372497,0.10268498169120929
SG_002093,0,0.13488908354855875,0.10155844063706651
SG_002094,0,0.1805774256123124,0.13866818074221826
SG_002095,0,0.19374776780874367,0.1910599078409019
SG_002096,1,0.24061032915153127,0.20223590686954654
SG_002098,0,0.09423731662263632,0.10198347126927344
SG_002099,0,0.1676199033250666,0.21317355202154858
SG_002100,0,0.1561482600757716,0.12321286286877747
SG_002101,0,0.1669161979969809,0.09072269480935244
SG_002102,0,0.1338935750638075,0.1106500103896828
SG_002104,0,0.16106154278518697,0.10599025967525834
SG_002106,0,0.11892984975144989,0.15638983313294422
SG_002107,0,0.12565316957636813,0.15055693475630585
SG_002108,0,0.16623802484367942,0.1412381350273456
SG_002109,0,0.08951086303372498,0.08226515200994479
SG_002111,1,0.17717547632430472,0.15080026821674394
SG_002112,0,0.15162606990221564,0.18124061898936322
SG_002113,1,0.1436420373290374,0.13055930792769235
SG_002114,1,0.15925290971999925,0.1852198775888693
SG_002115,0,0.13798176261246864,0.23820239996196277
SG_002116,1,0.1878450197068057,0.23462044697598394
SG_002117,0,0.17243666038267577,0.1506938939266612
SG_002118,0,0.12342458204170204,0.09760576696606545
SG_002119,0,0.176435934173449,0.14061134471498926
SG_002120,1,0.2717934589804876,0.2624954428434147
SG_002121,0,0.16908447705243543,0.21383113936289766
SG_002124,1,0.16587793403615572,0.15387645193062155
SG_002126,0,0.21436559169533412,0.22287023519611363
SG_002127,0,0.17294846737776162,0.13489379686029337
SG_002128,0,0.167865474837997,0.15074901799904916
SG_002130,0,0.15421065631459094,0.1269591058908693
SG_002132,0,0.18807048525103245,0.21102015840167257
SG_002133,0,0.13087021425511366,0.13950070144877616
SG_002134,0,0.18592348865156366,0.24212177699535706
SG_002135,1,0.3071220976208676,0.2774325648035128
SG_002136,0,0.16106154278518697,0.09506262105193401
SG_002138,0,0.16932481025539023,0.16249431108484047
SG_002139,0,0.14438247690446893,0.1484247781911967
SG_002140,0,0.10509073865089356,0.12860173638178896
SG_002141,0,0.17397423079893193,0.18895179023614536
SG_002143,0,0.17760208430350516,0.17359165275164382
SG_002144,0,0.16407748375508122,0.1087587070671862
SG_002145,0,0.24412378964194092,0.23698426304185002
SG_002146,1,0.15050061785525629,0.13852398183015183
SG_002147,0,0.26680323088677876,0.23555972209849474
SG_002148,0,0.2381215974862029,0.2364709444522549
SG_002149,0,0.3217128609241071,0.29225382129676697
SG_002153,1,0.3151068076934266,0.2296753274382787
SG_002154,0,0.11814787708378899,0.11963418317199263
SG_002155,0,0.07059708067492461,0.07563595883789238
SG_002156,1,0.22449603874232169,0.19322382405172478
SG_002157,0,0.1778762196630894,0.192746188889384
SG_002158,0,0.13247161441645913,0.19448348452170783
SG_002159,0,0.138992268801237,0.16243397385808475
SG_002160,1,0.2365932030658186,0.22247274640054915
SG_002161,0,0.1759299966316821,0.1335911169866365
SG_002162,0,0.17317948684053724,0.1688581046440648
SG_002163,1,0.16259368780289757,0.1561827827768694
SG_002164,0,0.16963446845178073,0.13382372328563963
SG_002165,0,0.16432969711473117,0.18563774050295917
SG_002167,0,0.09901679927241959,0.09002116170820468
SG_002168,0,0.17886505436301112,0.2719504332367293
SG_002169,0,0.16106154278518697,0.12989165577387424
SG_002170,0,0.4031452595256923,0.3514553236740633
SG_002173,0,0.12640968960760032,0.1526432217385117
SG_002174,0,0.16759208910124773,0.15102200257631662
SG_002175,0,0.15676704072247832,0.13193258145245124
SG_002178,0,0.16276318905655815,0.1163197092745715
SG_002179,0,0.14722004179513595,0.09749452650638654
SG_002180,0,0.26207469539774664,0.13133785427872438
SG_002182,0,0.15170542203593557,0.15960261100753498
SG_002183,1,0.15435533576654467,0.1490850891285316
SG_002187,1,0.14820258691741503,0.1602001420154303
SG_002188,0,0.1763052608562952,0.21698236556350306
SG_002189,0,0.17339537291073984,0.14947039243208138
SG_002190,0,0.14487739681733194,0.13185131436638017
SG_002193,0,0.1849940728273171,0.15965875045151187
SG_002195,0,0.33793017922628904,0.3153492104946565
SG_002196,0,0.16927025707764287,0.2266714280424634
SG_002197,0,0.1407649275489452,0.16665693866146436
SG_002198,0,0.169332188156489,0.18524513138146947
SG_002199,0,0.13011107273331377,0.12251419476554283
SG_002201,0,0.1670760152042996,0.1955340784642411
SG_002202,0,0.23861450273600657,0.17414354622544329
SG_002203,0,0.10007104193017403,0.10164920957078176
SG_002204,0,0.11653895378339078,0.14433245351974447
SG_002205,1,0.23269090225919095,0.17765054463212335
SG_002206,0,0.18782608119045344,0.1930625348271815
SG_002207,0,0.11552765281089443,0.1284744491161115
SG_002208,1,0.16304789684809592,0.18881172733050386
SG_002210,0,0.19336473197879522,0.20805529189455177
SG_002211,0,0.1692352613700937,0.16455865707630457
SG_002212,0,0.15355746289260816,0.13554748891730625
SG_002214,0,0.17102486922318466,0.21089838243318348
SG_002215,0,0.16992339008635574,0.22197324260151344
SG_002216,0,0.12657552417597645,0.13819003856976056
SG_002217,0,0.1670681827760402,0.15176527060188444
SG_002218,0,0.16812745205136526,0.18406419550861164
SG_002219,0,0.07395511672144227,0.06872124164432705
SG_002221,0,0.16106154278518697,0.19393261933457254
SG_002222,0,0.1318357278034309,0.11684341972950173
SG_002224,0,0.18174698775960288,0.16698541505816222
SG_002225,0,0.16259368780289757,0.09389773876588653
SG_002226,0,0.13409785380992012,0.15458097360050532
SG_002229,0,0.20965874283777858,0.21662217057974623
SG_002230,0,0.11865648251975179,0.11623832340090008
SG_002231,0,0.21694367216366456,0.20096585643080483
SG_002232,1,0.13488050016319744,0.0939110976517638
SG_002234,1,0.09545978358555601,0.10934979252019235
SG_002235,0,0.1654478437145246,0.15681274456522917
SG_002236,0,0.1662582116559315,0.1579760308941417
SG_002237,0,0.2920675687408949,0.1835809376431863
SG_002238,0,0.12569859090281207,0.11869992650584094
SG_002239,0,0.16464235252247647,0.12539614930605636
SG_002240,0,0.1951893745566278,0.17468832475433616
SG_002242,0,0.16788666652161938,0.14604132202301612
SG_002243,0,0.12501089104123966,0.1403955995905683
SG_002244,0,0.13112842532751912,0.15892943057630124
SG_002245,0,0.1705328346420034,0.1521096456158826
SG_002246,0,0.10282886142213332,0.08928200082813359
SG_002247,0,0.16088310963964547,0.1669253993832737
SG_002249,1,0.14871834715406526,0.1486362823197643
SG_002250,0,0.24461688717647762,0.1989638127646816
SG_002253,1,0.11812945695577046,0.12390960254964024
SG_002256,0,0.16661409097938956,0.11442577681105585
SG_002257,0,0.18053656044669622,0.1946943329375181
SG_002258,0,0.1827483802976951,0.17991721442880687
SG_002259,0,0.15461184534360403,0.1849603203401406
SG_002261,0,0.17113925570002042,0.1605493605153097
SG_002264,0,0.13222299761130318,0.14727115728636728
SG_002265,0,0.13141006985565218,0.16820624221820538
SG_002267,0,0.16693707883286055,0.12834817088742603
SG_002268,0,0.17188548249278654,0.15489845281065753
SG_002269,0,0.17640011618740406,0.20432918007782327
SG_002271,0,0.2179706624881168,0.17462610399235645
SG_002272,0,0.13200011842190057,0.12277255328663787
SG_002273,0,0.16723898919594554,0.1416667568189414
SG_002274,0,0.1108354221200284,0.09661481712724482
SG_002275,1,0.14690861327853627,0.14724563517856
SG_002276,0,0.10499836364168373,0.10860399950822067
SG_002279,0,0.14243000733010064,0.12442099674353578
SG_002282,1,0.16485086862681372,0.169452443559519
SG_002285,0,0.11254257577720737,0.12871642928519486
SG_002287,0,0.19074519949543856,0.1951043144205653
SG_002289,1,0.1273496414277996,0.1384531058294
SG_002290,0,0.17712320517748054,0.19690913509289107
SG_002293,0,0.16227308880086472,0.16566285840567202
SG_002295,0,0.13207322441345207,0.11201675783347413
SG_002297,0,0.17410547894654563,0.17413247707880464
SG_002299,0,0.18095249357276677,0.20153335196464772
SG_002300,0,0.14942880582843263,0.1543360829337152
SG_002302,0,0.16981724627530667,0.15884534470550463
SG_002303,0,0.12048424777933726,0.11013524098295545
SG_002305,0,0.1876660872174146,0.18129783630280685
SG_002306,0,0.21415164615410562,0.23828113337310006
SG_002307,0,0.12323612835246987,0.11319630624328234
SG_002308,0,0.1411487961108327,0.1457185270643697
SG_002309,0,0.2123551510063627,0.189468797159318
SG_002310,0,0.2077162064479104,0.17878364918282372
SG_002312,1,0.17497249024640468,0.23332919031993002
SG_002313,1,0.16106154278518697,0.08395323596967687
SG_002314,0,0.30468422168758297,0.2604469464458599
SG_002315,0,0.15061485877178823,0.15907792759439945
SG_002316,0,0.0964575687365802,0.0875055402587692
SG_002317,0,0.309493673845835,0.2813977659563642
SG_002318,0,0.1344919642448074,0.1545361875919124
SG_002321,0,0.22860801647380805,0.21041684929803484
SG_002323,0,0.16808416698353423,0.13759597390377334
SG_002325,0,0.15957206040173758,0.18676295164143322
SG_002326,0,0.26772256868876704,0.19972564479035856
SG_002327,1,0.18986416456130997,0.18130895946675382
SG_002329,1,0.16705750730671717,0.13859525380105606
SG_002330,0,0.14246250195684296,0.14572852472189293
SG_002331,0,0.17971426936871165,0.19765128432952703
SG_002333,0,0.18191900761826232,0.21492678989377137
SG_002334,0,0.17921183542962957,0.2605180610341193
SG_002335,0,0.17928716062403657,0.1434041441837183
SG_002336,0,0.250696255616517,0.21774474976261787
SG_002337,0,0.13536331067553764,0.12406612527980403
SG_002338,0,0.1384013175695162,0.17145305544012962
SG_002339,0,0.17384578369868187,0.1442298683488448
SG_002340,0,0.2766753525770772,0.20533188807945327
SG_002342,0,0.13780413091855614,0.1860542245786726
SG_002343,0,0.17124719097337981,0.1576439210757059
SG_002344,0,0.15614285495078142,0.14577972352877241
SG_002345,0,0.14893561376289785,0.18257848597164386
SG_002348,0,0.08151159657478002,0.1077920857745949
SG_002349,0,0.30272413191761577,0.24556072512085197
SG_002350,0,0.14427991043932653,0.10113104378329614
SG_002351,0,0.13786239224198335,0.19088223234595422
SG_002353,0,0.17000096511250334,0.18719287205092233
SG_002354,0,0.3236761209608676,0.2757269714020857
SG_002355,0,0.14599283904460397,0.15208425431639122
SG_002356,1,0.16579026474901837,0.15309081398915314
SG_002358,1,0.2033008865855179,0.19902790004075047
SG_002359,1,0.1869627835967383,0.18632061738730935
SG_002360,0,0.11467467343336468,0.08161801232415684
SG_002362,0,0.16106154278518697,0.15715615241695557
SG_002363,1,0.1435528469477206,0.16565852119416075
SG_002364,0,0.16784191121741324,0.1574759622242301
SG_002365,0,0.11961483441861909,0.14116953271144467
SG_002366,1,0.2220958947741451,0.16827293301840573
SG_002367,0,0.15833328892154622,0.1517077890190592
SG_002368,0,0.1881340967914566,0.18109063499799932
SG_002369,0,0.13692907631280327,0.1483686342638255
SG_002376,1,0.16643857849443244,0.16666745780227477
SG_002377,0,0.2591334355510657,0.2391394107807694
SG_002378,0,0.18578160179411365,0.13190558901332985
SG_002379,0,0.16960725651251415,0.1588594315365442
SG_002380,0,0.115937944351429,0.15640425434051689
SG_002382,0,0.1389973445157049,0.1427683134047725
SG_002383,0,0.16106154278518697,0.15447978492749978
SG_002384,0,0.1435910702219473,0.13480833730081293
SG_002386,1,0.18353672677664015,0.15980088127726957
SG_002388,0,0.14449522822215932,0.18745272536533283
SG_002389,0,0.20091182419721082,0.15444956464752557
SG_002393,0,0.11330078216557193,0.12286672098997946
SG_002395,0,0.24926276284331372,0.2403327987656116
SG_002397,0,0.24764155351976377,0.23102341169062546
SG_002398,0,0.24120982968031804,0.2472270507404248
SG_002399,0,0.12174973274399886,0.10708107176740363
SG_002400,0,0.16740800125488314,0.13882306282867596
SG_002403,0,0.10459722698349977,0.09261969702790383
SG_002405,0,0.18180225876665432,0.1653586881155455
SG_002406,0,0.18826128075180845,0.14272181656553873
SG_002408,0,0.1898658922786593,0.12359179218318046
SG_002409,0,0.227044262380556,0.20026609350980618
SG_002411,0,0.16920523324241157,0.1531338232954761
SG_002412,0,0.16259368780289757,0.12407225406202907
SG_002413,0,0.15120509464340934,0.17641297336737222
SG_002414,0,0.18006055278537375,0.17146463053875707
SG_002415,1,0.17045592152271696,0.19832574762549504
SG_002416,0,0.152779541678175,0.1619342024491016
SG_002417,1,0.16641890541618343,0.12159857262724888
SG_002418,0,0.16872548833731038,0.14567955049372244
SG_002420,0,0.1541160969722047,0.1387678088718151
SG_002424,1,0.18421531408663872,0.2425338269497876
SG_002425,0,0.10611231424598941,0.10747625059673947
SG_002426,1,0.16595236607780295,0.1364771532700719
SG_002427,0,0.10312983563237242,0.10019433537223879
SG_002428,0,0.15005367826095906,0.13443562295165165
SG_002431,0,0.16106154278518697,0.11092827849872217
SG_002432,0,0.15956953046218256,0.14707964857298447
SG_002433,0,0.16655668669061627,0.14813192706574535
SG_002435,0,0.2481625223405977,0.23340118054530773
SG_002436,0,0.1566863796704553,0.18131531358303637
SG_002438,0,0.16310818203657648,0.16496326727104293
SG_002439,0,0.18437062228537826,0.226947010268046
SG_002440,1,0.11448453959158668,0.11181025082981998
SG_002441,0,0.11569982438797637,0.1381314636268038
SG_002443,0,0.17418026179917862,0.17886293355135882
SG_002445,0,0.17886907464926974,0.20142205033080748
SG_002446,0,0.13721869590125507,0.13307353760586701
SG_002449,0,0.20725324229104608,0.2157776402589456
SG_002451,1,0.2812232742653383,0.28207561920883306
SG_002452,0,0.13003392907964656,0.1823678702330022
SG_002457,1,0.11549067941185225,0.10516538431034662
SG_002461,0,0.12047204750849053,0.09548935057104832
SG_002463,1,0.17411672037202655,0.17497370450834498
SG_002465,0,0.23683250225304264,0.17863204626778992
SG_002467,0,0.17001770575339464,0.22487544140830468
SG_002468,0,0.1691522226136181,0.15919952668794415
SG_002469,0,0.12247097966614984,0.14918577358789076
SG_002470,0,0.14428625911494622,0.1222533790970922
SG_002471,0,0.16566472049715994,0.12636244851811504
SG_002472,1,0.14766811825894763,0.14598007844630992
SG_002473,0,0.18683666333953636,0.26145116099384685
SG_002474,0,0.18182874859015075,0.1940826180491209
SG_002476,1,0.18016735285382804,0.16718489660765098
SG_002478,0,0.14783446241807133,0.18152630262792205
SG_002480,1,0.17881780434447697,0.2585713210233636
SG_002481,0,0.1917720029316914,0.23766928950619423
SG_002484,1,0.26422357317550205,0.21797083240986811
SG_002485,0,0.12540239456449098,0.16015035153933804
SG_002487,0,0.1519720596877991,0.15686341160345912
SG_002488,1,0.20246579736888445,0.17776395435245282
SG_002489,0,0.18441697334566415,0.18884109159934837
SG_002491,0,0.11977640114096462,0.09938913431834139
SG_002492,0,0.11190968676407442,0.11809934326033514
SG_002494,0,0.17596253552680824,0.1648782897489481
SG_002496,0,0.14100485635814056,0.13110170879859792
SG_002497,0,0.269800417252606,0.24058755728455283
SG_002499,1,0.2936393249243334,0.2642017925042618
SG_002501,0,0.185965736556007,0.18339339071366978
SG_002503,0,0.0876983243458983,0.06527766352710491
SG_002504,1,0.13064381994753985,0.13747725874527378
SG_002505,0,0.13894317218988592,0.1220936662279994
SG_002506,0,0.29539443958964534,0.2512483942698248
SG_002508,0,0.1673495891257472,0.12539052072946064
SG_002510,1,0.10330477519983361,0.13413018607353455
SG_002511,0,0.1701875440287895,0.15100853390382848
SG_002512,0,0.20413683385516376,0.20449637042613214
SG_002513,0,0.1441295172317648,0.13886497736742798
SG_002514,1,0.16634649183912573,0.16646783559921718
SG_002515,0,0.19548312692615008,0.23066861577956427
SG_002516,1,0.10988852605197172,0.13496800856043292
SG_002518,0,0.22898652638320194,0.19756572812056372
SG_002519,0,0.26028890692598416,0.3053332905307912
SG_002521,1,0.16970188295387062,0.15013454175773058
SG_002523,0,0.10801022611379024,0.09915897010708209
SG_002524,1,0.1691597696449278,0.18729186955123972
SG_002525,1,0.23186044431854977,0.2498272918325258
SG_002527,0,0.1449168402926884,0.11081201020872378
SG_002528,1,0.19786467493807244,0.3266206917782928
SG_002530,0,0.16935101419004905,0.1733343011468937
SG_002531,0,0.1438033351558215,0.13941263257981934
SG_002533,0,0.2717009117442804,0.22003324670627414
SG_002534,0,0.15770244126164543,0.13351955247264896
SG_002535,0,0.2059013089022285,0.23290593573041923
SG_002536,1,0.17183785982530334,0.15522234392183193
SG_002537,1,0.20102150436980507,0.16016970945236947
SG_002538,1,0.2113972830368085,0.27939173809499707
SG_002540,0,0.17113516005383325,0.1522579299063282
SG_002542,0,0.17350969592540788,0.16294877197862023
SG_002543,0,0.1600761600249024,0.16322187379635933
SG_002547,0,0.14059915573362414,0.15296691396393616
SG_002549,1,0.1247743008713994,0.12100962982198323
SG_002550,0,0.16680240468560706,0.1338878544804447
SG_002551,0,0.11540611538014091,0.12358354548281188
SG_002552,1,0.12133682540490555,0.14159708632102833
SG_002553,0,0.1482625343540475,0.19454794267677622
SG_002554,1,0.16465980027726537,0.13707776371210273
SG_002556,0,0.07919812350542751,0.0782332606483446
SG_002557,0,0.1712910783905226,0.182890323120033
SG_002558,0,0.1258683565193289,0.119039401020609
SG_002560,0,0.1833739106246325,0.23610854907877177
SG_002561,0,0.17314176361136674,0.1806279765263349
SG_002562,0,0.17552406897853645,0.18410512444540306
SG_002563,0,0.13355538335234335,0.13479322127434046
SG_002564,0,0.28126072187151124,0.2767144428407746
SG_002565,1,0.18134715752170474,0.17406398215252888
SG_002566,0,0.16767749933024187,0.19111744508056364
SG_002567,0,0.28941063639653053,0.24203543702315578
SG_002569,1,0.2186174579240714,0.22478483065823204
SG_002570,0,0.1648544951395954,0.08640807900855905
SG_002571,0,0.1662854990385083,0.19264397678731943
SG_002574,0,0.16636197383422643,0.1633610931491663
SG_002575,0,0.11825287847032016,0.09907651588869767
SG_002576,0,0.10914089057987914,0.10379979831045565
SG_002578,1,0.16106154278518697,0.09848836270838658
SG_002579,0,0.1832310812852515,0.18999526273168985
SG_002581,0,0.21701131519063951,0.14826644153721752
SG_002582,1,0.19045428289392075,0.25690946455543895
SG_002584,0,0.17830347261731638,0.24842043386994947
SG_002585,0,0.16001756749000043,0.13040683362266026
SG_002589,0,0.1675564118107807,0.1631691346579905
SG_002590,0,0.17287268768367406,0.20718913452444013
SG_002591,1,0.14747993823854894,0.1347400104520115
SG_002592,0,0.16374725958738573,0.16935244028677363
SG_002593,0,0.25257470924936004,0.24296990782154781
SG_002595,0,0.163182905943168,0.08622633473633001
SG_002598,0,0.25397363611972773,0.18191909260803552
SG_002602,0,0.19812749500499113,0.16590062266870956
SG_002603,0,0.2527820941181757,0.204351701130973
SG_002604,1,0.1825741649873151,0.14236908125621378
SG_002606,1,0.2701789741843245,0.23294512066081946
SG_002607,0,0.14924180680056393,0.13386088376038777
SG_002608,0,0.13014087362936563,0.11252902420423713
SG_002609,0,0.16106154278518697,0.09961209896675906
SG_002610,0,0.12276086689102524,0.10487384859652428
SG_002611,0,0.17544081826393804,0.13529848426303043
SG_002612,1,0.34940183653857765,0.32634789456717717
SG_002614,0,0.15874056949692128,0.23219317017911698
SG_002616,0,0.179334244888277,0.18438024292137467
SG_002617,0,0.11409528578352993,0.13789885892287435
SG_002619,0,0.16838653828949027,0.1906322408178843
SG_002620,0,0.1551099513234922,0.12462796925257341
SG_002621,0,0.12099052750528953,0.1520722109219087
SG_002623,0,0.09136826946805954,0.12442751388561396
SG_002624,0,0.15856805940273488,0.1990574652457482
SG_002625,0,0.10521413128269799,0.13968076909594462
SG_002626,0,0.09065544615195645,0.09180425282913628
SG_002629,0,0.1720167740458703,0.24910081623523886
SG_002631,0,0.11903507848577682,0.13419762774755603
SG_002632,1,0.13658578463907958,0.148285786413336
SG_002634,1,0.19347768470678184,0.2812841623258948
SG_002635,0,0.1934337216080106,0.27373364600531586
SG_002636,0,0.18809822476241728,0.20039737439994862
SG_002637,0,0.1584837601809467,0.1235613175301741
SG_002639,0,0.152767479744142,0.13472395356540767
SG_002640,0,0.12744174819575477,0.12270655760464054
SG_002641,0,0.18465701344900562,0.2698368321933653
SG_002642,0,0.16743183122334926,0.1620927277894239
SG_002643,1,0.16259368780289757,0.11387958728634218
SG_002644,0,0.13974590710295443,0.1595725340872779
SG_002645,0,0.2130742983223258,0.20978505894764277
SG_002646,0,0.17833683765264302,0.17286886902116544
SG_002647,0,0.2545236288625857,0.232099147825443
SG_002648,1,0.17861677716735652,0.2644943326878048
SG_002651,0,0.17399597828293625,0.23431031447900547
SG_002655,0,0.2413986350935013,0.2368420182102846
SG_002656,0,0.21236810506568776,0.18144453819561773
SG_002658,0,0.15078214485004293,0.1373600505780343
SG_002659,0,0.14876671265830238,0.17637147613535215
SG_002660,0,0.11668936018887383,0.1316578055650523
SG_002661,1,0.16883822896460413,0.16403594288138607
SG_002662,0,0.21497101518865303,0.18538147285185477
SG_002663,0,0.286882674760046,0.2535366213244534
SG_002668,0,0.1322406264795755,0.11673933230789936
SG_002669,0,0.172229231231568,0.19681815609135142
SG_002670,0,0.12225011916854527,0.19289527195160816
SG_002671,0,0.13140897617538433,0.15004340919348239
SG_002676,0,0.09713697268995938,0.0993750624895464
SG_002677,1,0.12843306456826184,0.13150962812856926
SG_002678,0,0.15717711112417218,0.13776221755838508
SG_002679,0,0.16603121168783405,0.15526786428757697
SG_002681,0,0.2352450459378737,0.23159078787087076
SG_002682,0,0.15463212031758955,0.17569069682394367
SG_002683,0,0.20921875566140766,0.19217806601875687
SG_002685,0,0.15256468333040993,0.15046890398576077
SG_002686,1,0.1453518658942459,0.12849179683599607
SG_002687,0,0.14122917181532307,0.15973075097891468
SG_002690,0,0.12433003103575363,0.13712852322408814
SG_002692,0,0.13730130395645745,0.10208223339196176
SG_002694,0,0.27194177466566866,0.22907791483745293
SG_002695,0,0.11475736762895769,0.1072592835910188
SG_002696,0,0.15557902498071233,0.1308297914507166
SG_002697,0,0.19518941090044853,0.17604673856833555
SG_002698,0,0.17692418378552674,0.18270169835250663
SG_002700,0,0.08928336723803557,0.09284165899749354
SG_002702,0,0.16616049524857887,0.12955317466919805
SG_002703,0,0.13723837541995393,0.09885154426380297
SG_002704,0,0.06753956635674892,0.07602334427920054
SG_002706,0,0.09404146689368015,0.11409823026827472
SG_002707,0,0.100658500757484,0.10059399188813689
SG_002708,0,0.13460928694960292,0.1073393021289255
SG_002709,0,0.15330202529276163,0.16282198904627393
SG_002710,0,0.15690132648832839,0.16275163021357755
SG_002711,0,0.19423721222750204,0.16923031491608656
SG_002712,0,0.12413725410923264,0.1376181181549441
SG_002713,1,0.16569753310319038,0.1377535662570455
SG_002714,0,0.15047378930452357,0.14635482180217424
SG_002715,1,0.13926424497691497,0.17815139615768524
SG_002716,0,0.17003775568655113,0.135960320421766
SG_002717,0,0.1544066810920991,0.15256969066420728
SG_002718,0,0.15708689100556392,0.16843354097982918
SG_002719,0,0.14524882710273052,0.12615002360769945
SG_002721,0,0.18663165964175488,0.19665954053526363
SG_002722,0,0.12616007047979053,0.13165362323905047
SG_002723,1,0.18406977116383555,0.19997615006224842
SG_002724,0,0.11374127480559997,0.07934073221736877
SG_002725,0,0.12554511581734681,0.1486207625671339
SG_002726,0,0.12822568318881739,0.13905942698318152
SG_002727,1,0.14290184520234134,0.16055422321771365
SG_002728,0,0.18812292276443904,0.1799918448141834
SG_002729,0,0.10599567424956,0.10861842822768093
SG_002730,0,0.10929337185667377,0.12444478737758523
SG_002732,0,0.17007231329364264,0.13133825675320665
SG_002734,0,0.16957269962627367,0.21375766136137567
SG_002737,1,0.17954763967165038,0.20355794307374653
SG_002739,0,0.2700602436087694,0.24671864474513575
SG_002740,0,0.2815657335870881,0.2208079311469225
SG_002741,0,0.2059709298607025,0.18799483486754842
SG_002743,0,0.23055629786148077,0.23502789565604126
SG_002744,0,0.13531404488099455,0.13475324590337223
SG_002745,0,0.2340662083362947,0.2242378743901909
SG_002747,0,0.1644446179073462,0.10461111513368336
SG_002749,0,0.16259368780289757,0.052754994724368745
SG_002750,1,0.19025225155130907,0.20332100033086845
SG_002751,0,0.11610829396312078,0.11722229129565463
SG_002753,0,0.13085679972423775,0.153799125421995
SG_002754,0,0.14497824721636088,0.14248388441566773
SG_002756,0,0.14329265548671838,0.16029710355126772
SG_002758,0,0.16259522824017222,0.0904397825216293
SG_002760,0,0.17500694006193457,0.19257004000383832
SG_002761,0,0.18477146900893282,0.17064323903574383
SG_002762,1,0.34011171520880346,0.2316815517594302
SG_002763,0,0.17214991088737147,0.166337935462779
SG_002764,1,0.32258045336998675,0.2907322150349152
SG_002765,0,0.18753661607421573,0.18941831725647315
SG_002766,0,0.16782506163737704,0.1479292702248962
SG_002768,0,0.19353997857022,0.16700798400180003
SG_002769,0,0.1860052671023272,0.19256910196947158
SG_002771,0,0.12513215789605076,0.12578012430157726
SG_002772,0,0.2465238629737744,0.29824162512824653
SG_002774,0,0.1711167050264746,0.14917636063668857
SG_002775,0,0.11463382139839348,0.10836045125082082
SG_002776,0,0.1772716038119991,0.24100753566714228
SG_002778,0,0.19741698546417777,0.20025891540350474
SG_002779,0,0.10368659336666583,0.12684692413972698
SG_002780,0,0.16106154278518697,0.0981042138053397
SG_002781,0,0.10909804063571674,0.13384198195812383
SG_002784,0,0.10011006778878793,0.10198455381791444
SG_002786,0,0.12413833630676187,0.14487153739373138
SG_002787,0,0.15827625911044946,0.14762947548856517
SG_002790,0,0.16896522202856878,0.15049031070827126
SG_002791,0,0.15250687288452724,0.1580863643894056
SG_002792,0,0.16820534122347605,0.12725457263192783
SG_002794,1,0.22954690256933483,0.24408318695598394
SG_002795,0,0.16358514155814557,0.1297266145325812
SG_002797,0,0.185161902655891,0.20335966115563187
SG_002799,1,0.2263654262733617,0.1971954254808446
SG_002800,0,0.09821365541984432,0.0821655752121181
SG_002801,0,0.24191106055206177,0.3004197617304017
SG_002802,0,0.1457371482045834,0.15386247063018701
SG_002803,1,0.16106154278518697,0.09329687207523081
SG_002804,0,0.13365682316810606,0.13859567984687032
SG_002805,0,0.14305298711517836,0.15673958411767425
SG_002806,0,0.10926384857971336,0.11617748806039829
SG_002807,1,0.19033586539016517,0.25276574666151647
SG_002808,0,0.20003395468839932,0.17276531862542563
SG_002810,0,0.18803781490012125,0.1945217919238274
SG_002811,0,0.24907197456279645,0.22638969136568707
SG_002812,0,0.2601088389937035,0.24780630729913114
SG_002813,0,0.15446935160214337,0.18381792745113765
SG_002815,0,0.16970792603762763,0.13853150924406785
SG_002816,1,0.14719952520711493,0.14220321770092367
SG_002817,1,0.20035030321876737,0.18553373885811625
SG_002818,0,0.1687500279738248,0.1843379571847701
SG_002819,0,0.1159804996456996,0.12052782686749842
SG_002821,0,0.20098125867836011,0.259782181293767
SG_002822,1,0.15204002636358604,0.12723545313166965
SG_002823,0,0.1747865206065076,0.2117932148352378
SG_002824,1,0.11880591337558996,0.13484161229714103
SG_002826,0,0.13329407489764014,0.148018416866078
SG_002828,0,0.15609022874689396,0.17990114032158458
SG_002830,0,0.12363298460950492,0.14440226219655333
SG_002831,0,0.15775207240954195,0.13682310600368752
SG_002833,1,0.30626353417526003,0.24201105872304124
SG_002835,0,0.11202412301238052,0.10059593375889522
SG_002836,0,0.17346545842461653,0.2357660083535452
SG_002837,0,0.1729279355005629,0.20665608193529697
SG_002838,0,0.16672326606268412,0.1591393743219066
SG_002839,0,0.3038935950795182,0.32881890080640475
SG_002841,0,0.12107758491021077,0.09607276868638512
SG_002844,0,0.23634126776339415,0.19155033359247486
SG_002845,0,0.18733925555812464,0.2377603162795692
SG_002846,0,0.15971456898719794,0.13218321108531428
SG_002847,0,0.24779707523979946,0.22528661799710603
SG_002848,0,0.14627811214050085,0.12421115101981658
SG_002851,0,0.12581945053096796,0.16832183963899872
SG_002852,0,0.1754624098185724,0.2511326102919847
SG_002854,0,0.2209278598280916,0.2521083262680034
SG_002855,1,0.21374102742502568,0.22967039547724538
SG_002856,0,0.11181201400236378,0.13704128551084307
SG_002857,0,0.17245907950317774,0.21260332678994204
SG_002858,0,0.18598353017439112,0.19214020661893905
SG_002859,0,0.14685015388240813,0.15544109696859912
SG_002860,0,0.17298222999429233,0.17179421333183353
SG_002861,0,0.10032234273328573,0.13356744162994286
SG_002862,0,0.15482271239203824,0.14329241152955594
SG_002863,0,0.17586655579429544,0.17729727438508483
SG_002864,1,0.18027792721645675,0.1463557456616515
SG_002865,0,0.09970431789497199,0.12936926277383767
SG_002866,0,0.1667741313861556,0.17527898072421436
SG_002867,0,0.14106365594976827,0.12722761175574823
SG_002868,0,0.1022762341240213,0.11006142298285773
SG_002869,0,0.16462601085614334,0.12528657115330902
SG_002870,0,0.2514515159231556,0.23514337327715565
SG_002871,1,0.17105553095034878,0.14841662439504436
SG_002872,0,0.11061318396284578,0.10959955747763511
SG_002873,0,0.08912530439110915,0.09925019404990841
SG_002874,0,0.13489119119266724,0.16064170134646566
SG_002876,1,0.36952741627141256,0.33097229619341334
SG_002877,0,0.11910303355363247,0.12298329145332876
SG_002878,0,0.10482864840849823,0.11206413764421276
SG_002879,0,0.17216331448182837,0.14580127254264436
SG_002880,0,0.06932142681753392,0.0986220122943302
SG_002881,1,0.20704383445799615,0.20063074752038038
SG_002883,1,0.2354874916264808,0.24687895680394709
SG_002884,1,0.1191423911068501,0.13647553701444287
SG_002885,1,0.16460026911723835,0.15977421826000834
SG_002886,1,0.2486300067213625,0.21394633169789948
SG_002888,0,0.18398790860661893,0.16434035926163149
SG_002889,0,0.15337643217367447,0.15837540068764838
SG_002890,1,0.14120716794212432,0.16225494254549666
SG_002892,0,0.21802706700216545,0.23820499386816926
SG_002893,0,0.13424392035096067,0.14411580872274501
SG_002894,0,0.12753752005733313,0.1249065800660191
SG_002895,0,0.10061579553422255,0.09896871924280456
SG_002897,0,0.17604300375064483,0.21388526269640845
SG_002898,0,0.17165694339503182,0.1375286601008763
SG_002899,0,0.1637496595389417,0.1303527934749999
SG_002900,0,0.1695558331411308,0.13130060525731785
SG_002901,0,0.30974808057194275,0.3017578113925078
SG_002902,1,0.23772810625153348,0.20985376423714114
SG_002903,1,0.17547855573312346,0.19332895015218104
SG_002905,1,0.17215141052780814,0.17424389729863668
SG_002908,1,0.22967867078198556,0.20866333440453844
SG_002909,0,0.1557697980608901,0.1518833130413914
SG_002911,0,0.1593756284782414,0.1377590741529422
SG_002912,1,0.20559026601998606,0.18051196720600304
SG_002913,0,0.17633619098277642,0.17961768521100122
SG_002914,1,0.1630352391488626,0.16402420428324277
SG_002915,0,0.17551237264390157,0.1822639510980896
SG_002916,0,0.187989156584449,0.2262546176896212
SG_002917,1,0.20289064399297296,0.2103502610807411
SG_002919,0,0.2381111704132691,0.22162441701831326
SG_002920,0,0.11106538997255125,0.10997040693047765
SG_002921,0,0.16041586182956682,0.12205725610134821
SG_002922,1,0.1652172968716871,0.20387350847192356
SG_002923,1,0.20762401718993848,0.25488627839755396
SG_002924,0,0.17451672149123165,0.17775734678763533
SG_002925,0,0.12063522715660416,0.1462913196624566
SG_002927,1,0.14903619671685436,0.13318699076293983
SG_002928,0,0.15926200929518008,0.15126125108020516
SG_002929,1,0.1522848026830312,0.16715606404996677
SG_002931,0,0.1137714951428309,0.12188262075930673
SG_002933,0,0.16106154278518697,0.08726025773074352
SG_002934,0,0.23513909278468326,0.2081809744644867
SG_002935,1,0.14665271840758784,0.13613592789319193
SG_002936,0,0.1311171338609532,0.09907850997134358
SG_002938,1,0.17851475207580353,0.18822688852266473
SG_002940,0,0.1643327301803195,0.14053049093861922
SG_002941,0,0.17724428128931535,0.2133455995141291
SG_002942,0,0.1046873913116882,0.09675745680407508
SG_002945,0,0.18123191620112075,0.1712799349658699
SG_002946,1,0.17160803213918,0.18894344282575326
SG_002948,0,0.15298219495971338,0.1526652732297123
SG_002951,1,0.155712358322801,0.2087511407661051
SG_002953,0,0.13282047219250215,0.15973144689263993
SG_002956,0,0.17669181185486338,0.17191230280595488
SG_002957,0,0.18886653159363884,0.22751205870659605
SG_002959,0,0.16259368780289757,0.10900914658784994
SG_002961,1,0.17109109744769968,0.11690360186560528
SG_002962,1,0.19989027577965016,0.22539812901644915
SG_002963,1,0.16277522054257035,0.20164414869261255
SG_002965,0,0.2524085433728241,0.23219231990748207
SG_002966,0,0.1292290349602028,0.1399384640906658
SG_002968,0,0.09707182110574468,0.10637040109255685
SG_002969,0,0.17600823478571856,0.12957217201273283
SG_002970,0,0.10731602553305883,0.14881676797036428
SG_002971,0,0.16301745560854577,0.15222214688607716
SG_002973,0,0.09564134458222928,0.11978091536641941
SG_002974,0,0.14718267331127277,0.16706648389366788
SG_002975,0,0.16595523095583162,0.13833251263633273
SG_002976,0,0.11017690887460124,0.08814275024000987
SG_002977,0,0.13037898755764235,0.17690045617878217
SG_002978,1,0.20676608299664834,0.17348192886051492
SG_002979,0,0.2432813339259697,0.280559787119735
SG_002980,0,0.1654629787251941,0.14431272032116987
SG_002981,0,0.1733330892011945,0.16195037943028495
SG_002983,0,0.13859246803128789,0.13045629015902332
SG_002984,0,0.22473003964935415,0.2426045755443249
SG_002986,0,0.17603139366972637,0.1528587099698253
SG_002987,0,0.09823198957040984,0.12728122386294055
SG_002988,0,0.11629399808355016,0.13700635506959571
SG_002990,0,0.15285340392040678,0.16803242496816445
SG_002991,1,0.2170890431399692,0.17557928120148877
SG_002992,0,0.1409484539053858,0.13271962660358005
SG_002993,0,0.1677318341144023,0.1799010171552642
SG_002994,0,0.15420728194715372,0.16114767904468072
SG_002995,1,0.16106154278518697,0.11958765026153025
SG_002996,0,0.17031570118853423,0.15973604074906686
SG_002997,0,0.17378637173119238,0.23412566252953276
SG_002998,0,0.15938504065004888,0.1789647368826432
SG_003000,1,0.16259368780289757,0.12322574186641937
SG_003001,0,0.12153110398952315,0.16380440660929685
SG_003003,1,0.13979705174851176,0.15211832658436206
SG_003004,0,0.15089065502994994,0.15512005371293344
SG_003005,0,0.121213101357268,0.12864781935972597
SG_003006,0,0.17179789959617528,0.12847958909866947
SG_003007,0,0.24410019496890797,0.24753314809064453
SG_003009,0,0.13353112636089778,0.1680259166437194
SG_003010,0,0.13138638860512025,0.11627558575946319
SG_003011,0,0.19370009679245326,0.18619771688862818
SG_003012,0,0.1368485498762275,0.12989316010049426
SG_003013,0,0.18057516207550758,0.2155283552203243
SG_003014,0,0.15475856201278063,0.14766546418605841
SG_003015,0,0.2263255872488721,0.1626146547966734
SG_003016,0,0.3032770546433026,0.29643185219421714
SG_003017,0,0.1357110257504731,0.14593147751109015
SG_003018,0,0.2156314205821844,0.2253452853867019
SG_003019,0,0.10412302998473427,0.1013103891256959
SG_003020,0,0.20121141531536924,0.14685570053235603
SG_003021,0,0.16254923763655735,0.1515464335527881
SG_003022,0,0.13024187471607562,0.1483922413583381
SG_003025,0,0.1744889351963455,0.18733807667065497
SG_003027,0,0.16423426023694482,0.1477161679572485
SG_003029,0,0.1744965659608834,0.23442045994719157
SG_003032,0,0.06942566125123319,0.08892666661725153
SG_003033,0,0.08056586623648679,0.08360564567534687
SG_003034,0,0.25787704465208394,0.22698327744990163
SG_003035,0,0.1738167809721969,0.16452955291896748
SG_003036,0,0.13808319842327207,0.12750353527623912
SG_003038,0,0.20281451368764936,0.22172788864022702
SG_003039,0,0.1303294289194718,0.12130141714359748
SG_003040,0,0.1644492866990017,0.13317321727975232
SG_003041,0,0.22782018819687094,0.2536253614457061
SG_003046,0,0.16390843219390655,0.10504568783727186
SG_003047,0,0.16530820080809955,0.17516789509436248
SG_003050,0,0.13374539897864532,0.1607470584642121
SG_003053,0,0.28917415650929706,0.2871452762987566
SG_003054,1,0.10131410066047859,0.10171170691094633
SG_003055,0,0.17278007535879067,0.12447310899239578
SG_003056,0,0.11396293991238628,0.09960700854676177
SG_003057,0,0.13259875434639998,0.1535045522573201
SG_003058,0,0.16687454058925172,0.11604987676511799
SG_003060,0,0.13933263492709022,0.1329329646456042
SG_003061,0,0.18544337758349144,0.22296249564705234
SG_003063,0,0.16695865638785912,0.15560114096505295
SG_003064,0,0.18315469029303685,0.22698093409074896
SG_003066,0,0.17656687833462426,0.15910177946245477
SG_003068,0,0.16810678677700175,0.17875425852285537
SG_003069,0,0.18402268049492868,0.2297361838625239
SG_003070,0,0.1003911655288922,0.10414775478410565
SG_003074,0,0.16887247232964922,0.15317573354094888
SG_003076,1,0.0805847721766874,0.09303128922893075
SG_003077,0,0.233109204068732,0.25452581866939294
SG_003078,0,0.17241345456076726,0.15041797385709677
SG_003079,0,0.16106154278518697,0.1134910568865425
SG_003081,0,0.13567849586788225,0.18210173585108258
SG_003083,1,0.21112417883105897,0.22548999732774058
SG_003086,0,0.16724757949293767,0.19976437130076813
SG_003087,1,0.22828806933563017,0.20651775315570575
SG_003090,0,0.11458434396954381,0.14550226139573286
SG_003091,0,0.1721293170238383,0.17082334409680172
SG_003092,0,0.10739353629112768,0.12544591994756277
SG_003093,0,0.16413378747492435,0.12031389574255455
SG_003094,0,0.18283742280582718,0.17776103455758616
SG_003095,0,0.15862407160380781,0.13518283879450954
SG_003098,0,0.16259368780289757,0.1408386900324693
SG_003099,0,0.16672326606268412,0.13731218811129073
SG_003100,0,0.18422653528680927,0.24141570519063726
SG_003101,0,0.18343358105599306,0.19643718190726234
SG_003103,1,0.19052808572998184,0.23273591326915274
SG_003104,0,0.1375332251134005,0.15527700847289136
SG_003106,1,0.11758522964179742,0.1680982123409655
SG_003108,0,0.12589498882259628,0.10312093281832457
SG_003109,0,0.16521396453736326,0.12367717256792442
SG_003110,0,0.17251003254434202,0.13721353367402545
SG_003112,0,0.12272519564357291,0.08690403245869682
SG_003113,1,0.16452215086497757,0.10690896111012697
SG_003114,0,0.15881423363589883,0.14473735700478627
SG_003115,0,0.22380103562197243,0.22535046549932805
SG_003117,1,0.25634040947105985,0.2485209999601596
SG_003119,0,0.18315180422420416,0.2137626865226779
SG_003120,1,0.19004284057589124,0.22064988264103277
SG_003121,0,0.27332171590755827,0.25121265094988643
SG_003122,1,0.21753894857408088,0.1790760380002699
SG_003123,0,0.11573853318529398,0.14288414259993376
SG_003124,0,0.23029723604720925,0.21906468465677553
SG_003126,0,0.14570805952607416,0.1483635287660282
SG_003128,0,0.1797012724403403,0.26506933423838597
SG_003129,0,0.12363932734444441,0.1676114506081397
SG_003130,1,0.15271294876504105,0.13611305194707699
SG_003131,1,0.09571318272414428,0.10065930331796519
SG_003132,0,0.1422131551043299,0.24883544631967552
SG_003134,1,0.16106154278518697,0.067547209632196
SG_003136,1,0.16259368780289757,0.14490955417228982
SG_003140,0,0.1993607532661836,0.19706299743402533
SG_003142,1,0.168395788110916,0.1250579120606006
SG_003143,0,0.1478027452383703,0.14664124534398804
SG_003145,0,0.15562941823033904,0.1329802397616726
SG_003146,0,0.10521120463033524,0.10977193169544468
SG_003147,0,0.208601547824183,0.21079958450172323
SG_003148,0,0.18603551589821693,0.26757381505615474
SG_003149,0,0.17094586011852164,0.1724877980694267
SG_003150,0,0.1654168864184033,0.18256835180130046
SG_003152,0,0.16340849633218998,0.12531809259269602
SG_003153,0,0.18342626644681506,0.2202987694410178
SG_003155,0,0.1666499561971396,0.1239517699897639
SG_003156,1,0.10319395964038526,0.0893194467684549
SG_003157,0,0.18703127125876076,0.1717469481042139
SG_003159,0,0.22809896368624577,0.2046395411180327
SG_003161,1,0.2965917089067626,0.2318815793501871
SG_003162,0,0.18153288994745384,0.19268938536852623
SG_003163,0,0.16793009574712386,0.14654571997096727
SG_003165,0,0.10842247238508873,0.09301905140327865
SG_003166,0,0.1489524773123188,0.15744152032012942
SG_003167,0,0.10492817850463101,0.11750499552683968
SG_003170,0,0.094460722768113,0.11213191124323807
SG_003171,0,0.10396706430837287,0.11344974350152569
SG_003172,1,0.1513308030393889,0.13903286869701362
SG_003173,0,0.16853607640752336,0.13890907761767765
SG_003175,0,0.1610948478615112,0.11867127809347852
SG_003176,1,0.18427939146409272,0.2517772811280029
SG_003177,0,0.1729736826567718,0.2215779922545539
SG_003178,0,0.17994759498692456,0.19593650375881808
SG_003180,0,0.17443259366005862,0.1808373625612197
SG_003181,0,0.1940921353365635,0.29725504657833896
SG_003182,0,0.1864998171008889,0.16341647488785696
SG_003183,0,0.2526932314219257,0.32218056356500824
SG_003185,0,0.1686823302563525,0.16090822256787085
SG_003187,0,0.2753167446190432,0.21097493423372143
SG_003188,0,0.15170767339128535,0.19071672721412494
SG_003189,0,0.16898075256039335,0.15116606556677042
SG_003190,0,0.10796124402556427,0.13672951388355536
SG_003191,0,0.16768251420823746,0.1675710413794498
SG_003192,1,0.20734254155072387,0.1622550009758478
SG_003194,0,0.15945228361011482,0.17929364744486656
SG_003195,0,0.1358984810862162,0.12473841277642565
SG_003197,0,0.12836499626515327,0.11582610199780026
SG_003199,0,0.1802943830464002,0.1884605027915935
SG_003200,0,0.15729056376702927,0.12603341932329487
SG_003202,1,0.23182890837648432,0.22069625150260144
SG_003203,0,0.17110092304037172,0.12866965467587646
SG_003207,0,0.12113966928083787,0.13392959099286283
SG_003208,0,0.17455455095654465,0.21693710404529906
SG_003209,1,0.21107315547378916,0.17098380774028843
SG_003210,0,0.17232271706887953,0.18101733551890611
SG_003212,0,0.16918519044274324,0.15032996559732062
SG_003213,1,0.16450213325245522,0.1503147713772252
SG_003218,0,0.19710166046800212,0.1651422252787454
SG_003220,0,0.1795339358310961,0.1573471481007827
SG_003221,0,0.16462601085614334,0.16779943208308537
SG_003222,0,0.18578350815263062,0.17767137027649715
SG_003223,0,0.2035025481646478,0.22561294889708924
SG_003224,0,0.16691618261248026,0.1603167796323578
SG_003225,0,0.17996532553029598,0.2252739173912981
SG_003228,1,0.25242739217462323,0.3054025121045068
SG_003229,0,0.18797405659899358,0.20433079468422607
SG_003233,0,0.16106154278518697,0.06561885156351277
SG_003235,1,0.16106154278518697,0.10581396749862097
SG_003236,0,0.1767210142109443,0.2441005358158299
SG_003237,0,0.15880043533053104,0.18003940994458328
SG_003238,0,0.12407149101002721,0.10682508667312264
SG_003240,0,0.14901152899488582,0.14539950425158116
SG_003242,0,0.1483847054064908,0.1665663368305871
SG_003244,0,0.21259066991696268,0.18603538741359196
SG_003245,0,0.18008745628185946,0.14641419404489653
SG_003246,0,0.16474074336479202,0.20882771929880578
SG_003247,0,0.15611113647754274,0.14664084124361415
SG_003248,0,0.13123929607447196,0.13344007276262876
SG_003249,0,0.1670345290577411,0.12521610194366212
SG_003251,0,0.20631150688295435,0.2081909805253915
SG_003252,1,0.12475158526252336,0.15089851797970355
SG_003254,0,0.20157641727612705,0.2075669018654654
SG_003255,0,0.1658507485204137,0.17863504274494457
SG_003257,0,0.14697687409600874,0.17720242445415418
SG_003258,0,0.14958850255361542,0.16112951136108397
SG_003260,0,0.13743599720430286,0.1503029570380393
SG_003261,1,0.15448303480808873,0.19514746825714885
SG_003262,1,0.13379130569283978,0.09955411705090948
SG_003263,0,0.16984300355498838,0.1909940986458961
SG_003264,0,0.17424692604532804,0.15377899786906538
SG_003265,0,0.1334737920951861,0.11120942047948755
SG_003267,0,0.14953930825403092,0.1384876602157489
SG_003268,0,0.1873821012716547,0.18908843104408402
SG_003269,0,0.17494039662194705,0.20702582257191815
SG_003270,0,0.2079888892872093,0.1592871167021727
SG_003271,0,0.21565179619101313,0.21384430709304794
SG_003274,0,0.16739689063335506,0.2112792900352844
SG_003275,0,0.1875764510382237,0.15435789174814368
SG_003276,0,0.22056942635018612,0.18142610014063307
SG_003277,0,0.12170018395322778,0.13223508463714764
SG_003278,0,0.14346031751057342,0.14694069503925017
SG_003279,1,0.15899279947016168,0.11533116895497503
SG_003280,1,0.15773194799883694,0.1346743752484007
SG_003282,0,0.13682926052392505,0.14093399692561154
SG_003283,0,0.13535812694881325,0.12739873969587207
SG_003285,1,0.16131770793231506,0.15429275300969755
SG_003286,0,0.1405380204937377,0.17025220015356235
SG_003287,0,0.12505127817944342,0.1595740222130273
SG_003289,0,0.1643327301803195,0.10608606341731082
SG_003290,1,0.1686335653180061,0.15582213141502604
SG_003291,0,0.12056960189936324,0.12870660968610043
SG_003292,0,0.18581161496228416,0.15563014697429023
SG_003297,0,0.17166404255562356,0.17247715188203697
SG_003298,0,0.16106154278518697,0.11722424888701123
SG_003299,0,0.16106154278518697,0.11570099602437406
SG_003300,0,0.12164797511106265,0.15064264497476504
SG_003302,0,0.10749218081692428,0.12861265340453798
SG_003303,0,0.1407918257704351,0.14149594990062644
SG_003306,0,0.14278754915843242,0.14169895388748954
SG_003308,0,0.29737336568046646,0.23745515621033023
SG_003309,0,0.13446654420527118,0.13457149336255986
SG_003311,0,0.1207406090714597,0.14118725386511996
SG_003312,0,0.16537119582497703,0.15067508378946246
SG_003313,0,0.10041061180461672,0.09249581120111289
SG_003315,0,0.11367469136186147,0.1064302619807958
SG_003316,0,0.15847805898724676,0.1779202246032634
SG_003317,0,0.1690539147794164,0.18748017331388356
SG_003318,0,0.15512700044633299,0.17088633553257107
SG_003319,0,0.12998333716133317,0.11776151749522662
SG_003320,0,0.1625239545232511,0.14328298871426737
SG_003322,0,0.16106154278518697,0.08545707767765565
SG_003323,0,0.16259368780289757,0.11324939135773358
SG_003324,0,0.15448169080630456,0.16462094471112648
SG_003326,0,0.22218458982209488,0.2488001119600121
SG_003327,0,0.1876925510943558,0.155091372629693
SG_003329,0,0.11957249895156051,0.11045591121625269
SG_003330,0,0.23028269011276212,0.18934524794636204
SG_003334,0,0.13503174415912797,0.11863630190761508
SG_003335,0,0.1546421648298672,0.20336858550303258
SG_003336,0,0.144505030495698,0.18766262124640967
SG_003337,0,0.20113774384215166,0.2127440171024164
SG_003338,0,0.13578050162939245,0.17596688064303956
SG_003339,0,0.15488547793043486,0.17875130130818506
SG_003343,0,0.20657371139758737,0.19913246956066863
SG_003344,1,0.1943703568315854,0.19090590863794316
SG_003345,0,0.17249529776750186,0.20148852939955883
SG_003346,0,0.15154086891050986,0.19355388096325962
SG_003347,0,0.18162621726951178,0.20355174007193447
SG_003348,1,0.18188152733989954,0.20811084526015936
SG_003350,0,0.11472318186814032,0.12931951063589284
SG_003351,0,0.18744298377212507,0.23396175452603415
SG_003352,0,0.1802853410133733,0.22996517216974446
SG_003353,0,0.16055004522991642,0.18974288182175597
SG_003354,0,0.12256409804602732,0.2236570345096056
SG_003356,0,0.21218236589881898,0.21468090106889773
SG_003358,0,0.1543374222806443,0.15178207174757816
SG_003359,0,0.10752384716832067,0.09987666304154998
SG_003360,0,0.1749046299992585,0.13751855544340033
SG_003362,0,0.153309074676058,0.1514169634662391
SG_003363,0,0.18714159126301236,0.17335035039787167
SG_003364,0,0.2328374409177278,0.19452111920426554
SG_003365,0,0.169079555916623,0.211809687601964
SG_003366,0,0.11493833309306688,0.13926757322966338
SG_003367,0,0.14999797299127568,0.14889994848719348
SG_003368,0,0.2637113917136457,0.23282053155828197
SG_003369,0,0.14791030552543033,0.1527759902718046
SG_003372,1,0.135162918057524,0.1364893603084683
SG_003375,0,0.13674571531116952,0.13043608442713303
SG_003376,1,0.24231450230678084,0.1973757359604189
SG_003377,0,0.16259368780289757,0.07712277473963947
SG_003378,0,0.1516820512697944,0.14958026298459765
SG_003380,1,0.1598339502797877,0.182929701808308
SG_003381,1,0.14427638030220666,0.17749142967183204
SG_003382,0,0.15822886233117175,0.15144872896954634
SG_003383,0,0.1457717188205772,0.16326971386301173
SG_003384,0,0.23416491897224764,0.20853146961611463
SG_003385,0,0.12378880284598233,0.12139861788158263
SG_003386,0,0.1852936676905077,0.2735114083277614
SG_003387,0,0.14508596641348845,0.1397840469935766
SG_003394,0,0.21087575193218333,0.23478982526204292
SG_003395,0,0.12708282238780533,0.11567396384337032
SG_003396,0,0.1364997476668716,0.1093964083313478
SG_003400,0,0.1609431256174432,0.16310120853388715
SG_003401,0,0.31364257794204287,0.2750980823964541
SG_003403,0,0.15125240651305413,0.12830685833689542
SG_003405,0,0.09312307900481454,0.13996067711444737
SG_003406,0,0.145671227123603,0.15420448589657532
SG_003409,0,0.20367491572427313,0.22107666070027376
SG_003410,0,0.11461060408932613,0.10669314178895675
SG_003411,0,0.31351686429134096,0.31179630812573483
SG_003412,0,0.17532480882522478,0.1597192324674989
SG_003413,0,0.1863502434860982,0.23843618875022707
SG_003414,0,0.15900836236157032,0.15048167072846333
SG_003415,0,0.16670865496497317,0.1490634330009336
SG_003416,0,0.23786331544028894,0.21495183128107925
SG_003417,0,0.1412884124155634,0.17432250741339894
SG_003418,1,0.16583522417258725,0.14228676434586318
SG_003419,0,0.10046586124829689,0.1009690963451719
SG_003420,0,0.2285429437012097,0.23958730089840974
SG_003421,1,0.1716607392094711,0.18031134165532123
SG_003423,0,0.23120197037791557,0.2201095533034692
SG_003424,0,0.11516781061623814,0.1309536273787611
SG_003425,0,0.3705595462378635,0.2852585824867905
SG_003427,0,0.14533767967225103,0.15918860583362132
SG_003428,1,0.17741065033323372,0.1630583416786437
SG_003429,0,0.15374439639594645,0.1630324397737099
SG_003431,0,0.12053890975011297,0.10203387224841283
SG_003432,1,0.17460206237051928,0.10841587914058992
SG_003433,0,0.11641158536873826,0.1481635206553195
SG_003435,0,0.10000568811630672,0.11795662384245083
SG_003436,0,0.15728809987017064,0.14111212532666775
SG_003438,0,0.17378083659005147,0.13358885319933878
SG_003442,0,0.20686158208666944,0.2493807748035509
SG_003443,0,0.21721763111885325,0.20993730303413
SG_003445,0,0.17063705482691066,0.14186791570626062
SG_003446,0,0.19468089947681194,0.21593878211832748
SG_003448,0,0.14063113489758836,0.15920067124434978
SG_003449,1,0.1551870220533191,0.16367899132141336
SG_003450,0,0.1385820505578634,0.12898907887672398
SG_003451,0,0.2064471584273617,0.18518849081404745
SG_003454,0,0.25745507133326084,0.23774255835549965
SG_003455,0,0.18898686127688527,0.22328903364240646
SG_003456,1,0.20151030428902972,0.21085670651927976
SG_003457,0,0.1572840644470481,0.1550579272780885
SG_003458,0,0.10303518137777054,0.1322916818273765
SG_003459,0,0.21463268182942377,0.19279201327627596
SG_003460,0,0.2720146308508843,0.2532908016240459
SG_003461,0,0.10595616647954612,0.11723522431747375
SG_003462,0,0.1778865548772328,0.17838864180033828
SG_003463,0,0.0964912893284388,0.13887895825937585
SG_003465,0,0.19410186122754844,0.14706965782663764
SG_003466,1,0.16166384653713034,0.1968143213539922
SG_003467,0,0.2968596782926252,0.2544299244034116
SG_003468,0,0.1725963068845031,0.16360709755903383
SG_003470,0,0.1736598467044526,0.16842564406099927
SG_003471,1,0.18337837021416495,0.1791237783996727
SG_003472,0,0.18256518741484715,0.1746635970118335
SG_003473,0,0.1177303037207017,0.11810231940773969
SG_003474,0,0.136207932249132,0.13096582257318823
SG_003476,0,0.21012808208426373,0.19881801902332205
SG_003478,0,0.1342510976723183,0.1260343151529395
SG_003481,0,0.2241374148121139,0.25125437010445173
SG_003484,0,0.10978279588769321,0.11519836944404593
SG_003487,0,0.15748311607464907,0.18048969679537855
SG_003488,0,0.15444235054302283,0.18113495878622204
SG_003490,0,0.16320498970902833,0.12135869080488763
SG_003494,0,0.15718854264867757,0.17611673050867654
SG_003495,0,0.12872142100039735,0.1667507690951415
SG_003496,0,0.16357226954693957,0.20443109048510996
SG_003497,0,0.12636180846845094,0.1251162414445711
SG_003498,1,0.206844584954433,0.17762392198573848
SG_003499,0,0.13421762223487643,0.1303672846116527
SG_003500,0,0.202644005064907,0.20326084329231037
SG_003502,0,0.14905074264404106,0.15448225361644388
SG_003503,0,0.1693738681593424,0.11601852515450133
SG_003504,0,0.10218997321459604,0.11996028352700243
SG_003506,0,0.1299621697062163,0.10394964637197908
SG_003507,0,0.11498657156955691,0.11938728637089799
SG_003508,0,0.1906459117023206,0.21128214521294447
SG_003510,0,0.12343992284119912,0.12183555193162778
SG_003511,0,0.13848155486309358,0.14927742057640975
SG_003512,0,0.15522139892751358,0.17581387960005962
SG_003513,0,0.14844255058691147,0.15096865614401211
SG_003514,0,0.1445248201011761,0.11904694613354046
SG_003515,0,0.18261058984109954,0.17114022613064644
SG_003516,0,0.14782137791086908,0.1432290556045627
SG_003518,1,0.2366107085381611,0.24292158009841136
SG_003519,0,0.11371232482531013,0.14019202181023385
SG_003520,0,0.09044235470703867,0.08237516343688836
SG_003522,0,0.16397370460216149,0.14889202993794828
SG_003523,0,0.07757405073571608,0.07984719142626268
SG_003524,1,0.12821420030190642,0.15201471678859693
SG_003525,0,0.13435585958972604,0.16588806816016038
SG_003527,0,0.17985629155069244,0.20444225492476517
SG_003529,0,0.11084698352097025,0.13996540121604711
SG_003530,1,0.15066242949630607,0.11376433518879936
SG_003531,0,0.11550275527912451,0.10655944620828206
SG_003533,1,0.17635365985008034,0.16237759390573248
SG_003534,0,0.08222461060601108,0.10103701122228811
SG_003536,1,0.19547147395348408,0.2106918718106788
SG_003537,0,0.11528417808862326,0.15984279579509497
SG_003539,1,0.21636709912808605,0.23179879842659148
SG_003540,0,0.16106154278518697,0.10258237198441089
SG_003542,0,0.2036093748484418,0.2050005255740478
SG_003543,0,0.12193108799777526,0.10592854279836023
SG_003544,0,0.22807738251929954,0.22301229143820786
SG_003546,1,0.16400477786627946,0.09934778840694301
SG_003547,0,0.2478502047114814,0.23593389457307085
SG_003550,1,0.2980029672924637,0.29697489759438606
SG_003551,0,0.14896975215258682,0.16540276591680117
SG_003552,0,0.1991168206772178,0.21918988220331534
SG_003553,0,0.21349730803108136,0.2055470612133861
SG_003555,0,0.18741429250324804,0.22645923086319183
SG_003556,0,0.1837196214083149,0.17867597354952355
SG_003558,0,0.21679451464444444,0.1582981802925964
SG_003559,0,0.20251382292901793,0.15440468182496767
SG_003560,0,0.14278770864601878,0.1706446875093472
SG_003561,0,0.1254525971126508,0.14374198202546673
SG_003562,1,0.1694189607964913,0.11844161910966475
SG_003563,0,0.1362494226755023,0.14698069944125408
SG_003564,0,0.15626105552360667,0.17292802858000053
SG_003565,1,0.18168402541941805,0.1728272006639319
SG_003567,0,0.19846950572882602,0.20380945058800898
SG_003569,0,0.07820470166378353,0.11804126830877652
SG_003570,0,0.17755335223480329,0.19908396731395878
SG_003571,0,0.23814428018684264,0.19460912710459516
SG_003573,0,0.09022003930837844,0.12385849688023205
SG_003574,0,0.16156144202700404,0.17480061461082821
SG_003576,0,0.13951229504869284,0.13226419194066036
SG_003577,0,0.13771606415821083,0.1555030495366562
SG_003579,0,0.16259368780289757,0.10797130379119181
SG_003580,0,0.11660596828196952,0.11568470003094895
SG_003581,0,0.12125170370014597,0.11506420883574013
SG_003582,0,0.18091358540323582,0.21123869978341986
SG_003583,0,0.1734820764306694,0.14366509590670873
SG_003586,1,0.10208919781295187,0.1303471654853669
SG_003587,0,0.1257865954655503,0.09722074124916785
SG_003590,0,0.22084574777645033,0.20315949825823393
SG_003591,0,0.2910964812501719,0.28035231860000126
SG_003592,0,0.168993999454179,0.19905933722409339
SG_003593,0,0.11021450740289393,0.11944217853962849
SG_003595,0,0.17293192595744244,0.17306255127739412
SG_003596,0,0.2589460993222478,0.24495641332093626
SG_003599,0,0.21446599948919526,0.22407819258157746
SG_003600,1,0.1625753037721837,0.1844732065418531
SG_003602,0,0.1693163406816727,0.1568320497399039
SG_003604,0,0.11343391586195213,0.11243978652708729
SG_003605,0,0.17014410797873428,0.16585244496926116
SG_003606,1,0.11995540034611953,0.11355757047283353
SG_003607,1,0.15768923075775212,0.1677934786677704
SG_003608,0,0.12415529112629453,0.12852739050230463
SG_003609,0,0.09126474306234626,0.10191889731267274
SG_003612,0,0.20259046240707407,0.20804076217950074
SG_003614,0,0.16814028452826515,0.15765815619790316
SG_003615,0,0.17847336666851207,0.16844313096271746
SG_003616,0,0.1305345932377744,0.12658277197376727
SG_003617,0,0.18819173599921174,0.21103128645816782
SG_003621,0,0.3619645962207048,0.3322178730187481
SG_003622,0,0.13173764273010716,0.1587547388725452
SG_003623,0,0.1685774315027023,0.15620893790446178
SG_003624,1,0.11741673593740602,0.13917473188649354
SG_003626,0,0.12257342137784437,0.14932135335889493
SG_003630,0,0.18049928285439662,0.195209205030122
SG_003631,0,0.13934952411768464,0.1889537768859288
SG_003632,0,0.1946909583322824,0.19306029283140083
SG_003633,0,0.13777069572155484,0.17431021048532222
SG_003634,0,0.19723029161068664,0.21426046097055773
SG_003635,1,0.1590370710428631,0.1519693853543324
SG_003636,0,0.1031999319075171,0.14404654005544137
SG_003638,0,0.1558471927842324,0.15993389352784965
SG_003639,0,0.1605009946127601,0.16945194775101002
SG_003640,0,0.16576847104387704,0.18956662726389872
SG_003641,1,0.29122808432198516,0.26819650017960817
SG_003642,0,0.1319543741246151,0.12726170130291925
SG_003643,0,0.19030999417204705,0.17484823885509537
SG_003644,0,0.15546006123354636,0.13872115837126914
SG_003645,0,0.1302732947619756,0.1444405441650168
SG_003646,0,0.20335782542766445,0.16393380844063044
SG_003647,0,0.13453155424574284,0.14633557889082016
SG_003649,0,0.2295210996277584,0.2110899293601063
SG_003651,0,0.1343581980460605,0.1310220867892773
SG_003652,0,0.1677196990706834,0.12763672633081924
SG_003653,0,0.18180776109578975,0.1811643551374043
SG_003654,1,0.09267851227372521,0.07304704054024107
SG_003655,1,0.19846423047474715,0.17498832969450115
SG_003656,1,0.2801970080805752,0.2399745233761767
SG_003657,0,0.1790978481137669,0.19620984805085948
SG_003658,1,0.1756859716872968,0.18976352500290342
SG_003659,0,0.11408101583298445,0.12862630191508628
SG_003660,0,0.17758153164679127,0.19589784748572686
SG_003661,1,0.22133565130794516,0.21828940386254586
SG_003662,0,0.1205654694221066,0.13435224598547746
SG_003663,0,0.22568375075264366,0.23660138789096213
SG_003664,0,0.1933132446810676,0.19253506350044006
SG_003665,0,0.11634625559187302,0.11804698589714333
SG_003667,0,0.12244033552820367,0.13697544928157798
SG_003669,0,0.09992794431118322,0.08966411837270051
SG_003672,0,0.16106154278518697,0.10868491449015853
SG_003673,0,0.1385215408063318,0.13827667941432273
SG_003674,0,0.18411983144137592,0.18011241652704166
SG_003675,0,0.10330889432738523,0.11767429765485438
SG_003676,0,0.14418990572998266,0.1602844903921315
SG_003677,0,0.1647208064018288,0.17579856813656944
SG_003678,0,0.15893306799086843,0.15101147369136558
SG_003679,0,0.16871818608133057,0.13718126920206708
SG_003680,0,0.16452215086497757,0.10434818905320278
SG_003681,0,0.18687326173532404,0.1804608563252623
SG_003682,1,0.2080888693700892,0.2089926725736209
SG_003683,0,0.12828376906611388,0.1779554410892766
SG_003684,0,0.24878786888212098,0.23391265036499517
SG_003685,1,0.22494024881212885,0.18868580542135222
SG_003686,1,0.2322182074967791,0.2180722667238894
SG_003687,0,0.16614868066476335,0.1926758272804534
SG_003688,0,0.18206504513543306,0.3232822739866325
SG_003690,0,0.15608730678899363,0.16554447977407832
SG_003692,0,0.21685329003819992,0.21063370227964825
SG_003693,0,0.16796901821710886,0.14821753351916356
SG_003694,0,0.19816549650647478,0.20658133540913298
SG_003695,0,0.17872219238240192,0.18351005256782058
SG_003696,1,0.24115582900133958,0.19532245417949767
SG_003697,0,0.23892999228296538,0.25091768302041473
SG_003698,0,0.15616768235821432,0.15354073798044057
SG_003700,0,0.16549778944726626,0.18565348202542692
SG_003701,0,0.15049350841081002,0.12561095491738059
SG_003703,0,0.17245488040854232,0.20322306002476956
SG_003707,0,0.10258840327356591,0.12040800241928491
SG_003709,0,0.28014662059582635,0.22146534175718913
SG_003712,1,0.26736989609255085,0.19299143661150317
SG_003713,1,0.16804608002719398,0.1690144653892547
SG_003716,0,0.14665978896821585,0.13823072273245926
SG_003717,0,0.11227964209174618,0.14592182960556307
SG_003718,0,0.14916967331445316,0.15278690186771057
SG_003719,0,0.09164251682823245,0.06920566121764007
SG_003720,0,0.20638297241751466,0.16591101030291477
SG_003721,0,0.1470512176084137,0.12021508570473728
SG_003723,1,0.3357072337536559,0.16902284388564534
SG_003724,0,0.16730948199451587,0.1062794261361
SG_003725,0,0.1294715394598426,0.1853624742237377
SG_003726,0,0.1765066608914277,0.18407533397700857
SG_003727,0,0.20908800203109887,0.18701838236387328
SG_003728,0,0.1714242359040014,0.15365481846627194
SG_003729,0,0.10387985036516549,0.1094242679539407
SG_003730,0,0.14796523482331905,0.18948330119066364
SG_003731,1,0.12321176124465832,0.12664049924489146
SG_003732,0,0.1205645999423139,0.10982216583116394
SG_003733,0,0.14382234734858285,0.13137292442887985
SG_003734,1,0.20522196780375154,0.18772983251988246
SG_003735,0,0.16916214290451206,0.22258273004118784
SG_003736,0,0.25685398751337224,0.2062790331667953
SG_003737,0,0.2012249064253754,0.1483285834166633
SG_003738,1,0.1656197981208841,0.14086979426515814
SG_003739,0,0.17877471796534836,0.18970580650916719
SG_003740,0,0.20757826944958946,0.24735138731826767
SG_003741,0,0.22040528442178184,0.20126572483000837
SG_003742,0,0.16106154278518697,0.09336959856050044
SG_003743,0,0.11899522574774538,0.13842254811580648
SG_003744,1,0.18287829361051045,0.29336957687649673
SG_003747,0,0.11988568436590363,0.1067125190900548
SG_003748,0,0.16020220936686452,0.16226958145869802
SG_003749,0,0.1855728988825597,0.1965876043677251
SG_003750,0,0.12523906457972875,0.09921021819217263
SG_003752,0,0.15540328069260845,0.11793991141407044
SG_003753,0,0.1417018015669336,0.11987525493449976
SG_003755,0,0.14971548938786125,0.1668343975365816
SG_003756,0,0.25501605582246184,0.26552508592119095
SG_003759,1,0.25735668052583044,0.2500578922474581
SG_003760,0,0.1376030313386036,0.16166784320456087
SG_003761,0,0.2710391165768596,0.1824704831487942
SG_003762,0,0.11826567539645638,0.11855823362558086
SG_003763,0,0.11909798030197716,0.13705765192548408
SG_003764,0,0.17036823158946782,0.23703907139050856
SG_003766,1,0.1815585182328932,0.22509644207949184
SG_003770,1,0.22055564911415373,0.21345746415109257
SG_003771,1,0.2686941438940451,0.23965552097542014
SG_003772,1,0.19121310214213635,0.20376783801452322
SG_003773,0,0.2242099938519195,0.2381431978145404
SG_003774,0,0.16259368780289757,0.11195454694773595
SG_003775,1,0.09538844501848491,0.11089343328246766
SG_003776,0,0.1703608635855587,0.25520849015998204
SG_003778,0,0.3513442456008488,0.31851248275009597
SG_003779,0,0.08837849195565435,0.10758656741336405
SG_003780,1,0.1385564327290062,0.06995805075597034
SG_003781,0,0.10685879291133075,0.17273390381987752
SG_003782,0,0.1928240256961111,0.2450017380199916
SG_003784,0,0.0671665691343854,0.07027785248177626
SG_003785,0,0.09991065838675758,0.12061050555853933
SG_003789,0,0.13191081435289242,0.0724470041889775
SG_003790,0,0.16407748375508122,0.11742473120827478
SG_003791,0,0.09049653864515446,0.10283134665733618
SG_003793,0,0.1463421009411615,0.11601372494445904
SG_003794,0,0.15815400430313997,0.14196815950863573
SG_003796,0,0.13558656419440357,0.1445958117408656
SG_003797,0,0.11984408914648283,0.13223932735343488
SG_003798,0,0.21795445635649682,0.22052109891487395
SG_003799,0,0.1488832418050945,0.19354962222028338
SG_003800,0,0.16106154278518697,0.07824500057976934
SG_003801,0,0.23400728817055566,0.2003506672767572
SG_003802,0,0.18076625634568,0.21537284927193742
SG_003803,0,0.17486687946473004,0.23409059512635025
SG_003804,0,0.15806656706497632,0.14542336868953534
SG_003805,0,0.1755111756317687,0.1628220546083781
SG_003808,0,0.12082753250835546,0.09941946840111006
SG_003811,0,0.12965495375255492,0.13670214123283594
SG_003813,0,0.14156853441599265,0.12449981195951428
SG_003814,0,0.12479703082103993,0.16037203683838056
SG_003815,0,0.09048816827216076,0.0944774508986243
SG_003816,0,0.18497859787299528,0.15645747817667816
SG_003817,0,0.1667185143617886,0.13554516964046642
SG_003818,0,0.17074292213956999,0.1792663806679472
SG_003819,0,0.1692676906873131,0.15589029081586048
SG_003821,0,0.18518646111733839,0.1929564586339499
SG_003823,0,0.16760556941375238,0.14706399269760917
SG_003824,0,0.13984955421049455,0.1478665395766218
SG_003825,1,0.11132995984024553,0.1513955617058347
SG_003826,0,0.1739605465129069,0.15686349498014052
SG_003827,0,0.1697156906436366,0.13739771462527206
SG_003828,1,0.20995503422700265,0.1984237833773715
SG_003830,0,0.15209014796162304,0.16249364703920255
SG_003831,0,0.2046749560129244,0.19761305776347898
SG_003832,0,0.1366903648868198,0.13755759830711828
SG_003833,0,0.12234897271268186,0.15369952814716084
SG_003834,0,0.12469779339171708,0.13680643870611361
SG_003836,0,0.15914372555326378,0.17350133653413033
SG_003837,0,0.1455116422310455,0.14572876985837932
SG_003838,1,0.1715229987472205,0.12114062930792754
SG_003839,0,0.18458537573931888,0.211690861117312
SG_003840,0,0.12021969430329552,0.1364237857007816
SG_003841,0,0.2540064015290832,0.244008520409702
SG_003842,0,0.10185795728654522,0.1442296219780346
SG_003845,1,0.11752735289135033,0.11793873505265488
SG_003846,0,0.13357428012631295,0.13389534127963795
SG_003847,1,0.24447402232880192,0.20165023911884594
SG_003848,0,0.15124967509868764,0.1083878418777772
SG_003849,0,0.2649857655261193,0.16300389941078905
SG_003850,0,0.1487624946899996,0.1488470457133968
SG_003853,0,0.17305180736192033,0.17088231062788242
SG_003854,0,0.14002081515281456,0.19275715731876542
SG_003855,0,0.14980589964934146,0.18022906900520366
SG_003857,0,0.13175016751632873,0.13730563667806636
SG_003858,0,0.145290750322052,0.18734780186239736
SG_003859,0,0.24029269897607808,0.23792260190628284
SG_003861,0,0.22396324778784715,0.1809035136802507
SG_003862,0,0.14346688721552703,0.1364933712817196
SG_003864,1,0.25492286016506915,0.2020750533055919
SG_003866,1,0.16612887182491343,0.13160725509022647
SG_003867,0,0.11885280928523817,0.14958365492951498
SG_003870,1,0.17988342014298023,0.13399097797788348
SG_003871,0,0.19930559319526553,0.18751991041220153
SG_003872,0,0.20085791120074784,0.1674248833910743
SG_003873,0,0.1850671646985003,0.1449435483019759
SG_003875,0,0.16753296001011433,0.1612111268996778
SG_003876,0,0.10113187502337136,0.10484571633181891
SG_003877,0,0.14634299160278058,0.12176639737652607
SG_003879,0,0.14896077691775308,0.17438940770886546
SG_003882,0,0.13064381994753985,0.1194997654387854
SG_003883,0,0.16672644678733975,0.15748443724185257
SG_003884,0,0.202956879880923,0.1843075572651233
SG_003885,0,0.13102201203498234,0.15617902856009983
SG_003887,1,0.19051511568127263,0.18758361715712105
SG_003888,0,0.14986540160665648,0.14700877025961137
SG_003889,0,0.16452686015323706,0.1129194975952635
SG_003890,1,0.1672544218235087,0.15085627315457165
SG_003891,0,0.16259368780289757,0.136435236817103
SG_003892,0,0.13696408927277168,0.1396093963937381
SG_003893,0,0.13376354414989988,0.12447634687955646
SG_003894,0,0.1913241950907348,0.2005079824264237
SG_003895,0,0.19050498009657665,0.21799813103802906
SG_003897,0,0.1389448281038569,0.1518190831005621
SG_003898,0,0.13617520099116326,0.12592502506931047
SG_003899,0,0.19242404966830703,0.2068701635429247
SG_003900,0,0.11272382128395578,0.1383729193207651
SG_003901,0,0.16208434363734037,0.14799730659107002
SG_003902,0,0.1643327301803195,0.15504601272632698
SG_003903,0,0.1679351463423194,0.20746634642298897
SG_003909,0,0.1791466095832337,0.21087516525074673
SG_003911,1,0.24392597988518855,0.25433831369104387
SG_003912,0,0.2298130982986644,0.2453930141889587
SG_003913,0,0.17439448355105758,0.13825645552793228
SG_003914,1,0.17187243898723992,0.1270782946385388
SG_003915,0,0.11262762877464122,0.12989619271040098
SG_003916,0,0.16697995022521644,0.15990166122713106
SG_003918,1,0.155026732932636,0.16573685840614052
SG_003923,0,0.1387264591269954,0.1595102525834927
SG_003924,0,0.16094400143921475,0.1796121586041848
SG_003927,0,0.1978511927991717,0.2995282414717228
SG_003928,0,0.18210388795104498,0.19075558237757043
SG_003929,0,0.1579334701706658,0.14539852119671848
SG_003930,0,0.17450422815405914,0.23520933877612088
SG_003931,0,0.15129781308206044,0.16759823733589488
SG_003932,0,0.12557226658812443,0.1309839155580854
SG_003933,0,0.263345074287755,0.2393669522548234
SG_003934,0,0.2372711469253896,0.21085711302397847
SG_003936,0,0.11439587513516858,0.1324549084870323
SG_003938,0,0.15965928861972845,0.16884558171906705
SG_003939,0,0.14587098106070331,0.15650534836628238
SG_003942,0,0.1353738651945101,0.13370413596256053
SG_003943,0,0.142800415130008,0.1388358870901004
SG_003944,0,0.16786054697743374,0.1697882344109277
SG_003946,0,0.2583095042962815,0.16282981115594675
SG_003947,0,0.22104826086946386,0.23983291888878294
SG_003948,0,0.17943742650954506,0.16469860391085786
SG_003949,0,0.16259368780289757,0.13358224705660515
SG_003950,0,0.25036343505564934,0.23126864880754838
SG_003952,0,0.09497856483219147,0.1012654854349668
SG_003953,0,0.28935229561677245,0.2709036917159027
SG_003954,0,0.20989062639046138,0.18489143113907
SG_003955,0,0.165142437026238,0.1308828523812609
SG_003956,0,0.16259368780289757,0.11872316282863798
SG_003957,0,0.12820744166051307,0.1171858253875503
SG_003960,0,0.16445148127856496,0.21354154114305773
SG_003962,0,0.10824165611659557,0.11723424186689572
SG_003963,0,0.17020954599490398,0.1972127097238894
SG_003964,0,0.18154112314469328,0.18915986326280468
SG_003965,1,0.2297376571315794,0.2674761570805396
SG_003968,1,0.2188083159779773,0.1701978741866571
SG_003970,0,0.19404025633768407,0.18406510117658725
SG_003971,0,0.16445650532586278,0.10663122990064702
SG_003973,0,0.13740248814771952,0.12129303205377005
SG_003974,0,0.13249632139027953,0.15902980260923372
SG_003975,0,0.1433521072129678,0.19008699256034003
SG_003976,0,0.11876305919655844,0.09186384150193605
SG_003980,1,0.24024183596499576,0.2278519752679259
SG_003981,0,0.21430047824497034,0.19576038117390934
SG_003982,0,0.1421926286141242,0.14234262440259407
SG_003983,0,0.15564764366844924,0.1754930780132936
SG_003984,1,0.07018103307530263,0.1087600378126696
SG_003985,0,0.16259368780289757,0.10869638139754456
SG_003986,1,0.1738108044386283,0.20493096506031702
SG_003987,0,0.1539400332545893,0.17545586946324013
SG_003989,0,0.16106154278518697,0.07752769249389545
SG_003990,1,0.1888061329816276,0.20271682022525744
SG_003991,0,0.20200707397848996,0.19604428183794587
SG_003993,0,0.11540311301607477,0.13903409151768853
SG_003996,1,0.23121239468231783,0.2767004033861241
SG_003997,0,0.15628492699317362,0.1491846594233832
SG_003998,0,0.1573041843526244,0.15330827001037597
SG_003999,1,0.12617696122288805,0.13786552908474992
SG_004000,0,0.11186647776319286,0.11804689118656264
SG_004003,1,0.13195969072888356,0.1435003913195811
SG_004004,0,0.20407899737606533,0.2280583547571969
SG_004005,1,0.1560894696264201,0.18675180553438545
SG_004006,0,0.14603860995555487,0.11778375279394081
SG_004007,0,0.17082160843799243,0.21898725700475746
SG_004008,0,0.1189524952631527,0.12719805830237535
SG_004009,0,0.16708591863363584,0.17809873116236344
SG_004010,0,0.17073834554011635,0.20285811667158654
SG_004013,1,0.10445461313405398,0.11030042934245932
SG_004014,0,0.1611228559659867,0.12181178851936275
SG_004015,0,0.175736433218751,0.17847294901501137
SG_004017,1,0.17035787312795433,0.17237517354791732
SG_004018,0,0.14366868978148323,0.13086733613869217
SG_004020,0,0.1384605577028621,0.17019813317884153
SG_004021,0,0.18147392006073543,0.22697430850756098
SG_004022,0,0.16777698141536218,0.15480746656006475
SG_004023,0,0.16228700525898637,0.19054890739103966
SG_004024,0,0.22249825359119063,0.21039327628818114
SG_004025,1,0.169598697507008,0.18955982718895034
SG_004026,0,0.10148637288984487,0.08572657312167638
SG_004027,1,0.14418134315705988,0.11928633111115082
SG_004028,1,0.19488269562959057,0.19231028305088124
SG_004029,0,0.19211004906780826,0.1853206481256752
SG_004030,0,0.21835759142917696,0.22348217536224663
SG_004031,0,0.14065435835468684,0.1752827247144953
SG_004032,0,0.16106154278518697,0.10772802057387496
SG_004033,0,0.17468213168589353,0.20570543082243958
SG_004035,0,0.16249525616376717,0.1935032527802174
SG_004037,0,0.13557338202154454,0.1240644275484062
SG_004038,0,0.16732527067545647,0.15816538708287753
SG_004039,0,0.23512700800561617,0.18921497994352435
SG_004040,0,0.17841093513243061,0.13640389767600847
SG_004043,0,0.19530756288379775,0.21324592254692368
SG_004044,0,0.2943106352510558,0.1986630654065245
SG_004046,0,0.11816626098343119,0.14027902322778696
SG_004047,1,0.1343939461506488,0.15521589732453103
SG_004051,0,0.15555190205762356,0.13555274863461397
SG_004052,0,0.18886798606595667,0.17989796447767553
SG_004053,0,0.15260828104421267,0.1736154570663956
SG_004055,0,0.14927166067561792,0.15189792750078637
SG_004056,1,0.1949059047228813,0.20675852894615163
SG_004057,0,0.16595236607780295,0.15103089621176383
SG_004058,0,0.22563311631858515,0.16052665177219927
SG_004059,1,0.1942187113249158,0.18389594541804388
SG_004061,0,0.2456383488971839,0.2933506110620721
SG_004062,0,0.1643327301803195,0.13737663093324531
SG_004067,1,0.21479009498481214,0.22569222187937674
SG_004068,0,0.1512323933745886,0.16142796604989054
SG_004069,0,0.16724847564209697,0.1703382653101281
SG_004070,0,0.16805610069764468,0.14541268261260182
SG_004072,0,0.3539555579176779,0.2591345766579046
SG_004073,0,0.1724437903003592,0.16134557725686374
SG_004075,0,0.1432426242235015,0.12728777729733867
SG_004076,0,0.15418354448782545,0.13566756628965196
SG_004077,0,0.1807850134976979,0.19044237228015662
SG_004082,0,0.16209938441808594,0.15836740801413032
SG_004084,0,0.22823759649408745,0.2299586808471085
SG_004085,0,0.11976563961076356,0.12929944446038694
SG_004086,0,0.09681743191807589,0.1330608834156153
SG_004088,0,0.15372701883010034,0.18856524369092934
SG_004090,0,0.16618318826929407,0.16438660659395563
SG_004092,0,0.13935913178835596,0.13547726905247143
SG_004095,0,0.29485411768753644,0.2987582937355195
SG_004096,0,0.1555331053790994,0.14220465224014484
SG_004097,0,0.1868203992887846,0.2576860575578827
SG_004098,0,0.19966801441747067,0.20368268927427657
SG_004099,0,0.17217580234578006,0.16439187810097602
SG_004101,0,0.10882781248045506,0.10125328901954792
SG_004102,0,0.14492548781223588,0.12678090137132958
SG_004103,1,0.13837068965651192,0.15699630914466897
SG_004104,0,0.23329275216552245,0.2323430494603848
SG_004105,0,0.11271633923886121,0.10313710124815201
SG_004106,0,0.27485192158075744,0.30220455728321405
SG_004108,0,0.1447111404585138,0.13150976553778654
SG_004112,0,0.13199240092035203,0.14127291323406974
SG_004113,1,0.11814284156271038,0.12831271276441902
SG_004114,0,0.19540882554250122,0.20907888573662686
SG_004115,0,0.14722962081106475,0.1386381687481074
SG_004116,0,0.13109700324340376,0.16646916639849535
SG_004117,0,0.16198437445375968,0.14698244888466425
SG_004118,0,0.16603121168783405,0.18531340678347402
SG_004119,0,0.18506845348664727,0.18326331851010103
SG_004120,0,0.19289742562839052,0.28826253832697923
SG_004121,0,0.22247213616455938,0.1985265059515075
SG_004122,0,0.1327425959156475,0.12295697206726547
SG_004124,0,0.16787797089084935,0.14361514593031094
SG_004125,0,0.2479629293868896,0.21039241868270175
SG_004128,0,0.19239065620266002,0.28375992207405515
SG_004132,0,0.1998159462482683,0.19244613258990015
SG_004133,0,0.17100917153024153,0.14580354635386408
SG_004134,0,0.1644922346936008,0.1735522641319676
SG_004135,0,0.17312811485613067,0.15812813269744133
SG_004137,0,0.17014212894604552,0.2144354538921875
SG_004138,0,0.1192726111900586,0.13402633336577244
SG_004139,1,0.19440712805072796,0.17434873688555497
SG_004141,0,0.17647500185630208,0.17454223332931443
SG_004142,0,0.31840751556473074,0.2902297849059117
SG_004143,0,0.09484929816754395,0.06925313590534789
SG_004144,0,0.13893094007435777,0.1503250435626596
SG_004145,0,0.20721361678878988,0.1889690247940241
SG_004146,0,0.12680783864431605,0.14360252321121633
SG_004147,0,0.1032162206276082,0.13810136030283116
SG_004148,1,0.1778433770206573,0.1863333319145099
SG_004150,1,0.2089530840473001,0.19337336104324898
SG_004151,0,0.16860291366977614,0.14789526065555142
SG_004153,1,0.16106154278518697,0.1443428840898714
SG_004154,0,0.18563912966930576,0.24456443120297786
SG_004156,0,0.153737106616348,0.17752673358249307
SG_004158,1,0.2166217044161751,0.18121508687062213
SG_004159,0,0.34157180288203215,0.27407458792609884
SG_004160,0,0.17399150172821576,0.20608939503280613
SG_004161,0,0.17164321148323225,0.18384962516179856
SG_004162,1,0.28586975040825313,0.22315055473440432
SG_004165,0,0.1176953500088897,0.14421485294020014
SG_004166,0,0.12457657151547358,0.13729017934958013
SG_004167,0,0.1349288293711948,0.12199251220601016
SG_004169,0,0.20259672635876158,0.17808948328788657
SG_004172,0,0.1900859657863696,0.1937587056443596
SG_004173,0,0.1834435692081192,0.1804495483251274
SG_004176,0,0.13929000424618868,0.19342415132580226
SG_004177,0,0.1680039479819894,0.14880356290423152
SG_004179,0,0.16405071072069716,0.15564126700229997
SG_004180,0,0.16372659191832453,0.19379481464993709
SG_004182,0,0.15045907344815926,0.13318496299976615
SG_004183,0,0.10918463506334428,0.13741555606667735
SG_004185,0,0.19434334927080657,0.18662769983970756
SG_004188,0,0.1867580175061375,0.2045344038702509
SG_004189,0,0.10615761637211517,0.12290897722695908
SG_004190,0,0.09654478767491141,0.10477979749115345
SG_004193,0,0.16395890480878628,0.1458473454421301
SG_004194,0,0.15497655847098205,0.17494349811158058
SG_004195,0,0.09726135857896871,0.09045123813066268
SG_004196,1,0.14746458232139395,0.20968488434644503
SG_004198,1,0.17610643967259196,0.1873672278291984
SG_004199,0,0.2005272706832104,0.15596920033582523
SG_004200,1,0.10738499569606384,0.13273180236364035
SG_004202,0,0.1662367247918969,0.18616515093901032
SG_004203,0,0.10479792591683453,0.11826844973630131
SG_004205,0,0.13901626241964266,0.13844269143570723
SG_004206,0,0.16807439506684743,0.19454541743621998
SG_004208,0,0.13879331749111604,0.14878289551821267
SG_004210,0,0.17003328254723962,0.15623745496253552
SG_004211,0,0.1756643888969461,0.25098990388768994
SG_004212,0,0.10535442323992124,0.11569031769459019
SG_004213,0,0.16259368780289757,0.10457739067504324
SG_004215,0,0.16344465862686636,0.16265256060640024
SG_004216,0,0.1989063906775117,0.287483296922697
SG_004217,0,0.13791559369211587,0.17190964126873803
SG_004219,0,0.22516907237472109,0.17309871612873234
SG_004221,0,0.29935591645964854,0.3346011694463856
SG_004222,0,0.16605985789512112,0.22676180065717794
SG_004226,0,0.23772662892443577,0.24228564105887354
SG_004227,0,0.16019115767192935,0.1602845229765041
SG_004231,0,0.16942582816749302,0.09195695824590985
SG_004232,0,0.2574114214969772,0.20921261790983303
SG_004233,0,0.16606646007290948,0.13442808646278784
SG_004234,0,0.08823394251975666,0.06275742604856507
SG_004236,0,0.2049327393425634,0.1827888542816951
SG_004237,0,0.14551965205865347,0.1200604302529776
SG_004240,0,0.16798716205748537,0.21133478008694292
SG_004241,0,0.21537811687805647,0.2141856141167342
SG_004242,0,0.2404327858379351,0.22173743109102612
SG_004243,0,0.14475144056732137,0.13680093130626114
SG_004245,0,0.1818750878546735,0.1503492943957806
SG_004246,0,0.20540891961518457,0.18038523340058474
SG_004247,0,0.1309242830923259,0.1375359531341887
SG_004248,0,0.17610869210181024,0.14908901095529212
SG_004249,0,0.13405677319276071,0.12327899243347842
SG_004250,0,0.12648425845261937,0.1476719006978334
SG_004251,1,0.1751717609788009,0.18600180840930017
SG_004252,0,0.15090707405117285,0.19722922421081263
SG_004254,1,0.272276140803347,0.32440768010385435
SG_004255,0,0.25635401437758654,0.2502402080318538
SG_004259,0,0.16674411288324836,0.17318092892192352
SG_004260,0,0.20192417107372657,0.1952343697057793
SG_004261,0,0.10821170775012157,0.16099125885176907
SG_004264,0,0.09450165723532471,0.12322611070364443
SG_004266,0,0.16964594246700293,0.1521749051706821
SG_004267,1,0.17584726580590568,0.17305277812768718
SG_004270,0,0.11074161286059121,0.12770927360959264
SG_004272,0,0.19821964118298102,0.2535332245866294
SG_004273,0,0.16477132345263226,0.12528980851343563
SG_004274,0,0.15136028150051953,0.14466015470473945
SG_004275,0,0.18757402471132828,0.21199382636875666
SG_004276,0,0.16579026474901837,0.10202717467576597
SG_004277,0,0.20380982705995068,0.18857370604589946
SG_004278,0,0.15314580541079728,0.1406877967950489
SG_004279,0,0.16452215086497757,0.1148846643664889
SG_004280,1,0.26504095186521326,0.22602897805109987
SG_004281,1,0.20996050860117602,0.15879270717787816
SG_004282,0,0.12407465392573314,0.1612223899282528
SG_004283,1,0.18088401305704369,0.1787286309057575
SG_004284,0,0.13758435222220405,0.15032173394937856
SG_004285,1,0.13693125050986446,0.13486734465700315
SG_004287,1,0.2850954971264135,0.24653691894628318
SG_004288,1,0.1581290044970476,0.16441182481419475
SG_004292,0,0.24355307110902605,0.30338703137982825
SG_004293,1,0.12827677066308488,0.17016323025476457
SG_004294,0,0.14194746261629612,0.1202038929545971
SG_004295,0,0.13534299347211087,0.1328349362145709
SG_004296,0,0.17189825853325522,0.14679726314819821
SG_004298,0,0.20342533408368535,0.22282262806796135
SG_004299,0,0.13859308981102392,0.14221063797368752
SG_004301,0,0.17982933907823964,0.18629943552002345
SG_004303,0,0.19684044093952505,0.23369943120756975
SG_004304,0,0.1727968294633047,0.23630577384909834
SG_004307,0,0.11482298495052229,0.13656869981756772
SG_004308,0,0.13622974257848033,0.1161953648731204
SG_004309,0,0.1710004574071002,0.20328059351937378
SG_004310,1,0.21809027657215752,0.21674549872518656
SG_004311,0,0.24928279278565818,0.27377914833660555
SG_004314,0,0.1678431121165744,0.17423801509526785
SG_004316,0,0.11916113269695043,0.1290076063264966
SG_004317,0,0.23932020321934233,0.20794564827931722
SG_004318,0,0.18042581774721758,0.19173851914325415
SG_004319,1,0.13431963530071478,0.14284674749692286
SG_004323,0,0.21791853390520205,0.2179322547719325
SG_004324,0,0.1793762136275839,0.20029956405215693
SG_004327,0,0.15556596320622784,0.1518788373662268
SG_004328,1,0.23508197793922073,0.20430112439187645
SG_004329,0,0.13493037220490503,0.1509871181779565
SG_004330,0,0.15045168694448594,0.19198271797095753
SG_004331,0,0.11785987213286779,0.10173016438374033
SG_004332,0,0.10435216688316674,0.12132069541061835
SG_004333,0,0.19756972452017302,0.2079939846901089
SG_004334,0,0.1742895318623892,0.1839013552177187
SG_004335,0,0.1360682529559605,0.12295598216075411
SG_004336,0,0.18036609675025575,0.17841548350622569
SG_004337,0,0.08823334010229944,0.10878439991825369
SG_004338,0,0.12975156127201043,0.16186577657485365
SG_004340,0,0.1661076139567384,0.12162144042385034
SG_004341,0,0.1188800602721634,0.14897393673735645
SG_004343,0,0.23730141668514732,0.20076264523609466
SG_004344,0,0.13595634865690703,0.13630993700507732
SG_004345,0,0.16255999941829025,0.19958226014771027
SG_004346,0,0.1441279488816148,0.1463780954345406
SG_004351,0,0.16735780131171044,0.14254393989486408
SG_004352,0,0.10395062788674139,0.11146932127813632
SG_004353,0,0.23774311772446766,0.1832241030868286
SG_004354,0,0.18010729561708225,0.17365912286352156
SG_004355,1,0.16445650532586278,0.14743846863665214
SG_004356,0,0.15116506603366078,0.2020857825150042
SG_004360,0,0.15506007264688354,0.16536129589481666
SG_004361,1,0.2467041272716281,0.23136285980769705
SG_004363,1,0.1736747478649559,0.1706307422973858
SG_004364,0,0.13057090315877776,0.091403959274012
SG_004366,0,0.1786773674776698,0.19138747857833655
SG_004367,0,0.17299723478221588,0.15910933479438033
SG_004371,0,0.12990235887414525,0.15600090583547316
SG_004372,1,0.17636356865292743,0.17814137659221438
SG_004373,0,0.11272362941287507,0.10415304990074567
SG_004374,1,0.10217192602070023,0.08890680073353925
SG_004375,0,0.10036587968587495,0.10388716530722487
SG_004376,0,0.24160658839577576,0.20936397197307074
SG_004377,0,0.1942274826226227,0.24947346429266692
SG_004380,0,0.15659495611918264,0.157877765249488
SG_004381,0,0.1451396176126456,0.11423067160796772
SG_004382,0,0.19332414688127503,0.1994658418517772
SG_004383,0,0.09089211825950631,0.09446614884979307
SG_004384,0,0.11099199677333316,0.11148296222278102
SG_004385,0,0.214755219212004,0.21891317711058575
SG_004386,0,0.1833098653975717,0.17093101353608714
SG_004387,1,0.10008493502609606,0.07270930413494088
SG_004389,0,0.12760802390436984,0.1526291584811265
SG_004392,0,0.18435378561204505,0.20522367705837774
SG_004393,0,0.1125243047381202,0.09709781916415156
SG_004394,0,0.09668225700003925,0.08952565541814161
SG_004395,0,0.1755361033476476,0.21533813283151315
SG_004396,0,0.13483150583295966,0.14355368333797447
SG_004397,0,0.16575652198187765,0.22171852394519603
SG_004398,0,0.24038933921479316,0.2349615309479151
SG_004399,0,0.16106154278518697,0.1249419084810361
SG_004400,1,0.14360145229027685,0.13103549197114228
SG_004402,0,0.153906013497434,0.1778341663429004
SG_004403,0,0.15493891699260906,0.14178326544999248
SG_004407,0,0.1717152642360314,0.16482926175111343
SG_004409,1,0.20634056295418704,0.21700713148782383
SG_004410,1,0.20106014050986085,0.14369185252820818
SG_004411,0,0.15261758916088886,0.17461313599791267
SG_004412,0,0.1228430416117858,0.12928937601914478
SG_004413,1,0.15391332302115476,0.1682981988312017
SG_004414,1,0.11761439477823955,0.1405084747635348
SG_004416,0,0.17451923639188005,0.16041373032900302
SG_004418,0,0.1708269778402316,0.13639713897358255
SG_004421,1,0.18741200324409327,0.14586476304874896
SG_004424,0,0.17871693786054604,0.1890759623705545
SG_004425,0,0.1307221284437899,0.12613785394291852
SG_004428,0,0.15322949247411052,0.16217311016590535
SG_004430,0,0.1819812420774668,0.1597872113238677
SG_004431,0,0.15006106539020014,0.1700079991732229
SG_004433,0,0.2093732871224681,0.16639840723872085
SG_004434,0,0.16625925656485824,0.16973367888516133
SG_004435,1,0.1569989240454973,0.17881847445949417
SG_004436,1,0.138151738225902,0.13560651546528307
SG_004437,1,0.25914520301002636,0.23106837030860983
SG_004438,0,0.19508317035878237,0.1964398372992827
SG_004440,0,0.1876799722806217,0.15721050762559916
SG_004441,0,0.14674367179463116,0.16529893754007302
SG_004442,0,0.18136448288865384,0.20692307051343337
SG_004443,0,0.16478364059316192,0.09464547492397075
SG_004444,1,0.22481249518175703,0.20663941660276577
SG_004446,0,0.16439317582878912,0.11527854114988968
SG_004449,0,0.16450213325245522,0.13965126520194623
SG_004450,0,0.18435639308168683,0.1687170891711582
SG_004452,0,0.09845734779474868,0.11099956130835922
SG_004453,1,0.1467717384388697,0.16393957285174168
SG_004454,0,0.15763573761787622,0.1421805670450421
SG_004455,0,0.17083323189295366,0.1452590700004201
SG_004456,0,0.14382295617900465,0.16857980200343708
SG_004459,0,0.1659400726736193,0.15837920818284495
SG_004463,0,0.179703907614383,0.21372655784412734
SG_004466,0,0.1832302050444411,0.21219424647937707
SG_004467,0,0.2852226863509744,0.24952999090454883
SG_004468,0,0.1873836852694634,0.18015977382722972
SG_004470,0,0.37675425180113326,0.27235129749174586
SG_004471,0,0.2254108719508797,0.15430955115518696
SG_004472,1,0.2043966694260112,0.22430760970165958
SG_004473,1,0.18363339188170855,0.2458451743591755
SG_004478,0,0.3485777323166515,0.3088944346667149
SG_004479,0,0.18882498879383694,0.22119283176047308
SG_004481,0,0.14732238343637727,0.12202473039511962
SG_004483,0,0.09095797102728777,0.10928396814071373
SG_004485,0,0.1990884009123176,0.1711900197939992
SG_004487,0,0.09642324501627064,0.12568444100730145
SG_004488,0,0.22410662426263905,0.19076707760731124
SG_004489,0,0.1756716423789262,0.17391998937646225
SG_004490,0,0.13464965352640096,0.09362721470154349
SG_004491,0,0.155648475369195,0.18301733129199096
SG_004492,0,0.13345333249369828,0.11496984833520442
SG_004493,0,0.16703473417651304,0.18000915766696796
SG_004495,0,0.1662225438718392,0.20262441910320395
SG_004496,0,0.20729848576660725,0.20577531124831616
SG_004497,0,0.2591276091312533,0.22437342617218536
SG_004498,0,0.1687711508520404,0.1534995713758983
SG_004499,0,0.20000681143156188,0.19882289374434722
SG_004500,0,0.15485867122861205,0.15721925563490585
SG_004501,1,0.18267939073693404,0.24283983884152516
SG_004502,1,0.16106154278518697,0.08968449675829111
SG_004503,0,0.17642223246706232,0.24987257127120072
SG_004505,0,0.29298172523496235,0.32789015794628906
SG_004506,0,0.1289917049850126,0.15750243499140076
SG_004507,0,0.2377183809027943,0.24871660800889164
SG_004510,1,0.28562152339493935,0.21353024491674238
SG_004512,1,0.16951080691801412,0.19097977892990978
SG_004513,0,0.15059425516355476,0.16077003000930448
SG_004516,1,0.11732363937619776,0.11598925508794249
SG_004517,0,0.16106154278518697,0.0802758708020428
SG_004519,0,0.1225618489671502,0.14663702298545003
SG_004520,0,0.11573832737868905,0.08327155038839204
SG_004522,0,0.30216354729855704,0.2877581813936516
SG_004523,0,0.2726794259008896,0.22351978737652153
SG_004524,0,0.14979957373398559,0.15209649590504778
SG_004525,0,0.1249551687773531,0.13062551360487193
SG_004527,0,0.1799966245660998,0.16010204352002433
SG_004528,1,0.25244928244786746,0.24952171580834803
SG_004529,0,0.21371608593658778,0.19955572494277835
SG_004531,0,0.18955656837297277,0.20993649185904278
SG_004532,1,0.09662582539623756,0.12828818245304194
SG_004533,1,0.19747891040501403,0.20084847128482472
SG_004535,0,0.1545098356433645,0.1736964121254586
SG_004537,0,0.14837623479572404,0.15286290749882542
SG_004540,0,0.1466159924892572,0.12400034928024334
SG_004542,1,0.16632927074813475,0.13026108198517214
SG_004543,0,0.17408667329902178,0.168310876709163
SG_004544,0,0.12629111468188103,0.13386525019787793
SG_004545,0,0.11236546104849535,0.1508392723905299
SG_004546,0,0.11251381602772852,0.1119597404282205
SG_004547,0,0.08925308265695803,0.055635616300865935
SG_004548,0,0.16106154278518697,0.09060825899947536
SG_004550,0,0.13888393504015553,0.17376898205772257
SG_004551,0,0.12415763791829545,0.09958287021936484
SG_004554,0,0.16603121168783405,0.1780695417802237
SG_004555,1,0.27191077465895,0.2550507669094815
SG_004557,0,0.21239617573308614,0.18691194265843541
SG_004558,0,0.17137335312346724,0.19536376755084503
SG_004560,0,0.09770232954345417,0.09420218173348094
SG_004561,1,0.18097159361624157,0.16543992966393448
SG_004563,0,0.1026304141219054,0.1014393648596307
SG_004564,0,0.16106154278518697,0.062281794520324237
SG_004566,0,0.14984524964987495,0.16964768450909343
SG_004567,0,0.16259368780289757,0.13403804811463985
SG_004569,0,0.16106154278518697,0.08875470186879963
SG_004570,0,0.16976660589262932,0.23319136165763613
SG_004571,1,0.2431645844169792,0.24258286886896793
SG_004572,0,0.21755855479322586,0.17134347605715808
SG_004573,0,0.13602558028622647,0.14123367699260042
SG_004574,0,0.18495396809044182,0.13761169343073942
SG_004575,0,0.12739884010463037,0.15410625963614383
SG_004578,0,0.19511123087887247,0.19439013920726242
SG_004579,0,0.11566167885952229,0.16533624462150898
SG_004580,0,0.19239479719570357,0.19869243197036587
SG_004581,0,0.15381683085010417,0.1553977731132674
SG_004582,0,0.18525612893753618,0.21091694051538554
SG_004583,0,0.16603121168783405,0.14270653717339846
SG_004584,0,0.1372772717140906,0.14260606712363932
SG_004585,0,0.15123828651227456,0.13677246382502872
SG_004586,0,0.12532196955016708,0.11922519508108774
SG_004587,1,0.06375389977298944,0.06785634861298623
SG_004588,0,0.1333050069831249,0.16287687757088537
SG_004589,0,0.2217159505819715,0.22081802425808963
SG_004590,0,0.22231102579614218,0.20818033893357096
SG_004591,0,0.16751481341804703,0.16317266125837857
SG_004592,0,0.1693193744880265,0.19184026583097183
SG_004595,0,0.16688595116969743,0.14271707819658508
SG_004596,0,0.1957645151886672,0.21532202313793702
SG_004597,0,0.20929820251605732,0.24679049536905537
SG_004598,0,0.28604048304370144,0.25596351560988273
SG_004599,0,0.22789321716715494,0.25333665944443845
SG_004601,0,0.14482210482110028,0.188469622157011
SG_004603,0,0.14866310789294554,0.16308368027515177
SG_004604,0,0.16925016061460166,0.17462124260147036
SG_004605,1,0.16913251348744787,0.20903607678069405
SG_004606,1,0.16996522907458309,0.14601217662378382
SG_004607,0,0.1461590549518071,0.13774270985623369
SG_004610,0,0.1276942534416121,0.169980900400731
SG_004611,0,0.1362621519903626,0.1558362247690221
SG_004613,0,0.14373958265161846,0.150674671280308
SG_004615,0,0.10288255302080165,0.10798593481788339
SG_004616,0,0.2799756449819962,0.25077203825179023
SG_004618,0,0.18066143086070358,0.2258160277812852
SG_004619,0,0.18157033779102932,0.19619400837722054
SG_004621,1,0.19919176031688657,0.19607978187200925
SG_004622,0,0.17084280275441818,0.16771166610458887
SG_004624,0,0.14127417523573788,0.1509611478799917
SG_004625,1,0.22384655899818262,0.20557073245265242
SG_004627,0,0.2703898596341927,0.20462270912302857
SG_004628,0,0.16637131116037382,0.16945489037468714
SG_004629,0,0.1700767083325905,0.17796507376621237
SG_004630,0,0.1484149618250204,0.13056834628464048
SG_004634,0,0.21308843575191305,0.2185746659096668
SG_004636,0,0.2052707696235503,0.22094328749510506
SG_004639,0,0.14125283998638985,0.19076729807731543
SG_004640,0,0.19170462482054482,0.18945760275884907
SG_004642,0,0.2204172532589195,0.16666556639003596
SG_004643,0,0.16453138749681473,0.11161555660070359
SG_004644,0,0.13905939201825424,0.1312372561518698
SG_004646,0,0.18080290514703865,0.1830826789481032
SG_004647,0,0.08053116642627524,0.12405721419990029
SG_004648,0,0.10681290356013821,0.10664618734476154
SG_004649,0,0.1680422735327581,0.17891090567253928
SG_004650,0,0.16465175246520977,0.08191841288184562
SG_004651,0,0.14620450458128723,0.1274662051305175
SG_004654,0,0.10430402861917258,0.11515924976312338
SG_004657,0,0.16704052195916444,0.1472167220684847
SG_004660,1,0.20659615894028185,0.17888698941883172
SG_004661,0,0.17155960085030403,0.18741576368344143
SG_004663,0,0.16682885580868345,0.16072909461090742
SG_004665,1,0.205556993203079,0.18641057405085096
SG_004666,0,0.14295573092266084,0.1206894635288965
SG_004667,1,0.17187351424243996,0.1525928457315503
SG_004670,1,0.27396495311723923,0.24586458261665983
SG_004671,0,0.1830758459399417,0.2512413810472906
SG_004673,0,0.16595236607780295,0.1046534750562144
SG_004674,0,0.23646541455677786,0.17303718144948535
SG_004675,1,0.17518127195587707,0.17008990256281403
SG_004677,0,0.0995784341525347,0.13613572844029334
SG_004678,0,0.26134943645457065,0.2574991248651351
SG_004679,0,0.1483897387403262,0.16944401841733006
SG_004680,0,0.2710563468569875,0.18466487731514328
SG_004681,0,0.3140441473912944,0.2358486352039649
SG_004683,0,0.16734368258366997,0.14885640230853892
SG_004684,0,0.16787674452091053,0.15433071463987563
SG_004686,1,0.11880175139129247,0.0941878645059862
SG_004687,0,0.22565891231948204,0.18847409690246647
SG_004688,0,0.1379899075199005,0.15865983539016318
SG_004690,0,0.1853726020359465,0.18584971999960875
SG_004691,0,0.12176520615743344,0.11926445385867394
SG_004692,0,0.19363879104780124,0.18129122883611332
SG_004693,0,0.2202924307821301,0.21344506024845417
SG_004694,0,0.2201290071833663,0.22560520927946281
SG_004696,0,0.16084385230037937,0.24209240236881402
SG_004698,0,0.11337785404946525,0.11885733153351569
SG_004699,1,0.18854787872742765,0.1614767284689951
SG_004702,0,0.11365971877816694,0.13500570488330693
SG_004703,0,0.059273642513609656,0.0788476022927788
SG_004704,0,0.1725528874973345,0.14579404553484843
SG_004705,0,0.15632460304763535,0.14107170367917937
SG_004706,1,0.15100015974966371,0.12042446726618987
SG_004707,0,0.2593690451216917,0.2358874849323125
SG_004708,0,0.11621543651743782,0.1482165697427167
SG_004711,1,0.09343047461632331,0.08304806902521314
SG_004713,0,0.1724899793092578,0.18024546297491015
SG_004714,0,0.14669098854686377,0.14054760927015217
SG_004715,0,0.12470955571235434,0.13345257389432869
SG_004717,0,0.3298856282955719,0.28477406102118374
SG_004718,0,0.07716213660120036,0.08485590961716638
SG_004719,0,0.16259368780289757,0.07954856184798931
SG_004722,0,0.11595630408918077,0.1163096577531514
SG_004724,0,0.24871839559831574,0.21323977737860506
SG_004725,0,0.1633204449049759,0.20183594296923374
SG_004726,0,0.13143299779573644,0.12573066669331037
SG_004727,0,0.13549623678229553,0.11050249977649583
SG_004728,1,0.22532077596621672,0.17498999145383834
SG_004729,0,0.18783071872068174,0.18679837481236525
SG_004730,0,0.264508752165763,0.23858601492771858
SG_004732,1,0.2516713479786853,0.31988464033458447
SG_004733,0,0.17230682397347677,0.13821001627680707
SG_004734,0,0.16923292689367572,0.17032164888509135
SG_004735,0,0.172965603754998,0.17266741699443192
SG_004740,1,0.226099788394292,0.13865172175945134
SG_004741,0,0.1678610683809722,0.16608036551850028
SG_004743,0,0.0983022660621804,0.07664101015342559
SG_004744,0,0.16106154278518697,0.10478415908946298
SG_004745,1,0.16259368780289757,0.12687045243008507
SG_004746,1,0.35143395236332614,0.3004155437720068
SG_004747,0,0.23117936497196817,0.18333892642340208
SG_004748,0,0.14823655851660267,0.17128744213442157
SG_004749,0,0.13688610355929715,0.19881589894498378
SG_004750,0,0.15030313497618833,0.180825706816337
SG_004752,0,0.17010435903350404,0.17399059487348073
SG_004754,0,0.09816313475421741,0.11198991496216087
SG_004756,0,0.19498964697428675,0.16748524158219447
SG_004758,0,0.12454411846743113,0.0899020571532197
SG_004759,0,0.15864291289875576,0.1808746420976201
SG_004765,0,0.1341564133182227,0.11350423166959904
SG_004767,0,0.187377826426007,0.22700794943412275
SG_004768,0,0.16259368780289757,0.15010709257225424
SG_004770,0,0.17464202785620903,0.157650372664678
SG_004771,0,0.16889351869259095,0.15596625810370404
SG_004774,0,0.2291013110540307,0.2741380021446907
SG_004775,0,0.20015221847200435,0.21158720580083323
SG_004776,0,0.16276318905655815,0.10425636648811408
SG_004777,0,0.16004335241101914,0.14432169639879563
SG_004778,0,0.16702529577725425,0.14748979392366132
SG_004779,0,0.16842570012352767,0.17417986256329268
SG_004780,0,0.22127115416665694,0.24894363151743765
SG_004781,1,0.1799976734404916,0.21288244791234148
SG_004783,0,0.16442235054742202,0.12918068779103084
SG_004785,0,0.12343215478086336,0.13587232726838785
SG_004788,0,0.21261115950650597,0.20138322605189057
SG_004790,0,0.08760424637229107,0.08278453079161688
SG_004791,0,0.23111630510888606,0.20059296289208325
SG_004792,0,0.16625476061430142,0.19580737018792588
SG_004793,0,0.17743391942625913,0.17478148571627936
SG_004794,0,0.10394204339751036,0.11220348631656658
SG_004795,1,0.1883036542440003,0.18955873766075354
SG_004796,0,0.14015387665562737,0.1384107647919839
SG_004800,0,0.1278773479246203,0.1395161309920247
SG_004802,0,0.16106154278518697,0.06626924291305092
SG_004803,1,0.3195939447267056,0.2933299702415754
SG_004805,0,0.2362137888757141,0.19421491174679878
SG_004806,0,0.12372545923227717,0.12460218021301267
SG_004807,0,0.1671768679776643,0.18045279982020201
SG_004808,0,0.08921461682689258,0.1118895616240041
SG_004809,0,0.17599249585435722,0.17751345884112876
SG_004810,0,0.13252501709127545,0.12461278468172747
SG_004811,0,0.367064238209372,0.2952480731710751
SG_004812,0,0.15890406436855023,0.1653248933324609
SG_004814,0,0.09888346011556506,0.09385558633220918
SG_004815,0,0.1854354548755009,0.17993118018357282
SG_004819,0,0.1825836685397507,0.17127106545808138
SG_004820,0,0.2078953052061581,0.19902170215477705
SG_004822,0,0.19191460485241163,0.21299697002430287
SG_004823,1,0.16945510603055414,0.11894562596640275
SG_004824,1,0.19811564018697939,0.1934464601446057
SG_004825,0,0.14106863178521384,0.13585603359151943
SG_004826,0,0.18206317716803744,0.23491612823730743
SG_004832,1,0.1690491655684216,0.14476190756202728
SG_004833,0,0.12478754565760261,0.1361079657119975
SG_004834,1,0.22464801919730368,0.1616767970676927
SG_004835,0,0.3472513595153953,0.3195875144937825
SG_004837,0,0.12876164940998108,0.11653431845145311
SG_004838,0,0.16794171667663796,0.1550862909624032
SG_004839,1,0.16639192896787494,0.1527882111132451
SG_004841,0,0.1973020162076014,0.1874646210068892
SG_004843,0,0.16390843219390655,0.09134293213775962
SG_004845,0,0.11701429337215136,0.13518692030392956
SG_004847,0,0.15543500767835797,0.16619927264920528
SG_004848,0,0.15520776998344982,0.1927730014448498
SG_004849,0,0.13683204813991717,0.16829501439779856
SG_004850,0,0.1940223696689006,0.16696203710816515
SG_004851,0,0.21756820230644716,0.20336877416774618
SG_004852,0,0.13667592085564942,0.132935110976144
SG_004854,0,0.17277068881124114,0.13941898057896196
SG_004857,0,0.17138322120838245,0.20475926563370747
SG_004858,0,0.17485259171532788,0.2073678062061604
SG_004859,0,0.13693885940006142,0.14565150366633306
SG_004860,0,0.12348632819343197,0.11607381155416142
SG_004861,0,0.17425094905096886,0.2988939893335016
SG_004862,0,0.2145083910525686,0.20808172901108585
SG_004863,0,0.16595236607780295,0.13776830037521304
SG_004864,0,0.14138931061899754,0.1603182849354615
SG_004865,0,0.1437371163189376,0.13852619909548006
SG_004869,0,0.2872518370310584,0.1967587708543101
SG_004870,0,0.20671765480581802,0.2125693226088593
SG_004871,0,0.18936688302601754,0.19133266770943072
SG_004872,0,0.08849833822658104,0.0802479519366749
SG_004874,0,0.16913185188287772,0.16444399151228217
SG_004875,0,0.14652182864576851,0.1837789047001225
SG_004876,0,0.16298600594729376,0.18255640535420886
SG_004878,1,0.2085374195842248,0.25049775744735053
SG_004879,0,0.16295658029451598,0.1646387935220928
SG_004880,0,0.27132257116263553,0.19657783170446402
SG_004883,0,0.24271175131154618,0.2108150163655003
SG_004884,1,0.17658917345297487,0.236142594671067
SG_004885,0,0.16810190994725283,0.14663013033944586
SG_004886,0,0.28885467346005944,0.24343159980271462
SG_004888,0,0.16106154278518697,0.1097853707935312
SG_004889,0,0.15768651286816468,0.14475158101061567
SG_004890,0,0.25157912613949074,0.18583010050933882
SG_004891,0,0.12667873397300358,0.15996635135703371
SG_004892,0,0.259229617551691,0.2393836513711343
SG_004893,0,0.16928451951741663,0.13053882568996641
SG_004894,0,0.20783723599344614,0.21362825139275027
SG_004895,0,0.1704401409393381,0.15986672438231733
SG_004896,0,0.2999616113191732,0.2442934308205379
SG_004897,1,0.10599640647368753,0.1319473694189825
SG_004899,1,0.1786674792626955,0.20585968094784224
SG_004901,0,0.19936645112943496,0.23808044385784682
SG_004902,0,0.20131907037150712,0.15837521419723963
SG_004903,1,0.1668914402189957,0.20545136677561177
SG_004904,1,0.22107447216267598,0.1811246598643411
SG_004905,1,0.18063487969551054,0.19147637606398582
SG_004908,0,0.1978559647153382,0.1661910443022153
SG_004909,0,0.08181320982627018,0.07020965703696454
SG_004910,0,0.21776312763780997,0.17751809279801703
SG_004911,0,0.16575557422991058,0.1765506493549602
SG_004914,0,0.17345950917544387,0.2179816130685246
SG_004915,0,0.16259368780289757,0.11254556934137883
SG_004916,0,0.17787292602838536,0.21310806734843174
SG_004917,0,0.14397869640923103,0.13844427206073417
SG_004918,0,0.16498590297624227,0.1159214706040644
SG_004920,0,0.2636876035799555,0.2551212315676695
SG_004921,0,0.17027840769177197,0.15873697768994172
SG_004924,1,0.19891229272274885,0.1839229571811608
SG_004926,0,0.12230437116724131,0.13132023830103975
SG_004928,0,0.3110103839662531,0.2861574462865304
SG_004931,0,0.16669647589002762,0.12265711464455889
SG_004932,0,0.18473467788117492,0.21988700146854656
SG_004933,1,0.1251235241316661,0.1184802129066159
SG_004934,1,0.15570320692342396,0.17897478398210778
SG_004935,0,0.16106154278518697,0.11582521755078475
SG_004936,0,0.27497396747821595,0.2416624806140798
SG_004937,0,0.14546882210142026,0.15988046627314634
SG_004938,0,0.12044433448939845,0.10683584230882005
SG_004940,0,0.13150677322582974,0.1710743465425504
SG_004941,0,0.10039233420548191,0.084989354872345
SG_004943,0,0.16878441710342718,0.16639518499488573
SG_004946,1,0.27147620997860966,0.27086997869218876
SG_004947,0,0.1123332581340709,0.1055106388168434
SG_004948,0,0.14067693540780113,0.1334699143272027
SG_004949,0,0.1678559256608396,0.17124715830307535
SG_004950,1,0.10935486086759555,0.12770024635790808
SG_004951,0,0.15873062377430838,0.15979494844073827
SG_004952,0,0.15978946045651354,0.1828276653294038
SG_004953,0,0.17132288275573485,0.21969141863457428
SG_004954,0,0.16106154278518697,0.08217200370643259
SG_004955,0,0.18871417576913804,0.1802802427255673
SG_004956,0,0.1473711505815893,0.15737531335830793
SG_004957,0,0.29443008987837277,0.2719848337652961
SG_004958,1,0.19955432924610486,0.19560024830596168
SG_004961,0,0.16106154278518697,0.07982337033787525
SG_004962,0,0.1792474635703452,0.17574357566349252
SG_004963,0,0.17805963516425255,0.2364595684590405
SG_004965,1,0.17188694053318884,0.20690043272173492
SG_004966,1,0.2272755862158827,0.2534112405909159
SG_004967,1,0.1473032430421483,0.12318230705079085
SG_004970,0,0.17737115087210528,0.18597172487814748
SG_004971,0,0.17530368338527255,0.20072484815785116
SG_004972,0,0.1601006987910647,0.1427980098655764
SG_004974,0,0.07813228680918805,0.13129872020294137
SG_004976,0,0.1548220008789098,0.14225227151047942
SG_004977,0,0.15223198372422575,0.14531749571635957
SG_004978,0,0.1690619286758299,0.1662157240264852
SG_004979,0,0.23594184995482298,0.20429408438141844
SG_004980,1,0.18680347212763554,0.18815986317703692
SG_004982,0,0.13778553492242,0.16524760024144516
SG_004983,0,0.16456315365008747,0.14942070740519667
SG_004984,0,0.20301944124043134,0.1799736667591742
SG_004986,0,0.2170374046948327,0.20556306714372793
SG_004987,0,0.18612457357574932,0.21183328533825024
SG_004989,0,0.1675486920174521,0.1705519324205107
SG_004991,0,0.09381622297202272,0.10672163466953823
SG_004992,0,0.1575334545547677,0.1409642880295073
SG_004994,0,0.1083394159579776,0.13598645926910327
SG_004995,0,0.12381535881026268,0.11310327124189554
SG_004996,1,0.17547605394394478,0.19361842659903578
SG_004998,0,0.13520199780321543,0.10561363236177093
SG_004999,0,0.21047127056795667,0.23841982683854532
SG_005001,0,0.16727576901798494,0.17495415211804227
SG_005003,0,0.2568277835373198,0.23351984586571797
SG_005005,0,0.14840683980124578,0.1775082810668249
SG_005006,0,0.12280365754894966,0.12160078516854418
SG_005007,1,0.17081694492456528,0.20143415611748985
SG_005008,0,0.17072620020758977,0.17468423941287584
SG_005009,0,0.13437091112447233,0.16868650396313956
SG_005010,1,0.1674581132538404,0.15653207785748743
SG_005012,0,0.10751758625043539,0.09622787231856064
SG_005014,0,0.10386613575544226,0.12106433826100815
SG_005015,0,0.1541008010068966,0.1615174040197541
SG_005016,0,0.1349340884561729,0.14578221929398374
SG_005017,0,0.1616558673716112,0.1537425516543539
SG_005021,0,0.10056470481284785,0.13092021300714807
SG_005023,1,0.17099277449163708,0.18717512334067163
SG_005024,0,0.13138924412457753,0.1285048561236991
SG_005025,0,0.10858827738871031,0.11866131066523886
SG_005026,0,0.12279760732051934,0.12730624433338342
SG_005028,0,0.1787729224099393,0.21516819343270593
SG_005032,0,0.13983360645973447,0.1594153586873032
SG_005034,0,0.1307440465425963,0.11554410380630167
SG_005035,0,0.117877309670448,0.12057299375633425
SG_005036,0,0.10492818165859037,0.1207939878419118
SG_005038,0,0.17407890259139597,0.19503243658022523
SG_005039,0,0.13352532154947397,0.13086749638290351
SG_005040,0,0.16888814090723467,0.17014960795540152
SG_005042,0,0.12376061593686964,0.12763643218407128
SG_005043,0,0.10082363726406153,0.09140683414612655
SG_005044,0,0.15303217609499487,0.16315555111048693
SG_005045,0,0.11652065499038662,0.13182204794664465
SG_005046,0,0.09727607293681172,0.10191309611613669
SG_005047,0,0.16608016333605075,0.2110867350430027
SG_005050,0,0.16057848495994903,0.16045294641999808
SG_005051,0,0.13725360494774072,0.15211189791037083
SG_005053,0,0.16843976905983402,0.18725726108914437
SG_005054,0,0.18276601566248427,0.18825667548893663
SG_005055,1,0.11690458712696523,0.1471682335867434
SG_005056,0,0.19483263537397058,0.2872625321500152
SG_005059,0,0.10354819153689199,0.12167324401233177
SG_005060,1,0.21446993316881974,0.22607244692592882
SG_005061,0,0.17573089065911668,0.16435859089421714
SG_005063,1,0.10604790057572708,0.10252782780520701
SG_005064,0,0.16264927853320466,0.1817551151283851
SG_005065,0,0.28871819224731377,0.2387394930053788
SG_005066,0,0.11789013522353464,0.1232582431864563
SG_005067,0,0.14154537943551265,0.0882485054104477
SG_005068,0,0.15851253206795382,0.16906363617518322
SG_005069,0,0.16090013295939443,0.15058413567369733
SG_005070,0,0.32109493079053236,0.27725138986005293
SG_005071,0,0.14134410933058095,0.22417101110970936
SG_005072,0,0.13719380957219707,0.1587294895581707
SG_005073,1,0.21814506581532167,0.18420452753197622
SG_005074,1,0.22518041941909053,0.2528786135475379
SG_005075,0,0.23739662808237444,0.22346990698417618
SG_005076,0,0.1493846354527861,0.15729530386975388
SG_005077,0,0.07143632037615544,0.08153517197941966
SG_005078,0,0.16744907128110922,0.16625538625473324
SG_005079,0,0.15250259053034648,0.15632811579332853
SG_005081,0,0.13042142971422463,0.1450027675573458
SG_005082,0,0.18709693148191642,0.16949243870661349
SG_005083,0,0.13424768411757876,0.15590775674375262
SG_005084,0,0.1685305742016447,0.18168022127490815
SG_005087,0,0.27158760496342355,0.2480328104045675
SG_005088,1,0.15588908535268384,0.16826020207131448
SG_005092,0,0.17822368018012455,0.19295089121112588
SG_005093,0,0.15006959869351175,0.1482394873042476
SG_005095,0,0.13669840275694284,0.09562269772048297
SG_005096,0,0.11467480474956138,0.13264641000255553
SG_005099,0,0.1972171061908895,0.2094754355593559
SG_005103,0,0.14704311482491253,0.15456744546214626
SG_005104,0,0.13650936442428838,0.09547294438477436
SG_005105,1,0.15689238567288266,0.18432713971687564
SG_005106,1,0.2074464936239091,0.19653630870326116
SG_005107,0,0.07219524463849072,0.11186963117223621
SG_005109,0,0.11579294395794897,0.11519375363047235
SG_005111,0,0.20968748691769762,0.2297716855851783
SG_005112,0,0.16259368780289757,0.10944399859879592
SG_005113,0,0.11697597477725903,0.13232798175702734
SG_005115,1,0.18136836865137637,0.2162354725005836
SG_005116,0,0.1618604053552041,0.18972905630831566
SG_005117,0,0.14835518694109262,0.2043097162538294
SG_005118,0,0.1785682489069748,0.14962899157229237
SG_005119,0,0.2553251998551201,0.3057601975870699
SG_005121,0,0.1707900072869122,0.17631557997184838
SG_005124,0,0.15778229907574337,0.1524592399665625
SG_005125,1,0.20309892857310954,0.16502346337544804
SG_005127,0,0.1125214806206075,0.08615233871455803
SG_005128,1,0.10271781103418437,0.0730309927231544
SG_005129,0,0.1263200302872683,0.12685581459836007
SG_005130,1,0.2990956753134235,0.25724717370095157
SG_005133,0,0.14347083158812815,0.16136343094417463
SG_005135,0,0.1106987021744599,0.09375503346990519
SG_005136,1,0.1624219123293633,0.1799412806530002
SG_005138,0,0.17219276131244912,0.18175721862348138
SG_005139,0,0.11926837689730775,0.09319089990706018
SG_005144,0,0.29277235837959575,0.21086869853646736
SG_005145,0,0.2039022351096666,0.19736714989847529
SG_005146,0,0.207830125949997,0.23870017144431124
SG_005147,0,0.21861155328528992,0.2067356979607407
SG_005149,0,0.08945686226547342,0.07931507967480152
SG_005150,0,0.17193908288997306,0.17077618203767206
SG_005151,0,0.14815875038719556,0.17934263190745273
SG_005152,1,0.22834244044595206,0.17834871087398343
SG_005153,0,0.14103231082587464,0.13789215103810495
SG_005154,0,0.16106154278518697,0.12475396957249482
SG_005155,0,0.2998939925907713,0.31496247510391395
SG_005156,0,0.18126922835082304,0.20477409376458316
SG_005157,0,0.1772427096274685,0.11037348624179673
SG_005158,0,0.26252776898958385,0.2786003766392802
SG_005159,0,0.25151909769539615,0.22544536632947096
SG_005160,0,0.19191155584579525,0.14821677865279653
SG_005162,0,0.09858467225253742,0.09095864611107973
SG_005163,1,0.2305398692291778,0.23611118575201195
SG_005164,0,0.1323189315409981,0.15272647552876006
SG_005165,0,0.10919033834950867,0.12483898251876707
SG_005166,0,0.2978078874785998,0.25898752182896473
SG_005167,0,0.11442565467943465,0.1274818956667944
SG_005169,0,0.10120119475727428,0.12620957529701357
SG_005172,0,0.1343563111578531,0.08682125593719509
SG_005173,0,0.16106154278518697,0.0896055309848394
SG_005176,0,0.19243589416026197,0.19295198519894582
SG_005177,1,0.15475456099258564,0.16465505690949156
SG_005180,0,0.22398052873942667,0.26352826303179755
SG_005181,0,0.16259368780289757,0.07646332161442877
SG_005182,0,0.16259368780289757,0.10360877432617532
SG_005183,0,0.06961595992956023,0.09196308265751006
SG_005184,0,0.2853953754031202,0.2366396524164748
SG_005185,0,0.16754527180367057,0.13224238193163765
SG_005186,1,0.19064143981586334,0.19850721927221104
SG_005187,0,0.18664087701855162,0.19877465155101195
SG_005189,0,0.20972395919155049,0.18611577323814413
SG_005192,0,0.1840532221509868,0.19315282065435546
SG_005193,0,0.22944855472646172,0.1939397693544629
SG_005195,0,0.13420970549488487,0.15336085071828556
SG_005197,0,0.13843223142827604,0.16739573522362608
SG_005198,0,0.28750746784226905,0.2293874786109984
SG_005201,0,0.10288965241909047,0.07822083225691717
SG_005202,1,0.16675159828780034,0.12106221231041855
SG_005204,0,0.17258928553521605,0.1705082514219367
SG_005206,0,0.18944423601082933,0.18044255525096192
SG_005207,1,0.17607567970610294,0.2630968021134084
SG_005208,1,0.1842647592788456,0.20509321813107972
SG_005209,0,0.12423023440451134,0.12104939453497517
SG_005210,0,0.2382497754587845,0.2695776165060668
SG_005211,0,0.1473168793654408,0.14757920339978772
SG_005212,0,0.1647014800574813,0.10263100934784541
SG_005215,0,0.16106154278518697,0.12351091811679746
SG_005217,1,0.14754426173341006,0.1671935691316652
SG_005218,0,0.1347231737430531,0.14670179310020798
SG_005219,0,0.1812616771232621,0.2837991572486665
SG_005221,0,0.2672879759819431,0.25025589770774925
SG_005222,0,0.11938389897542524,0.1307953447816311
SG_005223,0,0.15243779831630289,0.11738664999215419
SG_005225,0,0.12119676000613705,0.11618978666862224
SG_005226,0,0.1781482726825042,0.17440521550000215
SG_005227,0,0.1666685870449694,0.159729916146284
SG_005229,0,0.18709464743358067,0.18149084548452218
SG_005230,0,0.17199841749566044,0.156845523795107
SG_005231,0,0.13092037774791088,0.1541846817905067
SG_005232,0,0.16497250477135922,0.12774144221851624
SG_005234,1,0.17691874129078025,0.17922004716854206
SG_005236,1,0.16626128975896287,0.11910910445420521
SG_005237,0,0.10901326809689328,0.11699467557169042
SG_005238,0,0.21395344608466885,0.2243215669338165
SG_005239,0,0.14172977716648405,0.12706071228085009
SG_005242,0,0.10788008498391212,0.12076677156602267
SG_005243,0,0.12837428970806125,0.11013096563312437
SG_005244,0,0.18662076823614984,0.14883184629214283
SG_005245,0,0.1082315028066701,0.13723460847277755
SG_005249,0,0.12814603956036869,0.13232415901573807
SG_005252,0,0.16452686015323706,0.1100554733055559
SG_005254,0,0.11516101510979158,0.12461131971381345
SG_005256,0,0.12682282871495465,0.14120988676059132
SG_005257,0,0.16929805948485532,0.15725348296949623
SG_005258,0,0.17524361333050728,0.20443816231966958
SG_005259,0,0.1331157765454694,0.07796549169375935
SG_005260,0,0.1188838076903529,0.12748231144264632
SG_005261,0,0.20518680354532126,0.14805999214263701
SG_005262,1,0.16807719692193787,0.14686390721349454
SG_005263,0,0.1164457659527788,0.10574528758900605
SG_005265,0,0.24302121272906477,0.18518373062771218
SG_005266,1,0.10242315988552862,0.1251153033300214
SG_005267,0,0.17780935908064027,0.17700007282855448
SG_005269,0,0.12032326308964893,0.122937739423601
SG_005271,0,0.1387585519795568,0.1346159754406165
SG_005272,0,0.12366587531991444,0.12933847768424678
SG_005273,0,0.13316241222578876,0.12774242365257993
SG_005274,0,0.145647928071826,0.1201448353975098
SG_005275,0,0.16879092054816805,0.15739173165740183
SG_005276,0,0.16619560050725807,0.12554479909296015
SG_005278,0,0.16785356523096126,0.13073586462247602
SG_005279,0,0.16642719928893182,0.19812844436710295
SG_005280,0,0.13293883973801252,0.11261446350971233
SG_005281,0,0.1408405718840997,0.15295660107821632
SG_005285,0,0.16437744785924818,0.15199487244119303
SG_005286,0,0.22651933394919152,0.24547030968204145
SG_005288,0,0.1719058739595894,0.1881092762052147
SG_005290,0,0.1949255534350599,0.21159840694280754
SG_005293,0,0.09366016759390118,0.13455463340252227
SG_005294,0,0.13778204113292591,0.1752390159813932
SG_005295,0,0.1666660923873856,0.16538498232859433
SG_005297,0,0.2584974031329044,0.25726893634302694
SG_005298,1,0.28226337400945584,0.26488726586352346
SG_005299,0,0.1326070122291136,0.10954932074558386
SG_005300,0,0.2287546982988108,0.19172055224899173
SG_005301,0,0.0958318987274918,0.16371515789940014
SG_005303,0,0.1341082087288001,0.14067372946645015
SG_005304,0,0.16748560440218974,0.14028291367816917
SG_005306,0,0.16639072220626963,0.14788808289525693
SG_005307,0,0.12682971384141986,0.19508928645989124
SG_005308,0,0.14911760054455309,0.19793559350192483
SG_005309,1,0.2005254441107195,0.21508979102910764
SG_005310,0,0.14169631856865714,0.1192512308078798
SG_005314,0,0.1364064011008768,0.17832413459630567
SG_005315,0,0.22169927932627095,0.17558633816688518
SG_005317,0,0.12731763608778923,0.14197958594861837
SG_005318,0,0.15800927545848764,0.18182817665651152
SG_005319,0,0.10610234231216643,0.12344397778466379
SG_005324,0,0.1477820640455293,0.18727045385538804
SG_005326,0,0.13970796263042623,0.15221701620259098
SG_005327,1,0.16929915381041674,0.12825174404803993
SG_005330,0,0.15115023205247535,0.14105277631451887
SG_005331,0,0.11724273765212606,0.15844950349873865
SG_005334,0,0.2058865638213841,0.2054531873249176
SG_005336,0,0.11145635664996036,0.11106055710930693
SG_005337,0,0.14921659395068868,0.17174001579111814
SG_005338,1,0.17076650560281023,0.1455922073746796
SG_005339,0,0.1536352594952918,0.1551938586821525
SG_005342,0,0.17145050197865117,0.18202881586113867
SG_005343,0,0.20340227483740997,0.19114530091441514
SG_005344,0,0.2570841911051802,0.23849200082935199
SG_005345,0,0.26704291047701983,0.1839802848223512
SG_005347,0,0.18316271793032618,0.19427312459535842
SG_005348,0,0.14541905745608968,0.12493041018189058
SG_005349,0,0.14348585584672988,0.15058368646647613
SG_005352,0,0.17585485002766357,0.2165236157786745
SG_005354,1,0.20561886115779524,0.21449629019442593
SG_005355,0,0.24075061789785482,0.2278608759325718
SG_005357,1,0.1254545787011957,0.10731066753110492
SG_005358,1,0.17753636728921277,0.16086145675623756
SG_005359,0,0.12305022478708087,0.07970359350922293
SG_005361,0,0.17019818607593812,0.16391508053698564
SG_005364,0,0.16680240468560706,0.139804647180109
SG_005366,0,0.1643327301803195,0.14528368546772197
SG_005367,0,0.16448201019395886,0.15264483291730158
SG_005368,0,0.14321565949385803,0.1402611605923976
SG_005369,0,0.17410232358268377,0.1532470209157167
SG_005370,1,0.21940310546427294,0.21557392621181126
SG_005373,0,0.2021625906410499,0.2065390877797572
SG_005374,0,0.11449149717957711,0.14198299240587198
SG_005375,0,0.14714155376011273,0.12623136536494736
SG_005377,0,0.15533316962214383,0.17417125465585728
SG_005381,1,0.18280241673870185,0.18071492779518353
SG_005382,0,0.19456740218892488,0.16058475784653278
SG_005383,0,0.13717060921023724,0.09575055323908216
SG_005385,0,0.1722773560446235,0.19253793695891383
SG_005388,0,0.1967691777953282,0.20693685053959546
SG_005389,0,0.19722681225085,0.23893582689168194
SG_005390,1,0.2747987608720351,0.22652965278434262
SG_005391,0,0.12272011487097532,0.12025752859425283
SG_005392,0,0.30866259088909537,0.22648905706461625
SG_005393,0,0.1675799387579395,0.12965853258973908
SG_005394,0,0.2201305156970554,0.2357541233121537
SG_005395,1,0.16821553778975276,0.15524000971372345
SG_005396,0,0.1693782189658945,0.1861638144252295
SG_005398,0,0.13869470410338874,0.08747955394772129
SG_005399,0,0.16052597861122606,0.1599085996127332
SG_005400,0,0.18269822174553063,0.2774835075505362
SG_005402,0,0.13677822102603288,0.11088735862705605
SG_005403,0,0.08729598537697818,0.059032149532777294
SG_005404,0,0.1331335982292823,0.1387336060845703
SG_005405,0,0.26426785635393385,0.2394291007305651
SG_005406,0,0.13648797028796633,0.16720119043898582
SG_005407,1,0.1623829106795596,0.19540511974473257
SG_005409,1,0.19940769971734806,0.21000982073387314
SG_005410,0,0.16955577129137006,0.16154365320008984
SG_005411,0,0.17193708711309932,0.17255385260398465
SG_005413,0,0.156100577949459,0.16264627819251914
SG_005415,0,0.12223063319621295,0.11795325525813291
SG_005416,0,0.2023365600170162,0.2045314907321143
SG_005417,0,0.13132054372873886,0.0839521934451966
SG_005418,0,0.16221930318439007,0.13626881872466956
SG_005419,0,0.1195189763202588,0.12083442563909766
SG_005420,0,0.1556858607150754,0.14308594820221276
SG_005422,1,0.15324030986696707,0.14107242976945777
SG_005423,0,0.18622375678952374,0.13672210473839683
SG_005425,0,0.22034520863592788,0.25740353755463535
SG_005426,0,0.1469443702191557,0.14106464052100606
SG_005427,0,0.16705953733443857,0.13483494850420488
SG_005429,1,0.11767910159480102,0.1324167982625354
SG_005430,0,0.11891301093940743,0.12485922298440147
SG_005431,0,0.12922493936928173,0.15624177088091215
SG_005433,1,0.14980609770718334,0.1263039492598204
SG_005434,1,0.14501824417412515,0.14100514958285718
SG_005435,0,0.09345592579107322,0.06591691216992286
SG_005436,1,0.16781483723910512,0.17338139367128366
SG_005437,0,0.14333460772960735,0.14352157905017485
SG_005438,0,0.16390843219390655,0.1554486574787162
SG_005440,0,0.10879457237833852,0.12136167264290067
SG_005441,0,0.19681230368834512,0.23983623014054742
SG_005442,0,0.1668637557611985,0.08106464911832004
SG_005443,1,0.16407748375508122,0.13152701977628548
SG_005448,0,0.18799084764949098,0.16584835018793423
SG_005453,0,0.21132437670008525,0.21449923872726404
SG_005454,0,0.18326014329889978,0.21438077826924223
SG_005455,0,0.1556819594965538,0.16594873373437427
SG_005458,0,0.1802989202094997,0.196326243698137
SG_005461,0,0.1456966028874812,0.1714710133652824
SG_005462,0,0.2544365423099118,0.2446024392710833
SG_005463,0,0.1039808144109324,0.09194176848832208
SG_005464,0,0.14083536326101787,0.2090163971010329
SG_005467,0,0.19394102211439634,0.18076257596369127
SG_005468,0,0.12381104406345837,0.10956886326465333
SG_005469,0,0.15609359704534165,0.2083083876612772
SG_005471,0,0.23213534118306078,0.2365181374922729
SG_005472,0,0.13904988271775987,0.13596085233710445
SG_005474,0,0.08463383024661983,0.05772157291499968
SG_005475,0,0.29290632322076493,0.27817432206538784
SG_005476,1,0.10127453715154605,0.1287665795094511
SG_005478,0,0.13623728053607076,0.11684188382067894
SG_005479,0,0.1507834029481968,0.21139601246407333
SG_005480,0,0.10357598175250445,0.14552667517377407
SG_005481,1,0.20172423325685587,0.19811308119850918
SG_005482,0,0.1670623635583332,0.11365034810942887
SG_005483,0,0.13777890446577423,0.1543815344271398
SG_005484,0,0.13635259281547443,0.13421820055830144
SG_005485,0,0.1736518519498495,0.15608035666889894
SG_005487,1,0.1876983335469749,0.2445775422174555
SG_005488,0,0.2595942671029138,0.23154376273412317
SG_005490,1,0.1355238135135573,0.15432346496086563
SG_005492,0,0.2503362113568804,0.23045199601762478
SG_005493,0,0.22496447238512038,0.2824774537986377
SG_005494,0,0.22385116473961425,0.21433522602150484
SG_005495,0,0.10559177945486561,0.1003347489854444
SG_005498,0,0.11655640157580216,0.11833929704469213
SG_005500,0,0.10758658574648866,0.1440987062222487
SG_005501,0,0.2234690638681091,0.24014991065460986
SG_005502,0,0.24184338943167163,0.23708627167294818
SG_005505,0,0.20975734972473414,0.20306761439224583
SG_005507,0,0.200713544475242,0.16345823810951893
SG_005508,0,0.09274720332362076,0.10344906657642954
SG_005509,0,0.12885926004086792,0.12090627458493805
SG_005512,0,0.16251030811809467,0.1629675259363568
SG_005513,0,0.17287851274990532,0.1613903281116387
SG_005514,0,0.20096687211949693,0.22242296004931325
SG_005516,1,0.16054168677074743,0.14056018439921775
SG_005517,0,0.09186356018140879,0.09944181789939416
SG_005520,0,0.1636571057966781,0.13566056557942688
SG_005521,0,0.17727353634091012,0.20510689085373035
SG_005522,0,0.2561871102493392,0.19348773343379821
SG_005523,0,0.14812247287072952,0.15952865528283502
SG_005525,1,0.17076165018698375,0.15227342626879156
SG_005526,0,0.2012399055040487,0.2318670747342694
SG_005527,0,0.10145652922581025,0.10708272829304744
SG_005528,0,0.13583449108824147,0.14633761577294255
SG_005533,0,0.17035531450826324,0.16811693636988798
SG_005536,0,0.12711847919798303,0.1788988485618592
SG_005537,0,0.134601484657669,0.12901867528316827
SG_005538,0,0.09355671997345708,0.11747214127326819
SG_005539,0,0.16839970417811737,0.16554497559707496
SG_005540,0,0.19888139010185832,0.14265043874091843
SG_005543,0,0.09420870216029396,0.11255445201309797
SG_005544,0,0.11648116551020082,0.1245944790562769
SG_005545,0,0.1593372048685379,0.1334196760835982
SG_005546,1,0.1466218892296716,0.1316716769509308
SG_005547,1,0.1796762414924046,0.1690880424919761
SG_005548,0,0.2619470715504592,0.24960558470132677
SG_005549,1,0.13728424510780995,0.1426134106635441
SG_005551,0,0.13064381994753985,0.12418967003434647
SG_005552,0,0.16874436218170605,0.19808533311150547
SG_005553,0,0.1725778177608633,0.17180680865625994
SG_005554,0,0.15501247757227252,0.15665450524853633
SG_005556,0,0.12973062237890304,0.1697682817065388
SG_005558,0,0.16949707847770634,0.19041512436595037
SG_005559,0,0.1558621734717552,0.12515856836160108
SG_005560,0,0.11970466546849191,0.12668214632301988
SG_005561,0,0.1591036947333451,0.14755133119410455
SG_005562,0,0.22562960021359824,0.21706089594467023
SG_005563,0,0.1213270965872849,0.10207121005726295
SG_005564,0,0.16712514451894733,0.15680891009150477
SG_005566,0,0.20428201316826106,0.2526608107263611
SG_005567,0,0.1725778177608633,0.17304372449282324
SG_005568,0,0.16614607877250545,0.15482936232635552
SG_005570,0,0.17528095761825707,0.17265805862430825
SG_005571,0,0.18187458344131047,0.23238546301404225
SG_005573,0,0.14199566448679354,0.15816865003975933
SG_005574,0,0.13339037417211028,0.1360417416322081
SG_005576,0,0.14603503243496832,0.15855396081134177
SG_005577,0,0.1892384934923112,0.1785274955871399
SG_005578,1,0.17462877451251552,0.17504280439101413
SG_005581,0,0.16994774974532503,0.17194710800915272
SG_005582,0,0.08778642092070785,0.11226895718161913
SG_005584,0,0.19534456103083725,0.23170736799711933
SG_005585,0,0.16963080088669485,0.15521625522756255
SG_005586,0,0.16452982383404471,0.19211411392849953
SG_005587,0,0.1808206663573124,0.2690974923670202
SG_005588,0,0.2545942444837772,0.11640947462124597
SG_005589,0,0.16681097851169335,0.18850989692054956
SG_005590,0,0.15253384864779215,0.20852191356728317
SG_005595,0,0.1325276870838937,0.12544801111579854
SG_005596,0,0.17760193056501983,0.17039400580146005
SG_005597,0,0.15559082259908708,0.13461283119656306
SG_005598,0,0.10794695132829073,0.12298748806834467
SG_005600,0,0.14419198646910722,0.10727693905105311
SG_005601,0,0.1020452113634056,0.14025393173898001
SG_005602,0,0.20706139453334807,0.2016147720389308
SG_005604,0,0.21149180814583432,0.2492472905238868
SG_005605,1,0.23191701978017124,0.25422630854810485
SG_005607,0,0.1065144935766764,0.1207348318792574
SG_005608,0,0.20892496294916502,0.22345674919767491
SG_005609,0,0.168138063196528,0.17357344934992672
SG_005610,0,0.13141571950552622,0.10388920704290903
SG_005612,0,0.166888048434879,0.14129764170177833
SG_005613,1,0.20034716339444575,0.1642042393353422
SG_005614,0,0.2480800418244251,0.21826079390282985
SG_005616,0,0.15120109772329707,0.13437919188655614
SG_005617,0,0.18319805799801797,0.25037856125564034
SG_005618,0,0.42883403474982196,0.2896278016639042
SG_005619,0,0.1558234980869913,0.1848365278786308
SG_005620,0,0.12597218877686323,0.11662683300230275
SG_005621,0,0.33293991700510606,0.2930095224068441
SG_005623,0,0.12945985133331164,0.16793849158545607
SG_005624,0,0.22844122624147295,0.2557153863142073
SG_005626,0,0.19316466745409608,0.20950665124338444
SG_005627,0,0.11264759440807441,0.1225234851648591
SG_005628,0,0.17024225119724085,0.1683149753428363
SG_005629,0,0.24432150824663473,0.2540064125278425
SG_005631,0,0.17497516015310852,0.1842140816452053
SG_005632,0,0.11871944503734663,0.12844882779955696
SG_005633,0,0.1433838766068938,0.1605838143727348
SG_005637,0,0.18087870790695873,0.21507137817205585
SG_005639,0,0.14544754564823129,0.14830522699130522
SG_005641,0,0.17736440659450503,0.2540784940495403
SG_005642,0,0.16727848698971784,0.16144037599000102
SG_005646,0,0.16974513942000505,0.16237341721964185
SG_005647,0,0.18681902078345436,0.20783882843503124
SG_005648,0,0.1684926103730059,0.12072822919573309
SG_005649,1,0.1697043886041115,0.17480406385430447
SG_005651,0,0.13581865653549527,0.19083564050566357
SG_005652,0,0.13234782664490324,0.07737176392352087
SG_005653,1,0.13736783849404238,0.11253961663235058
SG_005657,0,0.0677692117500852,0.0778315955950043
SG_005658,0,0.09681336609237443,0.06941167491792258
SG_005659,0,0.11840112363208706,0.13042975396597598
SG_005660,1,0.2657009511939928,0.2265494242613264
SG_005662,0,0.3421599213812279,0.3184579742195319
SG_005663,0,0.20691648083849726,0.21282239234114816
SG_005665,0,0.1931177454932174,0.1743201582526602
SG_005667,0,0.19135227751743633,0.19003469475266616
SG_005668,0,0.17171834092669683,0.16181292326605765
SG_005669,0,0.17722605607801276,0.2218015471152544
SG_005670,0,0.12353665094639514,0.17557570362398053
SG_005672,1,0.2128877508151493,0.22119191973186825
SG_005673,0,0.25194889650347896,0.20753606203822111
SG_005674,1,0.33904801851270694,0.28556256725980095
SG_005675,0,0.23798376367941398,0.20848410848107007
SG_005676,0,0.23346413873562608,0.18188896732307186
SG_005677,0,0.13271003731254022,0.1547569607009043
SG_005678,1,0.12656305152767136,0.18916206256373158
SG_005679,0,0.13064381994753985,0.09697495920431612
SG_005680,0,0.13749226317149396,0.12627012426284265
SG_005682,0,0.16817320912508174,0.17696275527445995
SG_005684,0,0.14693185369775383,0.21063384317928052
SG_005685,1,0.16558922857165692,0.12529867180146695
SG_005686,1,0.19985114883816446,0.1289051823012239
SG_005689,0,0.18007797890680693,0.2079830783782807
SG_005690,0,0.20295795860964141,0.21604175873921086
SG_005695,1,0.2056689300662811,0.16904136891920846
SG_005697,0,0.09018661175467332,0.10251088540598396
SG_005698,0,0.17326583185141597,0.16950141099244037
SG_005699,0,0.11802824227613078,0.12578100366009826
SG_005700,0,0.13863482467168448,0.134548790936681
SG_005701,0,0.31093392900856187,0.3229942007706714
SG_005702,0,0.15230343162725196,0.17083451252237955
SG_005705,0,0.20934980408186268,0.24581444991055487
SG_005708,0,0.2552265634662808,0.20666810984751163
SG_005709,0,0.38061475931775224,0.22288494107980827
SG_005710,0,0.1686615947196101,0.1716647726864971
SG_005711,0,0.15524461314066706,0.11408870502471123
SG_005712,0,0.14127628744641899,0.15672014433343687
SG_005714,0,0.2829948805751231,0.24276338338860315
SG_005716,0,0.1359833362800835,0.12799597028897935
SG_005717,0,0.17159994350461322,0.18583973096835135
SG_005718,0,0.1734475679535392,0.20143071695808204
SG_005720,0,0.1793720081674533,0.20501767046024522
SG_005721,1,0.16683166723141654,0.09732159571929658
SG_005723,0,0.16672417517631818,0.17765108333976368
SG_005727,0,0.24080417205593352,0.24516646751652144
SG_005728,0,0.12030602419374901,0.10726953703593467
SG_005729,0,0.25549194461728464,0.2588700462098874
SG_005731,0,0.1906383566812786,0.29263589577899923
SG_005732,1,0.209641920750925,0.1826270963826117
SG_005733,0,0.16643239767697113,0.14875904407629853
SG_005734,1,0.17809063823046287,0.19918266782759592
SG_005737,1,0.18949537922567972,0.17988470441458906
SG_005738,0,0.19020716489153403,0.18397222991786918
SG_005739,0,0.1771503253457717,0.12803050123708756
SG_005741,1,0.16822628039511797,0.14215779432753564
SG_005742,0,0.09480314717176272,0.08376251940754399
SG_005743,0,0.17981629462660922,0.1590036438651613
SG_005744,0,0.16671436573910703,0.17994535900032785
SG_005745,0,0.21262442901166057,0.24280096233592513
SG_005746,1,0.1079285375756764,0.11437148500260896
SG_005747,0,0.1502089610664289,0.13963552546875596
SG_005749,0,0.08529822863150385,0.10083516310033004
SG_005751,0,0.10256693946972201,0.11018661495917795
SG_005752,0,0.1564429601929568,0.1424363810897452
SG_005754,1,0.2634525247271353,0.19278390290531208
SG_005755,0,0.17356488049182525,0.13883224640925346
SG_005756,0,0.11506996091714264,0.10683310902573402
SG_005757,0,0.1342920254650817,0.09144129494663956
SG_005760,0,0.1635825004650425,0.15626958653736656
SG_005761,0,0.1889106060360139,0.24971875688856868
SG_005762,0,0.15467211093610447,0.16721035772535928
SG_005763,0,0.13508225879711258,0.13520241193377128
SG_005766,0,0.1053433786894739,0.10448062692484386
SG_005767,0,0.1896006495344969,0.1886626240867821
SG_005768,0,0.1841874002305858,0.2551585667416754
SG_005769,0,0.09212956000577689,0.09904693554859505
SG_005770,0,0.14865512087067442,0.17253818151861713
SG_005771,0,0.14334827581822396,0.16904196778149733
SG_005774,0,0.18951050829140098,0.1582375682605812
SG_005775,0,0.147410666587617,0.14506070155451264
SG_005777,0,0.16725276239706183,0.20956099770444409
SG_005779,0,0.14276260082942,0.18665790577198407
SG_005780,0,0.16702407511796416,0.17432396283994694
SG_005781,0,0.1691593024088562,0.18789771825797444
SG_005782,0,0.186834913222502,0.2925401944505562
SG_005783,0,0.135671295325679,0.11387857732742382
SG_005785,0,0.14182734481980358,0.1521736544526441
SG_005787,0,0.08770374048929967,0.10794984687810771
SG_005788,0,0.14410215480739616,0.16061899014028913
SG_005790,0,0.15608443212091103,0.13646007930986884
SG_005791,0,0.21576913598247413,0.17720321251366525
SG_005792,0,0.1332309761504181,0.11055551459324282
SG_005793,0,0.17941822942222718,0.17149793706918418
SG_005795,0,0.16259368780289757,0.19251501466224227
SG_005797,0,0.1184004302775922,0.11870319174050378
SG_005798,0,0.23590819116310635,0.2527547359452007
SG_005799,1,0.16452686015323706,0.12345938201679321
SG_005800,0,0.23394827949446226,0.18166015604878957
SG_005802,1,0.14654151646672434,0.16351355616851043
SG_005803,0,0.11015925342105386,0.11000515768286029
SG_005804,1,0.16175265964581015,0.15964335232461074
SG_005805,0,0.22411497774761402,0.22911153211496058
SG_005806,0,0.17508178108698885,0.2228482976367799
SG_005808,0,0.16746856878137345,0.15160554527139616
SG_005810,0,0.1768151389514035,0.2297891715840127
SG_005812,0,0.12574792009712757,0.11930316333638065
SG_005815,0,0.17063418427264318,0.23265922221554972
SG_005816,1,0.13344395355817618,0.17047421163176926
SG_005819,0,0.14039280868271367,0.1525830277108419
SG_005822,0,0.17246525537065227,0.1600898798268788
SG_005823,1,0.1657738336216954,0.1545395944649359
SG_005826,0,0.18576077022804166,0.16270175955348748
SG_005829,0,0.17033080503435571,0.18504320972769597
SG_005831,0,0.1855908667127321,0.16670510911180142
SG_005832,0,0.16716969536660117,0.1868367878728598
SG_005833,0,0.2085150753074956,0.150891139159662
SG_005834,0,0.24354198227625057,0.23882206273962311
SG_005835,0,0.14011931504940003,0.15871493378860296
SG_005836,0,0.09596228092617172,0.1065720360822624
SG_005837,0,0.13666130936931778,0.20709920706896978
SG_005839,0,0.17388544519990135,0.21251497527714922
SG_005841,0,0.13508454822173735,0.16792735357358798
SG_005843,0,0.13521225432695747,0.16004193129138
SG_005844,0,0.17922965419860493,0.18153419533032616
SG_005845,0,0.16515990212615783,0.1708155776943998
SG_005849,0,0.16488909919650038,0.11025343736731724
SG_005850,0,0.18052065448125018,0.1629068642823408
SG_005851,0,0.10647070243360894,0.1445292564231161
SG_005852,1,0.17890283158162257,0.20548870193247876
SG_005853,0,0.09415425209678294,0.07866243192838776
SG_005854,0,0.13904953418772598,0.17589520823515323
SG_005855,0,0.19068187093713088,0.19205256841363538
SG_005856,0,0.1511144536370127,0.16234168770625595
SG_005858,0,0.17898950935023986,0.17199917240294907
SG_005859,0,0.11127043180828025,0.1481476558674387
SG_005860,0,0.1711779685169988,0.17815834203145445
SG_005863,0,0.15620847979097624,0.19051033144116292
SG_005864,0,0.17621432339692816,0.19079741814997486
SG_005865,0,0.11081709794495341,0.09851899978456156
SG_005866,0,0.1737535531405538,0.1426179637756471
SG_005867,0,0.11806280726459269,0.14155948948123265
SG_005868,0,0.11290586654455333,0.13139083368078586
SG_005869,0,0.17052071039197397,0.1649677003148134
SG_005870,0,0.1537580346695057,0.11601603896587845
SG_005876,0,0.16106154278518697,0.10701020772889233
SG_005878,0,0.1819038824147694,0.2976484076065319
SG_005879,0,0.13355478017797764,0.14192186598120723
SG_005881,0,0.15553363720825114,0.13267573840514427
SG_005882,0,0.16710307478743394,0.12733935057887263
SG_005883,0,0.11439500369989668,0.13063588802558737
SG_005885,0,0.16407748375508122,0.1323500243471267
SG_005886,0,0.2176345822198974,0.18701537353897305
SG_005887,0,0.21603709779854469,0.18947928504917574
SG_005888,1,0.1734179661368927,0.22734177236569228
SG_005889,0,0.14655079947093122,0.1543305517935643
SG_005890,0,0.16259368780289757,0.04428306107843588
SG_005891,0,0.16706116963020173,0.1179083937580636
SG_005893,0,0.13363730964538115,0.10841778477530435
SG_005895,1,0.20532959229725958,0.17868867781135253
SG_005896,0,0.1453345775858555,0.15593624491121819
SG_005897,1,0.16505481518372497,0.11095594279197818
SG_005900,0,0.16106154278518697,0.09121496870521294
SG_005901,0,0.14731108823124792,0.18629136506348362
SG_005902,0,0.15579990842814104,0.15756866567974565
SG_005903,0,0.12247443438087195,0.13388060885097536
SG_005904,0,0.2142840549094019,0.20715490068991851
SG_005906,1,0.2620245617887155,0.26488072908689886
SG_005907,0,0.1119118317060173,0.12662952963793941
SG_005908,0,0.14414091611662802,0.11850022779105536
SG_005911,1,0.14285093457471204,0.1571639054441189
SG_005912,1,0.20522002237546955,0.16366867818669792
SG_005913,0,0.15214628580379963,0.12775282696054094
SG_005914,0,0.13373391871088375,0.09994298475515045
SG_005915,0,0.16903602008514676,0.2171522289116761
SG_005916,0,0.17173811891575416,0.1964159845540196
SG_005917,0,0.22277291903690039,0.26673921994125627
SG_005918,1,0.17607942736061002,0.2483957105625882
SG_005919,0,0.16259368780289757,0.1018672176775159
SG_005923,1,0.19915115633378733,0.18076546990260925
SG_005924,0,0.22256728171964216,0.19671227354303267
SG_005926,0,0.1630514004729098,0.1493295795810715
SG_005927,1,0.23569349257419053,0.20284178900561825
SG_005929,0,0.19028803466476638,0.15417339899931642
SG_005930,1,0.19032692278907126,0.18138747978584158
SG_005931,0,0.16212688416645912,0.15599907747280362
SG_005933,0,0.124659762300572,0.104066745891393
SG_005936,1,0.1280714793660397,0.14877456088297722
SG_005938,1,0.19142595820720298,0.19655071681322736
SG_005940,1,0.134974632437497,0.12293457223461698
SG_005941,0,0.16164695077240934,0.24789310649413324
SG_005942,0,0.25559428027342823,0.2100953822928178
SG_005944,1,0.19690166390351807,0.19883583382360884
SG_005945,0,0.1844893427031056,0.22338178991228386
SG_005946,1,0.18463089963202123,0.20812620723905823
SG_005947,0,0.18778935496455468,0.17984362933823803
SG_005948,0,0.16407310763553273,0.14946210823294057
SG_005949,0,0.172064553916494,0.22524218253965625
SG_005950,0,0.21417364877939704,0.15687807747295662
SG_005952,0,0.18427371389674765,0.2228136365443858
SG_005953,0,0.16259368780289757,0.09514000547663092
SG_005954,0,0.16397142529026268,0.13796597991755835
SG_005956,0,0.12328965733562208,0.08783527445584689
SG_005957,1,0.15619184814568327,0.19926725060736047
SG_005958,0,0.19195507074145263,0.20367796101331642
SG_005960,1,0.15468028813700635,0.18611583781566501
SG_005961,0,0.16106154278518697,0.07411723377248328
SG_005962,1,0.17335441433822943,0.21210000707458762
SG_005963,0,0.15205713057730932,0.14865056842982852
SG_005964,0,0.16259368780289757,0.12980003987071265
SG_005965,0,0.1305775056607188,0.14730702373372997
SG_005968,0,0.1678700817519385,0.17489965035780897
SG_005970,0,0.21528863017197908,0.24709896919192523
SG_005971,0,0.17883982607005483,0.2339517035845902
SG_005972,0,0.143209435304493,0.1571454810137018
SG_005973,0,0.24751375403690656,0.25480896540193565
SG_005974,0,0.10652078621725874,0.11727429534099446
SG_005975,0,0.17179284473648762,0.1893367253788492
SG_005978,0,0.18820805952205244,0.18147610375990822
SG_005981,1,0.18344531200112482,0.16233209651742794
SG_005982,0,0.12542268583867727,0.17653500078565604
SG_005983,0,0.16106154278518697,0.11317502707979087
SG_005984,1,0.14658826853043885,0.15848619169268244
SG_005987,0,0.16485517437437694,0.153582357253243
SG_005988,0,0.12193932191548865,0.14472966440983984
SG_005989,0,0.1983920945210234,0.17251969575888346
SG_005990,0,0.1638789948109099,0.17106487430645745
SG_005992,0,0.18990454246660796,0.15486406059282895
SG_005993,0,0.10704453733861123,0.12850020994265549
SG_005994,0,0.1545815261451844,0.18228595631455924
SG_005995,0,0.18148945017318116,0.1831567086055931
SG_005996,0,0.16607662936519657,0.21080116831587786
SG_005997,0,0.2794122259500204,0.18940151148330864
SG_005998,0,0.22955169463389388,0.245245025881335
SG_006001,0,0.16779884326084635,0.17182130531043224
SG_006002,0,0.07077897526593134,0.11166981031674957
SG_006003,0,0.19986262619567316,0.15470617606710496
SG_006005,0,0.13859354385179384,0.10183450296312539
SG_006006,1,0.2755124786474612,0.19992349869909348
SG_006007,0,0.1525530190026296,0.15348826787408054
SG_006008,0,0.1657576727710312,0.1451546458029377
SG_006010,0,0.2069067379494896,0.21160794163649158
SG_006011,0,0.1588627498194641,0.185788028319485
SG_006014,0,0.1253463337862737,0.14392632753757997
SG_006015,1,0.16380784088006303,0.11441270044671877
SG_006016,0,0.1669010464003217,0.16107359171722518
SG_006017,0,0.1765174868720629,0.17092208527543679
SG_006018,0,0.15378694810471857,0.13899824671295938
SG_006019,0,0.22378114402888852,0.216383087255904
SG_006020,1,0.10264369584691577,0.08464656325340142
SG_006021,0,0.19343416404990718,0.1888735995207902
SG_006024,0,0.2619113392088741,0.35642370794361805
SG_006025,0,0.16442019609617184,0.2095689757704667
SG_006027,0,0.130337789605352,0.09683947285772516
SG_006030,0,0.20012261621413185,0.2130671865296781
SG_006031,1,0.3208554016373772,0.2725028643999551
SG_006032,0,0.1549255174551078,0.15895723051325414
SG_006034,0,0.16411418957240784,0.15881857913664343
SG_006037,0,0.19690652826594449,0.18908546802456744
SG_006040,0,0.18089674817099693,0.24519010569910862
SG_006042,0,0.16106154278518697,0.10936096743979044
SG_006043,0,0.11535423530595755,0.15189787062623253
SG_006044,0,0.16072571314393103,0.1622345521773705
SG_006045,0,0.16106154278518697,0.11815415229749296
SG_006046,0,0.16766931667877108,0.16873828626256862
SG_006048,0,0.16639192896787494,0.14259220145841803
SG_006051,0,0.17843864907756746,0.1642143106813765
SG_006052,0,0.1540943921373419,0.1464135763627793
SG_006053,0,0.1676939515792319,0.15204884076798328
SG_006055,0,0.1314919467970921,0.10686885048634907
SG_006056,0,0.14183098409241754,0.13286148245957174
SG_006057,1,0.13251154148335714,0.1377550486395517
SG_006058,0,0.1478770504925412,0.15697305061017092
SG_006059,0,0.1704126483499949,0.19273853894312767
SG_006060,0,0.1099268298073523,0.10821138760617197
SG_006061,0,0.16106154278518697,0.06976885395378653
SG_006062,0,0.18682238176707003,0.19512199944358963
SG_006064,0,0.16400477786627946,0.10855821825447917
SG_006065,0,0.12697078169250672,0.14208576664708805
SG_006066,0,0.1276602895061973,0.1399868241085638
SG_006068,1,0.11203386977134981,0.11987124112354784
SG_006070,1,0.207316379270804,0.16420924381392552
SG_006071,1,0.14133238071645365,0.18227449728492914
SG_006072,0,0.13848962063262948,0.1770644080825027
SG_006078,0,0.14589598736482648,0.11415075877040905
SG_006080,0,0.17831566935243431,0.20843700759059813
SG_006082,0,0.0762427167395631,0.0918260662607977
SG_006083,0,0.12337183189210203,0.15804566257116542
SG_006084,0,0.10376652483237865,0.12185673855271922
SG_006085,0,0.14195305824273824,0.16447295867344233
SG_006087,0,0.09848565996682583,0.08308385693842871
SG_006088,0,0.253098528661903,0.2009706098104541
SG_006089,0,0.10805855082090353,0.11658575677548513
SG_006090,0,0.13044906077150337,0.09490303165859963
SG_006091,0,0.16125706909495854,0.14963871282768193
SG_006093,0,0.08685324152205068,0.07242650464555929
SG_006094,0,0.2602925891608708,0.23321236572620863
SG_006096,0,0.1680718969958699,0.17877721714647857
SG_006098,0,0.15771838112082615,0.17114996405422878
SG_006100,1,0.1456807165523703,0.17094461243104184
SG_006102,0,0.1533721591916279,0.1352798771758939
SG_006103,0,0.17189627002109306,0.16800452674343708
SG_006104,0,0.1879511423788035,0.19043404854783247
SG_006105,0,0.17237158809137335,0.17613919802932557
SG_006106,0,0.11613891002608119,0.14252427541151824
SG_006107,0,0.13842144073536744,0.15016270057818062
SG_006108,1,0.14224547703548457,0.14772773919066218
SG_006109,0,0.13502908803094382,0.19650893895374677
SG_006110,0,0.2536580852968892,0.25936378811959904
SG_006111,0,0.1254859215113783,0.13253064366554193
SG_006113,0,0.15000295143984257,0.15258941565449508
SG_006114,0,0.16120837793692866,0.14408827619488623
SG_006115,0,0.19011201013791706,0.22271018713358318
SG_006116,0,0.17192719535040127,0.13744846320109327
SG_006117,0,0.18207546276483658,0.19668480913817657
SG_006118,1,0.2505883023935537,0.30554653552120314
SG_006119,1,0.1681419493772613,0.15774534776145294
SG_006120,0,0.1799031271612644,0.2637203942902447
SG_006121,0,0.24010708693843905,0.2523648031236514
SG_006123,0,0.20064001889205635,0.1933601390324704
SG_006124,0,0.14720066026028508,0.1449847457699237
SG_006125,0,0.2802278944849745,0.22614514328295654
SG_006126,0,0.1725756938342896,0.19460571268339227
SG_006128,0,0.20578793959762073,0.21724679971883176
SG_006129,0,0.17394748672651444,0.15462092269130906
SG_006130,0,0.17050393678437695,0.1562028909934492
SG_006132,0,0.1358560423427686,0.13142809317874746
SG_006134,0,0.17903714338980425,0.17561574128156157
SG_006135,0,0.1497393652770417,0.16489764170917826
SG_006138,0,0.21133117236396565,0.2168600054744878
SG_006139,0,0.14283324240466697,0.11973493679551225
SG_006141,0,0.1331608816122263,0.1406918917291156
SG_006142,0,0.168441599901428,0.1685419989748666
SG_006144,1,0.18350890645853166,0.16143374971506136
SG_006145,0,0.18128033297761595,0.18068536440033126
SG_006146,0,0.06988880979263504,0.09977161832227273
SG_006147,0,0.2085470667952367,0.1949362638742819
SG_006149,0,0.12817022542745557,0.11088051140114281
SG_006152,0,0.18963246760284008,0.21241943844985836
SG_006153,0,0.16259368780289757,0.1513036714940488
SG_006155,0,0.3107006051697149,0.2058071742459741
SG_006156,0,0.17173887185688472,0.15267134657068385
SG_006157,0,0.1831916396269935,0.17593786655978208
SG_006158,0,0.21734445900373678,0.18933407678307831
SG_006159,0,0.15736100767063285,0.15521342758590573
SG_006160,0,0.15568962236745434,0.14252612121572994
SG_006162,0,0.1399006070777302,0.16335155120876213
SG_006164,1,0.16722388263254498,0.1488572599014616
SG_006165,0,0.13152040783471625,0.12407773089052232
SG_006166,0,0.16622411553340008,0.17217559833520324
SG_006167,0,0.20596936042172811,0.18684311861012798
SG_006168,0,0.16403087466690172,0.1660481290353201
SG_006171,0,0.1684137752102964,0.1373531221717547
SG_006172,1,0.25103860502575603,0.20044649173364779
SG_006173,1,0.16432681909992378,0.21007860847931256
SG_006174,0,0.13889460750533833,0.144214264939942
SG_006175,0,0.16690972391125,0.1946037716092907
SG_006176,0,0.148319668682424,0.16685541226320955
SG_006177,0,0.13145285316834981,0.11561576560732835
SG_006178,0,0.18463557214653453,0.18121849536655185
SG_006180,0,0.18480978385118535,0.17053348959806658
SG_006182,0,0.16972561983247156,0.16050121380608245
SG_006183,0,0.14610360129406674,0.15388914135227277
SG_006185,0,0.2135806141853645,0.24480533217887987
SG_006186,0,0.16452215086497757,0.1332648358460507
SG_006188,0,0.14421639362806285,0.1677179039253571
SG_006190,0,0.18240153526200814,0.19343429932669942
SG_006191,0,0.19630460858767443,0.20794348502344132
SG_006192,0,0.14545317668586366,0.189543609879033
SG_006193,1,0.1328150219984199,0.13343608294535486
SG_006194,0,0.16593796225367738,0.14498956844355695
SG_006195,0,0.17025367240474926,0.15843255369336448
SG_006196,0,0.1377084038996227,0.15833746843217208
SG_006198,1,0.21119241694885682,0.2104320403877913
SG_006199,0,0.1683036606620517,0.11337410193204403
SG_006200,0,0.16259368780289757,0.12571297899251016
SG_006201,0,0.10895107050393,0.14073385739584204
SG_006203,0,0.20657922067737677,0.2230489967963858
SG_006204,0,0.3124349138920993,0.28904826099694014
SG_006205,1,0.16709418767502374,0.18443450515467236
SG_006207,0,0.14657227117128535,0.14428424837633963
SG_006208,0,0.19412374712892794,0.2001058235316524
SG_006209,0,0.31422842845634635,0.24742693383481698
SG_006210,1,0.10608470739556267,0.16552725607757654
SG_006211,0,0.15291883130491637,0.1523039006403321
SG_006214,0,0.2082516572347002,0.18962386882016324
SG_006215,0,0.2048319078619588,0.1454582102783828
SG_006216,1,0.18063969536232813,0.20053757594691554
SG_006217,0,0.11817401881085868,0.13410851092010795
SG_006219,0,0.14602389870709312,0.11494681461920712
SG_006220,0,0.15272964893701094,0.17144384393801676
SG_006221,1,0.41848660023784784,0.31257664645212524
SG_006223,1,0.14462340503882645,0.15719523302746907
SG_006227,0,0.1633335423223557,0.11652399484328492
SG_006228,0,0.1224515152494171,0.11556055307331338
SG_006230,1,0.10268158055086743,0.10264518469507464
SG_006231,0,0.16106154278518697,0.1080540813304531
SG_006232,0,0.18672577245339672,0.1852723810366018
SG_006233,0,0.2540174288635029,0.20150898325230107
SG_006234,0,0.13908761153680335,0.1398108602950991
SG_006235,0,0.12389404352984949,0.11652403185081094
SG_006236,0,0.219405389179808,0.18606214512029723
SG_006239,0,0.17222310895567386,0.1452601366265012
SG_006243,0,0.16259368780289757,0.11863962503487878
SG_006246,1,0.17278523667240156,0.15697565225808607
SG_006248,0,0.18002297571158424,0.14191706396905457
SG_006249,0,0.16390843219390655,0.11626265190947029
SG_006253,0,0.15598024819990133,0.13872520848493106
SG_006255,0,0.11265897907363225,0.12119948369268392
SG_006257,0,0.2698999482366617,0.2145820448151294
SG_006258,0,0.14153202274219126,0.13439219846015646
SG_006259,0,0.17723421577656792,0.14166727226526563
SG_006261,0,0.1475504775158525,0.19680050840197663
SG_006265,0,0.127340491314543,0.15339984017768252
SG_006267,0,0.1308408756599667,0.15827203142598473
SG_006268,0,0.16129666586367994,0.18388133712086177
SG_006270,1,0.1841011397830011,0.19108766950479833
SG_006271,1,0.1775858203074465,0.20784616944334408
SG_006272,1,0.1783591146817177,0.15949059736891974
SG_006273,0,0.24336638572354488,0.2446038645594659
SG_006274,0,0.13257304640874834,0.13312009938811506
SG_006276,0,0.16980632029128576,0.19646233321946122
SG_006278,0,0.16431514157527663,0.15158292955784874
SG_006279,0,0.2440720847155909,0.2854517720897713
SG_006280,0,0.14360765396669958,0.11554098075731468
SG_006281,1,0.17048999316930782,0.21463700110334158
SG_006282,0,0.1691961630514822,0.1790637703785993
SG_006285,0,0.16259368780289757,0.10572480383140806
SG_006286,0,0.1647917706213582,0.11983990559702891
SG_006289,0,0.16839568740304448,0.1454505286713497
SG_006290,0,0.14605468574368635,0.12665649723665628
SG_006291,0,0.13740944497340427,0.12712220491232354
SG_006292,0,0.16259368780289757,0.12479966463143075
SG_006293,0,0.15424023941253906,0.17463036717940858
SG_006294,1,0.18136498005238438,0.21129815357856271
SG_006295,0,0.15414417958314586,0.20738465849021764
SG_006296,1,0.3121401692400067,0.22521174767699462
SG_006297,0,0.15008265064604265,0.17108966904940723
SG_006298,0,0.07626440912231988,0.07616886216912033
SG_006299,1,0.19093237263063914,0.1796656430144199
SG_006302,0,0.17410791661935565,0.15684232184696126
SG_006303,0,0.1643327301803195,0.13511899816319853
SG_006305,0,0.1808582517878639,0.3018571210654086
SG_006307,0,0.2223749994987605,0.2343792614516803
SG_006308,0,0.17991129630228003,0.17257968819956618
SG_006309,0,0.16176036850061912,0.15600008460096113
SG_006310,0,0.1806405274222135,0.1831882703461014
SG_006311,1,0.19829385146875106,0.22306935538492514
SG_006312,1,0.16787723625946524,0.1393780000544124
SG_006314,0,0.1663334353299742,0.14728891160754123
SG_006316,0,0.14103122669035245,0.14173771718334868
SG_006318,0,0.17903578011581714,0.21876439397822728
SG_006319,0,0.10733062601428889,0.11947776094409132
SG_006321,0,0.18596799571280562,0.1907358984441904
SG_006323,0,0.10139244412151625,0.10927891443733727
SG_006324,0,0.24552679230341834,0.2187096594036093
SG_006325,1,0.17026610684855814,0.21744250888934416
SG_006327,1,0.10784300848249305,0.09970940594084937
SG_006329,0,0.17772898240991522,0.14362654804137034
SG_006330,0,0.16870699198609368,0.1803179491514587
SG_006332,0,0.1043163344925728,0.1158070388897012
SG_006333,0,0.1776714586190033,0.19370922130657925
SG_006334,0,0.15797422851040469,0.16579143208588684
SG_006335,0,0.18576473688650988,0.14548624943054034
SG_006336,0,0.167786252764479,0.18459722591125852
SG_006338,0,0.11109776548153164,0.15179674948627367
SG_006339,0,0.24167680012737872,0.2596967450930652
SG_006341,0,0.1636284402913925,0.1529738619927528
SG_006342,0,0.16106154278518697,0.12999892796365745
SG_006343,0,0.3546829975678366,0.22324788244291863
SG_006344,0,0.08700919271929008,0.07540418039664051
SG_006346,1,0.24361263814791353,0.23400745703053066
SG_006347,0,0.1738987552023947,0.1564257840579201
SG_006350,0,0.1512334729685275,0.1306656794885613
SG_006351,0,0.1541186269920667,0.13328611710692279
SG_006352,0,0.1883449541279562,0.22633856079718556
SG_006353,0,0.15195670499668731,0.18436198889034894
SG_006354,0,0.18306652071955554,0.24149232749192884
SG_006355,0,0.13925186503131629,0.1427693369043798
SG_006359,0,0.16106154278518697,0.09116076245180812
SG_006361,1,0.16106154278518697,0.1378108201509628
SG_006362,0,0.13718861377784292,0.13173662276465745
SG_006363,0,0.11712253804657798,0.13708329748952874
SG_006364,0,0.23153974735741142,0.2006616164368325
SG_006365,0,0.2821483229943154,0.28270956331490377
SG_006366,0,0.17020518933602094,0.1478891249573383
SG_006367,0,0.13686837973657115,0.12753580380695057
SG_006368,1,0.30405411913913966,0.26994835323454136
SG_006369,0,0.1300694065214786,0.10045230119482154
SG_006370,0,0.11970094390760451,0.07327083063406044
SG_006372,0,0.16259368780289757,0.09093418387702076
SG_006374,0,0.25198276339646297,0.20838122108347307
SG_006375,1,0.1386107163733899,0.16283753080583502
SG_006376,0,0.165557519919728,0.19592418143212711
SG_006377,0,0.21067584600087522,0.1802230352815713
SG_006378,0,0.12228132176411763,0.146880388439961
SG_006379,0,0.18138055390296845,0.1495569325414424
SG_006381,1,0.168476103699977,0.13251658340048142
SG_006383,0,0.1618674511983172,0.18976426954945863
SG_006384,0,0.17520156778843574,0.20066466998069085
SG_006385,1,0.17281514280896487,0.18092937555388658
SG_006386,0,0.13926031907751515,0.16363487050580694
SG_006387,1,0.19183243658879234,0.21206922332644415
SG_006389,0,0.13717315729302415,0.1374769928523856
SG_006390,0,0.16193726447820436,0.15983660371501596
SG_006391,0,0.2070509731192549,0.18061971966034476
SG_006392,0,0.16909384435527416,0.14779408818727535
SG_006395,0,0.16594537376642368,0.15695495739448315
SG_006397,0,0.16106154278518697,0.06830233853357257
SG_006399,0,0.16435273123387917,0.12512490030128953
SG_006401,0,0.12106706396954453,0.10028237313899076
SG_006402,1,0.2612953821749506,0.24677581715965027
SG_006405,0,0.14864030270376202,0.1582408882054684
SG_006406,0,0.18775638222326407,0.16200118933470478
SG_006407,0,0.19193372652283583,0.23634425486850422
SG_006408,0,0.17060013786161643,0.13705719439420425
SG_006409,0,0.3244984739440226,0.299960954355022
SG_006410,1,0.1252713903684185,0.17612667918316163
SG_006412,1,0.1241565441542149,0.11150786881752622
SG_006413,0,0.1725502048947895,0.16456140336388722
SG_006414,0,0.10382170869840879,0.15201281000087954
SG_006415,0,0.1799156515052705,0.17356220686959656
SG_006416,1,0.09919286194805904,0.12885919337839935
SG_006419,0,0.22779506003789102,0.24417686733664837
SG_006422,0,0.14952379331504054,0.1369031373201283
SG_006425,0,0.1691185688978281,0.19526737298574084
SG_006426,1,0.20536108299172223,0.15651529479686144
SG_006427,0,0.15164886657630416,0.15434861830622373
SG_006428,0,0.12193818205261261,0.14085915496075813
SG_006430,0,0.08660707798201621,0.10534973569030957
SG_006431,0,0.18771885622199966,0.17473805014166735
SG_006432,0,0.16595236607780295,0.12610421072957956
SG_006433,0,0.16964252897621027,0.18079770589015284
SG_006434,0,0.13034938921789546,0.12415796312410982
SG_006436,0,0.16126247800204585,0.20513447406418697
SG_006437,0,0.2540036635958837,0.2712420629847386
SG_006440,0,0.17147076806441264,0.15120795288271072
SG_006442,0,0.1569482996064184,0.11036037454296743
SG_006443,0,0.14578226802872857,0.14519614132223474
SG_006444,1,0.1729537170847913,0.2061406589201642
SG_006447,0,0.19762902788750147,0.19873523572486146
SG_006449,0,0.16106154278518697,0.09164717063113183
SG_006450,0,0.1821276282710052,0.24846401670344642
SG_006453,0,0.10423862137633964,0.08678382660095087
SG_006454,0,0.16462601085614334,0.11820931468240971
SG_006456,0,0.13025127695869151,0.16042275527440963
SG_006457,0,0.16680937224665715,0.15280705213530418
SG_006458,0,0.11759797712695445,0.12450335601548078
SG_006459,0,0.09278399129152885,0.11573161018496514
SG_006460,0,0.13444626361201217,0.0936033062591965
SG_006461,0,0.16812958068024855,0.19267301748479143
SG_006462,0,0.1669184257197548,0.1218037099394926
SG_006464,0,0.17242226973762248,0.16484849010896857
SG_006465,1,0.23581921827942787,0.1996944400181925
SG_006466,0,0.18251071163615942,0.2070460465235993
SG_006468,0,0.21603395757436292,0.16909329352201377
SG_006471,0,0.17552185222501068,0.17621287626770496
SG_006472,0,0.12597663280398488,0.13138211495661156
SG_006473,0,0.13065895853568882,0.14201174323116453
SG_006474,0,0.142781082172523,0.11796119670464311
SG_006475,0,0.1290838097133019,0.15208313827400421
SG_006476,0,0.1683484594559624,0.18519457800445677
SG_006478,0,0.1572024084886199,0.155841562221943
SG_006479,0,0.19933790086070252,0.3357277270325934
SG_006481,0,0.12567994522322354,0.13656491376750768
SG_006482,0,0.16883420417326275,0.20310816852871882
SG_006483,1,0.10250964209752672,0.11821007649260376
SG_006484,0,0.16259368780289757,0.12042544897459419
SG_006485,0,0.1431112050211109,0.12046907010066545
SG_006489,0,0.13576543536621744,0.11382123299204439
SG_006492,0,0.2108144748943709,0.13858346647750638
SG_006495,0,0.1760026373677995,0.18224079314102956
SG_006499,0,0.22032966874750182,0.1891038874754984
SG_006501,0,0.16635937517492766,0.15348562662399173
SG_006504,1,0.1459576511055033,0.13592743850319722
SG_006508,0,0.18854000210431832,0.18310663758467668
SG_006509,0,0.14731605475682177,0.20651140393832562
SG_006510,0,0.17366435329219818,0.14786355929902273
SG_006511,0,0.0885826312769668,0.09929657896391983
SG_006513,0,0.18708090660867352,0.23224944766101513
SG_006514,0,0.1651996997045047,0.1696079499430083
SG_006515,1,0.17241899209053846,0.19251377291695737
SG_006517,1,0.18058619853229596,0.20340652594098366
SG_006518,0,0.15876489887448902,0.2075687984869891
SG_006519,0,0.1760286505782445,0.1672540642419477
SG_006521,1,0.14908347400127953,0.15738836424029023
SG_006523,0,0.21338592364166925,0.20183439578153747
SG_006524,0,0.22530106806018327,0.22520512450947042
SG_006525,0,0.1161657455558158,0.13995463446762693
SG_006526,0,0.1326956146005847,0.14187122876391559
SG_006527,0,0.1237291196900394,0.14293986735339478
SG_006529,0,0.2491785284840964,0.24962528879439216
SG_006530,0,0.15979113638767597,0.1600505346016918
SG_006531,0,0.09268633784350278,0.07753704762443615
SG_006532,0,0.1686865731166196,0.16622083361176407
SG_006533,0,0.13217691417929414,0.12461813886391888
SG_006538,1,0.12960090710726763,0.16804296550202438
SG_006540,0,0.3316332293324785,0.2802470898198122
SG_006542,0,0.14949315005773137,0.1320430830366854
SG_006544,0,0.21693919459104655,0.2015130327314772
SG_006546,0,0.16892698321885852,0.21669010246861192
SG_006547,0,0.11547621699989588,0.10867099900080168
SG_006549,0,0.15892679548982164,0.16586576232917052
SG_006552,0,0.15578553548160146,0.1571924562353119
SG_006553,0,0.13524023489316372,0.15032481829214583
SG_006554,1,0.18567544626785343,0.16880361699568613
SG_006555,0,0.08496366382102025,0.10904135196402953
SG_006556,0,0.1786547743894586,0.1684162205965586
SG_006558,0,0.16276318905655815,0.09245069437744413
SG_006559,0,0.13067560994901162,0.1502649435579163
SG_006561,0,0.1762313556043157,0.18319496615243186
SG_006562,0,0.13746130857732064,0.1301787430245895
SG_006563,0,0.12016375799401581,0.11046853894805908
SG_006565,0,0.1891693498855599,0.25143653805490396
SG_006568,0,0.09721088288335378,0.1321220326194494
SG_006569,0,0.17508747450633932,0.1867337544594988
SG_006570,0,0.18301804723140463,0.1791498034179981
SG_006571,0,0.15021962351697088,0.16053337602204856
SG_006572,0,0.1011002889543393,0.07798821990446102
SG_006573,0,0.163679740606079,0.19225065604129948
SG_006574,0,0.16109963037427438,0.16680298127105278
SG_006575,0,0.09739898478855732,0.13592910584477189
SG_006576,1,0.16872235964223564,0.14774143042968163
SG_006578,0,0.08866656779401313,0.11491994433649884
SG_006580,0,0.11499833773337867,0.12622278323820002
SG_006582,1,0.188690577869803,0.21432680477215107
SG_006583,0,0.17808186438840257,0.22046494834402053
SG_006584,0,0.2505366627145111,0.23316283678660327
SG_006585,0,0.24804574191983067,0.2753607123277094
SG_006586,0,0.25961871805946735,0.2634301257329279
SG_006587,0,0.16573805092277705,0.15831115446989708
SG_006589,1,0.20267768290841653,0.2216592736932116
SG_006590,0,0.1361632634651093,0.14038815060240412
SG_006591,0,0.20779921592147646,0.2274238661944721
SG_006593,0,0.1725954667987262,0.17037508162606416
SG_006594,1,0.1784714308281755,0.17512283968226977
SG_006595,0,0.24764706299732087,0.19655100335117295
SG_006596,1,0.16259368780289757,0.10863189476683843
SG_006598,0,0.16106154278518697,0.09985066322146037
SG_006599,0,0.16480231602548104,0.16925109412933773
SG_006600,0,0.1687711508520404,0.16504974788387683
SG_006602,0,0.12320904645579452,0.12313804147102729
SG_006603,0,0.15726884576367492,0.17732841689155657
SG_006604,0,0.1558535684060372,0.18084118487122425
SG_006605,0,0.14378425956857055,0.1467387374776286
SG_006606,0,0.16914151069051075,0.13624104772708975
SG_006609,0,0.152914648588222,0.19243207703052614
SG_006611,0,0.2755429845359635,0.20853684617676257
SG_006612,0,0.1579078884718216,0.152683360115417
SG_006613,0,0.16633717359646402,0.11936653482052885
SG_006614,0,0.17090909845616914,0.2369857408970856
SG_006617,1,0.1671032309476569,0.20896615538639757
SG_006618,0,0.17184154447298425,0.2202012393537343
SG_006619,0,0.11006757438703663,0.13913680676253143
SG_006621,0,0.17333190401101062,0.1767840887307255
SG_006625,0,0.19851984379425472,0.2106842161991319
SG_006628,0,0.16439317582878912,0.08492984196078907
SG_006629,0,0.1459769440401419,0.1840298170900056
SG_006630,0,0.17392341266612796,0.16449905868662748
SG_006631,0,0.160676883491088,0.19013871194599097
SG_006632,0,0.11561797419988469,0.12633677849982317
SG_006634,0,0.1720111266066974,0.1682292355095492
SG_006635,1,0.16595179566062443,0.14628297177143432
SG_006636,0,0.12944008302541973,0.1343223574101443
SG_006640,0,0.16949227254629665,0.14531500436728692
SG_006641,0,0.1773714138828236,0.28489322898725367
SG_006642,0,0.2083580867014819,0.18223995260195272
SG_006643,0,0.16443277460940883,0.19233319996876314
SG_006646,0,0.21922370205402114,0.17669352764761398
SG_006647,1,0.2696367642588377,0.2777368931920876
SG_006648,0,0.14759996604568007,0.12452796757642438
SG_006649,0,0.11370200177995197,0.1872731846365898
SG_006650,0,0.15257814523845975,0.1638309372369223
SG_006652,0,0.16826372016839614,0.1408652513487697
SG_006653,0,0.08025619074391521,0.12360365832563043
SG_006654,0,0.13937312949883954,0.09922274084500704
SG_006655,0,0.24880588752412297,0.19984944237413943
SG_006656,0,0.16216049920557202,0.16205067604016035
SG_006657,0,0.15718952608330503,0.16069574295069292
SG_006658,1,0.17278748775380495,0.2435611605147277
SG_006660,0,0.1672669924398001,0.18519575027814436
SG_006661,0,0.11521594158927458,0.06800958122236961
SG_006662,0,0.12892628256957284,0.13894252150612124
SG_006663,0,0.16772715491675858,0.1446776970843206
SG_006665,0,0.15767689643176958,0.14631723002363958
SG_006666,1,0.1493892738590777,0.17316721622909007
SG_006667,1,0.1555276385584368,0.126825611804643
SG_006669,0,0.16184111631862574,0.1596991356834547
SG_006670,0,0.15985596006326508,0.10889913861052608
SG_006671,1,0.1570341647769589,0.1670078153262628
SG_006672,1,0.22491630562559908,0.25517712066100623
SG_006674,0,0.2168305085508219,0.2012075041584868
SG_006675,0,0.1482725590499795,0.14859143982475112
SG_006676,0,0.13092866062940037,0.14636934071264465
SG_006677,0,0.14808152541585656,0.13230826132407983
SG_006678,0,0.17216991938883633,0.23127308171300776
SG_006679,0,0.16106154278518697,0.0948687818283886
SG_006680,0,0.12042088111738143,0.08023775660385302
SG_006681,1,0.1966468391431079,0.18961315376411259
SG_006682,0,0.16476628204425464,0.1259393953369241
SG_006683,0,0.15006961163308366,0.15361051978817317
SG_006684,1,0.16971992799504151,0.1936814993904855
SG_006685,0,0.16928111086139275,0.12102832011989757
SG_006686,0,0.10548517804689134,0.11369531665796917
SG_006689,0,0.16259368780289757,0.06353186264113324
SG_006691,0,0.14592307628055515,0.16360138082815862
SG_006692,0,0.1090824913024445,0.0994375151604808
SG_006694,0,0.30811816945874326,0.21681410256514932
SG_006695,0,0.17085329789535086,0.17739443777290742
SG_006696,0,0.1774321121843913,0.16938565449748075
SG_006697,0,0.17182361288003029,0.1501245785987529
SG_006699,0,0.21823836272169597,0.18251875382896532
SG_006701,0,0.14304135415811656,0.1276548974088951
SG_006702,0,0.1660899442109412,0.17885109007533007
SG_006703,0,0.17724249608441459,0.15558721522739796
SG_006704,0,0.28083943391850696,0.24777264790083173
SG_006705,0,0.10687655361661695,0.1162053984393813
SG_006707,0,0.15113031528961285,0.18175575508135122
SG_006708,0,0.15620692437103167,0.12215761390164351
SG_006709,0,0.21523639312240417,0.25574531778989473
SG_006711,1,0.1682201294827438,0.19621182411151014
SG_006712,0,0.14580646994032212,0.16718567085776
SG_006714,0,0.16465175246520977,0.06855529935094905
SG_006715,0,0.14533438052835776,0.13023161956980572
SG_006717,0,0.16746593908684065,0.13377039551002365
SG_006718,1,0.12548590513115185,0.15041267740995487
SG_006719,0,0.1382224491046324,0.14047488829679686
SG_006720,1,0.13916229435670252,0.15562306063854006
SG_006721,0,0.17801523525185675,0.18562389855965308
SG_006722,0,0.1783040705467378,0.15781875539606352
SG_006723,0,0.1246729905547745,0.14775682515599708
SG_006724,0,0.18673321724156527,0.18749408898782263
SG_006725,1,0.21171466423909316,0.1880106256772695
SG_006726,0,0.16799734105527625,0.14952824124895508
SG_006727,0,0.17830166348392945,0.21097833610160613
SG_006729,1,0.21225799081226368,0.2215414653010677
SG_006730,0,0.17418091639912406,0.23026417416461173
SG_006731,0,0.18985673630402525,0.20243546275932842
SG_006732,0,0.18148259912750556,0.23295324150523236
SG_006733,0,0.16106154278518697,0.145366513592732
SG_006735,0,0.19875035756988868,0.2247716454960167
SG_006737,0,0.16407454021145695,0.16194332005325562
SG_006738,0,0.13875574269245486,0.12807309375165296
SG_006739,1,0.19638625948437208,0.23720002232461745
SG_006740,0,0.13541153639422396,0.08767701428843999
SG_006741,1,0.18472276355801623,0.22078581964973798
SG_006742,0,0.1975255816959504,0.19525900158030182
SG_006743,0,0.14326446225215517,0.1273725952045407
SG_006746,0,0.16639045260900012,0.16590357113347162
SG_006747,1,0.14960961100635237,0.13730351706421076
SG_006748,0,0.18210553911080576,0.16588302015115852
SG_006750,0,0.16571802728361046,0.14949748611642727
SG_006751,0,0.179601926894071,0.2637703854214205
SG_006752,0,0.1691351592329287,0.1948193606492504
SG_006753,0,0.16259368780289757,0.08592640846139615
SG_006754,0,0.1720550162248224,0.18805596637704142
SG_006755,0,0.16681537720071535,0.156961867777565
SG_006756,0,0.2979762231631526,0.2893211082569426
SG_006757,0,0.11426130673857877,0.14760152205202048
SG_006759,0,0.16852740131732857,0.19061034607186497
SG_006761,1,0.16808759091337191,0.1537315850742418
SG_006762,0,0.1290548996559,0.1669110474022393
SG_006763,0,0.1821528472882725,0.1992336521891755
SG_006764,0,0.12363251445460807,0.14165925932769638
SG_006767,0,0.16644097521720796,0.13651882202699625
SG_006768,1,0.15682264355830874,0.1239668820671723
SG_006770,1,0.1639557909218354,0.19015184838341223
SG_006771,0,0.14458378226269483,0.19305738209402473
SG_006772,0,0.17168907954407112,0.1874434521841853
SG_006773,1,0.1512585419761115,0.15019304424816032
SG_006774,0,0.16301678962654254,0.10545408231634278
SG_006775,1,0.21853946149087322,0.19116531803102485
SG_006776,0,0.14248511272150935,0.17967435288079445
SG_006777,0,0.16096566475662066,0.18479989834427074
SG_006779,0,0.10702099150499246,0.1096150126706743
SG_006782,1,0.25672401654963606,0.2169513543777256
SG_006783,1,0.1884089534649863,0.19184688387531795
SG_006784,0,0.17338068675516835,0.1977354999219134
SG_006785,0,0.1670772866428026,0.13939110283961498
SG_006787,0,0.06825180595572644,0.06277719111439069
SG_006788,0,0.30032646126936147,0.2447363123601759
SG_006790,1,0.19800011218306993,0.15525393314612548
SG_006791,0,0.10978888535951067,0.12114220073276169
SG_006794,0,0.12394378833976905,0.1153083197357582
SG_006795,1,0.12522975015813426,0.14452590309529675
SG_006796,1,0.3221307699990022,0.3061402894617021
SG_006797,0,0.19055575544383263,0.189708332973361
SG_006798,0,0.18711539047322304,0.20489636742647732
SG_006799,0,0.09662247737536098,0.12699409246401602
SG_006801,0,0.12263900820776331,0.10694398350483827
SG_006803,0,0.08625261598894902,0.07375769113172241
SG_006804,1,0.18576885955137645,0.1871827052932066
SG_006805,0,0.16888087085777637,0.17246044130814867
SG_006806,0,0.13487189401724298,0.10089310148404382
SG_006807,0,0.15365128604109185,0.14003965146178726
SG_006809,0,0.13943278661536784,0.1368563640664638
SG_006810,0,0.14331345238957097,0.10343668869365984
SG_006811,0,0.15416225429835093,0.21141629037096724
SG_006812,0,0.1518577085104593,0.16653170222974223
SG_006813,0,0.17502271996525176,0.16577809633224114
SG_006814,0,0.19467189379518388,0.18726378165612811
SG_006815,0,0.16987399989195093,0.1967740238874818
SG_006816,0,0.24820623940186887,0.17992932435968728
SG_006817,0,0.12491440665103959,0.12701467876294423
SG_006818,0,0.10960282076002678,0.11580052594916458
SG_006819,0,0.16808975902886497,0.1761919986382138
SG_006821,0,0.2196299083507639,0.2310620704062232
SG_006822,0,0.18488665522822423,0.2592712563746686
SG_006823,0,0.13642612184355407,0.17089890362607343
SG_006824,0,0.1367338579175137,0.18123839346074538
SG_006825,0,0.16775364629762776,0.16390562645752896
SG_006826,0,0.11155289116150603,0.12705644809999264
SG_006827,0,0.16450213325245522,0.1293024707002354
SG_006828,0,0.1365509815074691,0.19611562108071381
SG_006829,1,0.16106154278518697,0.10743021962011029
SG_006830,0,0.16488410957888117,0.20643611570199202
SG_006831,0,0.2865160516300115,0.25129191811583373
SG_006832,0,0.3011069389756495,0.245746402559799
SG_006834,1,0.14501850860527865,0.1524094998372867
SG_006836,0,0.13180155609561295,0.09969334833265875
SG_006838,0,0.3583422220108487,0.3702908179526783
SG_006839,0,0.1790319413299323,0.19610118197998433
SG_006840,0,0.16506559853936542,0.15899486204690932
SG_006842,0,0.11088169394808835,0.09264486086913425
SG_006843,0,0.17104648610119322,0.16921201161968724
SG_006844,0,0.16842570012352767,0.14709949880265683
SG_006845,0,0.18737212606705997,0.14875659412674916
SG_006846,0,0.1868161902212184,0.16649404136845725
SG_006849,0,0.1300839313780139,0.13635502638225844
SG_006850,0,0.16973047018244114,0.2003375121051873
SG_006853,0,0.21575959054752877,0.24660035722605378
SG_006854,0,0.17004775538110034,0.15857273219769985
SG_006855,0,0.17728234618811886,0.1806087856297079
SG_006856,1,0.2937148062135822,0.24210358277212618
SG_006857,0,0.11969418491655184,0.13319700890599936
SG_006858,1,0.11243194743519488,0.12085612784430633
SG_006859,0,0.13841137710558005,0.12474477984742413
SG_006862,0,0.16462601085614334,0.1266828801013816
SG_006864,0,0.1710650868297967,0.13093154363549903
SG_006865,0,0.18037733055268296,0.14900413308945426
SG_006867,0,0.23266045828886955,0.1499244566391156
SG_006869,0,0.18607032294067347,0.23375963961606228
SG_006870,0,0.20268423331685304,0.20642295699115312
SG_006871,0,0.1193161218812274,0.16355874781005747
SG_006872,0,0.14036200213357042,0.13932112872092467
SG_006873,1,0.16834520561389713,0.16684185714902142
SG_006875,0,0.15844185028351115,0.1764391398678038
SG_006876,0,0.2495789116808711,0.21573396580443102
SG_006878,0,0.1570553921372549,0.1571265478302021
SG_006882,0,0.15676362932593513,0.18174621431534518
SG_006883,0,0.23460892962017377,0.1681217808562661
SG_006884,1,0.19652345794800474,0.21731129612546934
SG_006885,0,0.21026052190790537,0.2306909323592207
SG_006886,0,0.14660337592255165,0.1514202792115824
SG_006887,0,0.18768204244864511,0.315643636322049
SG_006888,1,0.18074935115621193,0.19073224907364567
SG_006891,0,0.1783660122079601,0.20373997066013225
SG_006892,0,0.24185305470520202,0.30661031382138004
SG_006893,0,0.14916327030887624,0.17123806261741215
SG_006894,0,0.17367446213785817,0.19030981125461857
SG_006895,0,0.15173506097637574,0.12882710193348976
SG_006896,0,0.1444712093855455,0.1280748254446065
SG_006898,1,0.3708352844351988,0.31850143438388023
SG_006899,0,0.16188752543920834,0.17488205316340347
SG_006900,1,0.2505297655210791,0.26162404644566123
SG_006902,0,0.16359304115873846,0.12299103574488905
SG_006903,0,0.16448201019395886,0.119119679057376
SG_006904,0,0.21076221420704205,0.1608349528906263
SG_006905,1,0.17681380740122588,0.1919897700778811
SG_006906,0,0.13548192866269795,0.13902015224620748
SG_006907,0,0.18024549183098404,0.1764740972255532
SG_006909,1,0.22021222441175098,0.21341338095649065
SG_006911,0,0.1700451496493298,0.15019269618600412
SG_006912,0,0.1506078409604851,0.15195261389382994
SG_006913,1,0.133183910700126,0.10001022088524741
SG_006915,0,0.17738679397895193,0.1779393324937795
SG_006916,0,0.18943980433679306,0.2450283980451327
SG_006917,1,0.11466932789691481,0.11500844433576915
SG_006919,0,0.13739025122518891,0.15734733499481898
SG_006920,0,0.1327984894403584,0.12346984962581042
SG_006921,1,0.24448356368281618,0.239109177274635
SG_006922,1,0.17484736256939395,0.18696655577318708
SG_006923,1,0.132462627250825,0.1306803430255101
SG_006926,0,0.1693042303637167,0.14974660869187434
SG_006928,1,0.22374952077112278,0.22990085981509192
SG_006930,0,0.1332008953755779,0.14048242670936986
SG_006931,0,0.12865187152385904,0.1349612960485481
SG_006932,0,0.1464980073187718,0.09615013744493467
SG_006933,0,0.10976421259528495,0.09053450650693
SG_006934,0,0.11150633393307763,0.09606420226019635
SG_006935,1,0.2002866847067516,0.14209484970172048
SG_006936,0,0.16838326647740404,0.1372188660051597
SG_006939,0,0.15851933098336948,0.18998576669818718
SG_006941,1,0.2059058619503627,0.1784077922075369
SG_006943,0,0.1708768945466118,0.1875749830684883
SG_006944,0,0.11676066773960433,0.1331081299934561
SG_006946,0,0.19360960675475802,0.1844080257517568
SG_006947,0,0.390781307544638,0.3460588903866286
SG_006948,0,0.11937018873214277,0.1241677451532183
SG_006952,0,0.14576318465687096,0.1282037919888606
SG_006955,0,0.10819292604021578,0.10306015219396936
SG_006958,0,0.16856097731469855,0.16823201244207786
SG_006959,0,0.16748835204673648,0.23011886715033525
SG_006960,0,0.17416824862505634,0.184287264837562
SG_006961,0,0.10556056434195726,0.10993892615480233
SG_006965,0,0.1825051839424267,0.1951090800779617
SG_006967,0,0.2005921074606124,0.2119260120797131
SG_006968,0,0.2142127693993765,0.23044036010333274
SG_006969,1,0.1680340688890388,0.1350808368266124
SG_006973,0,0.1324131581008642,0.12654801397799784
SG_006975,0,0.09660328674502137,0.09918806780964683
SG_006976,0,0.14926815816732922,0.13025089160354697
SG_006979,0,0.1162637034368014,0.10369555332559598
SG_006980,0,0.16707902991399956,0.1542978122190357
SG_006985,0,0.19404663298263478,0.24279663523371608
SG_006986,0,0.1334457829687235,0.120219646509561
SG_006988,0,0.34989250671937056,0.2433066760252928
SG_006989,0,0.1322828146741612,0.20493878237420873
SG_006990,1,0.1214490050847643,0.09867955778790696
SG_006991,0,0.28088649374106717,0.21741632718177092
SG_006992,0,0.16959144222311773,0.1691756775848802
SG_006993,0,0.2555999829076371,0.1978185255976113
SG_006995,1,0.14474433768090758,0.1507866000625572
SG_006996,0,0.10240406265134772,0.11347654651685427
SG_006998,0,0.16435273123387917,0.11269471271043138
SG_006999,0,0.17417159089975762,0.20838416024918557
SG_007000,0,0.16894898096178299,0.14575175121087725
SG_007001,1,0.27970977518086054,0.21669479098773234
SG_007003,1,0.13507918637917563,0.10577130685794378
SG_007004,0,0.1858782297644837,0.20326808134887098
SG_007006,0,0.0953325051200237,0.08137896202185084
SG_007007,1,0.16259368780289757,0.12203052979973604
SG_007008,0,0.1979632645441881,0.15828147088992145
SG_007010,0,0.10916773330603262,0.1412823813096199
SG_007012,0,0.13017395083126992,0.1495458021219235
SG_007013,0,0.1681266499811577,0.16674830676719898
SG_007014,0,0.15550597624338128,0.15833852378624394
SG_007015,0,0.16359114721426488,0.22098213031557884
SG_007016,0,0.13339037417211028,0.11497849589885899
SG_007020,0,0.1979504877399545,0.2165052548071154
SG_007021,0,0.16689186270124517,0.16470044681596785
SG_007022,0,0.18579036807612564,0.1584147953521413
SG_007023,0,0.2173971635270575,0.18519607064923854
SG_007024,1,0.17529915724375886,0.2023711335987819
SG_007025,0,0.1567960051535439,0.18973050525565358
SG_007026,0,0.17475762403669257,0.22084646105992015
SG_007027,0,0.1175077176640017,0.10852156281907889
SG_007028,0,0.19504952629823658,0.1805759011570959
SG_007031,0,0.16090490079781142,0.16479443123380025
SG_007032,0,0.1494117867986389,0.15558012135783156
SG_007034,0,0.18127631432616134,0.2529927457215354
SG_007035,0,0.1687857542782202,0.14727955179323587
SG_007036,0,0.12726461038814393,0.15860274891822615
SG_007037,0,0.16259522824017222,0.11882167888859049
SG_007038,0,0.21726545050334203,0.19630185444009446
SG_007039,0,0.15623887274072276,0.15843245057734956
SG_007041,0,0.16687163835303576,0.19372761924158757
SG_007042,0,0.09104678330107589,0.07681038297528987
SG_007043,0,0.1644754291054224,0.10512099790227501
SG_007044,0,0.13046334331624215,0.09683407006174546
SG_007045,0,0.16728864826329737,0.15725883074479152
SG_007046,0,0.13912039144148863,0.13331522334209164
SG_007048,0,0.10983663601676931,0.11358286086356126
SG_007049,1,0.2078868175804154,0.23036849230937023
SG_007050,0,0.10845491540226783,0.12022895909148616
SG_007051,0,0.1791913632798462,0.28742568724275924
SG_007052,0,0.13111750766261956,0.13739043240518523
SG_007053,0,0.08567322825012344,0.0789876622675659
SG_007057,0,0.1665042594944161,0.17453584567094732
SG_007058,0,0.1826538833595372,0.18729215448437103
SG_007059,0,0.20411626972761457,0.18200370284126552
SG_007060,0,0.1336445147718201,0.12478654871167935
SG_007063,0,0.18607530941379719,0.19724785753284968
SG_007064,0,0.08649043938292836,0.08432665338972391
SG_007065,0,0.2762864430827001,0.20954403512590697
SG_007066,0,0.15488046756000506,0.18008874310735803
SG_007070,0,0.17047549498385692,0.12878627098108092
SG_007071,0,0.16558028052829232,0.1341271387418896
SG_007072,0,0.19874527786898138,0.1807377562057046
SG_007074,0,0.3066622554663346,0.3029427910365753
SG_007077,0,0.17031329069100107,0.17534441660992364
SG_007079,0,0.13064145772731836,0.14686507439924276
SG_007081,1,0.1594373685000997,0.1859170674022872
SG_007082,0,0.1433895244550419,0.16946323106757535
SG_007083,0,0.19402161159107353,0.2061451538106235
SG_007084,0,0.17418164699446564,0.1878464501975349
SG_007085,0,0.18834227378942678,0.1701995968083573
SG_007086,0,0.16357753041241857,0.17702708487442653
SG_007087,0,0.13516476576843137,0.12454425422923684
SG_007088,0,0.15149700942216937,0.12602711675656922
SG_007089,0,0.29823544190281337,0.18069787378304641
SG_007090,0,0.22516952215815383,0.19878327580806934
SG_007092,0,0.13709076626765723,0.08273028395955918
SG_007093,1,0.17500252516201745,0.19514885019877554
SG_007094,0,0.12536296039045394,0.12343023530261639
SG_007096,1,0.3103404879029622,0.2755721658849272
SG_007097,0,0.21893571274521204,0.167119543148276
SG_007098,0,0.16106154278518697,0.11809212964024755
SG_007099,1,0.2869926739899748,0.33808483923904104
SG_007101,0,0.1591033376688992,0.12599922378741185
SG_007102,0,0.14965620436548988,0.17171130207830135
SG_007103,0,0.10086869128966214,0.11932908415270742
SG_007105,0,0.14428696425858134,0.12897694702140639
SG_007106,0,0.1325761244657515,0.13293604688079116
SG_007107,1,0.23109432936584468,0.26445135191344754
SG_007108,0,0.12982492746703045,0.16563640130679963
SG_007109,0,0.1317570630934321,0.1540860824196712
SG_007110,0,0.13405644061196248,0.1395221827219241
SG_007111,0,0.07689232365727666,0.06569000948758569
SG_007113,0,0.20949614277791448,0.22899236471758788
SG_007115,0,0.17397324094012978,0.16927568778148225
SG_007116,0,0.17452138647471846,0.17354401484114104
SG_007117,0,0.20743292975034233,0.17972397846799976
SG_007118,0,0.17527551480650425,0.19903879911747388
SG_007119,0,0.26955305830914056,0.21900332027776823
SG_007120,0,0.1879817072074954,0.20667235454849345
SG_007121,0,0.17668586019605848,0.16531752853358303
SG_007122,0,0.14422304535936473,0.13331977855467025
SG_007123,0,0.17004515198745776,0.17323615292005784
SG_007124,0,0.09869092725622199,0.12079799161615253
SG_007125,1,0.17497213912313825,0.18365708925835256
SG_007126,1,0.21159644484423448,0.19684325618748055
SG_007128,0,0.2162110395834365,0.1941332829649843
SG_007129,0,0.12856508650511422,0.14141218734573507
SG_007131,0,0.13065394524006407,0.17385414241106636
SG_007132,0,0.19003179743051635,0.19434940422682212
SG_007134,0,0.09566608240779391,0.09994681892167841
SG_007135,0,0.15325150874763918,0.13456846048845994
SG_007137,0,0.18753268598002398,0.19434487532992106
SG_007140,0,0.21072706362917776,0.20307892916714299
SG_007141,0,0.17029092437912305,0.1686296569154172
SG_007142,0,0.17159605179155452,0.15846736828618374
SG_007144,0,0.1179450097340193,0.11867189170820563
SG_007145,0,0.30144138167620754,0.24449273474611904
SG_007147,1,0.171947017795143,0.20064990035442673
SG_007148,0,0.16664020832348655,0.14095285016057835
SG_007149,0,0.16259368780289757,0.13063685010135975
SG_007151,0,0.16906576287337005,0.14065538257062518
SG_007152,1,0.17895896989400417,0.2159889057173497
SG_007153,0,0.14353742746642734,0.1349826123760567
SG_007154,1,0.15901632358975007,0.1543550756841928
SG_007156,1,0.16880847874320518,0.22934794658299762
SG_007158,0,0.16139872433987415,0.14678658119713459
SG_007159,0,0.16620873025447502,0.18596452997652724
SG_007161,0,0.0999779840392549,0.09453571811432858
SG_007164,0,0.17966120214494335,0.14966519113706428
SG_007165,0,0.10725257565608401,0.12784420943406677
SG_007167,0,0.18048335998209566,0.20927084685478092
SG_007169,0,0.165030785955758,0.08278389624868084
SG_007171,0,0.13335823191232166,0.13417190217730723
SG_007172,0,0.14215516533567338,0.1746450649422194
SG_007173,1,0.18765297622880556,0.17939049112880387
SG_007174,0,0.15391862943884577,0.16662761426916103
SG_007175,0,0.19480798092783233,0.21073774923348076
SG_007176,0,0.128682820737988,0.12269423142943517
SG_007177,0,0.19961242504471416,0.1861087931181223
SG_007178,0,0.1125985331111765,0.1339820746427502
SG_007180,0,0.3068558184730121,0.1785456153783002
SG_007182,0,0.15362119962227405,0.1262488149628217
SG_007184,0,0.16645930471717577,0.16817003132499975
SG_007185,0,0.13101512283145672,0.14948435050563952
SG_007187,0,0.17062816421223556,0.17367406050295248
SG_007188,1,0.20765058515091522,0.1857387880779101
SG_007189,0,0.18824397739922324,0.24421951577721887
SG_007190,0,0.20188921130523677,0.18080698921859148
SG_007191,0,0.13181835456120647,0.12154124467047388
SG_007192,0,0.10473635139268375,0.12162638506722513
SG_007193,1,0.26369468209123165,0.23035099461091316
SG_007194,1,0.1385167691035066,0.15732063605310842
SG_007195,0,0.14305739862119818,0.12300604913176272
SG_007196,0,0.15723026367423878,0.17853936104404738
SG_007197,1,0.2126347562475727,0.1912929181301068
SG_007198,1,0.19843382814715751,0.21417407663570526
SG_007199,0,0.24568061284063727,0.2074033303006517
SG_007200,0,0.14268501323434302,0.1760735126562352
SG_007201,0,0.18084212519416973,0.16340366198448505
SG_007206,0,0.1670345290577411,0.13453403635329694
SG_007207,0,0.1553476502930579,0.1736410976095192
SG_007208,0,0.13545764234625562,0.12559640682198392
SG_007209,0,0.21277464484872738,0.22416366045210212
SG_007211,0,0.17558772064765893,0.17821305022053455
SG_007213,1,0.23727706105701457,0.17306357525475685
SG_007214,0,0.12699793990203082,0.16084162162805998
SG_007216,0,0.1858786894529354,0.17326703048281217
SG_007217,0,0.1855573047671893,0.196415579975767
SG_007219,0,0.16787439856737893,0.15507075266785794
SG_007220,0,0.11190502713918463,0.1319331873503864
SG_007221,0,0.13875390663651885,0.10807962754493054
SG_007222,0,0.13849199382622007,0.13945713372497057
SG_007223,0,0.15657648931701595,0.13952001256109994
SG_007224,0,0.18528490639578896,0.18345171913541536
SG_007225,0,0.09969261056740529,0.0889828029535796
SG_007227,0,0.16106154278518697,0.090748925343526
SG_007228,1,0.1375524993394624,0.13287967438282217
SG_007230,0,0.10182883338443574,0.1345329172905023
SG_007232,0,0.14999188802331737,0.16709811996139723
SG_007233,0,0.15333610186926844,0.15874365328106205
SG_007235,1,0.21522434289977843,0.18964464562173133
SG_007236,0,0.25654764953451664,0.21357042617912114
SG_007238,0,0.24976537324643402,0.18162925452606107
SG_007241,0,0.11112433913190407,0.12676262818014056
SG_007242,0,0.1939864237642913,0.1533782273816834
SG_007243,1,0.15767673352891665,0.1769815289145998
SG_007244,0,0.16680850495417113,0.13944073930591427
SG_007245,0,0.11064241477462677,0.10064567505755923
SG_007246,0,0.1648227676131604,0.11827253930073137
SG_007247,0,0.14241716219573827,0.13185029777251242
SG_007248,0,0.178643882376641,0.20053325317867557
SG_007250,0,0.17429223205100447,0.21700594493358594
SG_007251,0,0.16463216139641007,0.14140247938944878
SG_007253,0,0.25114902953212814,0.19717011862092612
SG_007254,1,0.17719725285968085,0.2134404526075543
SG_007258,0,0.1323669100774593,0.1476912297533238
SG_007259,1,0.2041307332166573,0.22660514555326855
SG_007260,0,0.19504263099779034,0.1761971107945552
SG_007261,0,0.133651442287453,0.11624147989619094
SG_007262,0,0.13377777517345976,0.143073048166973
SG_007266,1,0.2733291909585193,0.3107211531206521
SG_007267,0,0.10020372357994273,0.07860100124103545
SG_007269,0,0.22269768005596488,0.16908911158326487
SG_007270,0,0.19015166463481634,0.18276742103587457
SG_007272,0,0.12956926765403182,0.16193233968198664
SG_007273,0,0.26248481003859203,0.24517586031627325
SG_007274,0,0.12735869260558072,0.16207757925105604
SG_007276,0,0.09144563123272524,0.09820453395651686
SG_007277,0,0.11439136775015107,0.12710258553928014
SG_007278,1,0.14758341110148407,0.18007390278471166
SG_007279,0,0.15161195801784752,0.18165623552460577
SG_007284,1,0.14903935999217918,0.18813442170289993
SG_007285,0,0.16489388888086037,0.19670218193927763
SG_007286,0,0.16957402348432446,0.17025391141664348
SG_007289,0,0.13123498649899423,0.11386325278202802
SG_007290,0,0.175826482153041,0.17252417400753037
SG_007291,0,0.13297740857437942,0.09904549446558433
SG_007292,1,0.16966134499594065,0.15990239489407224
SG_007293,0,0.13280573427537895,0.17554416844541612
SG_007294,1,0.3072841889131312,0.29028098257106566
SG_007295,0,0.17355290967958922,0.17778032168357452
SG_007296,0,0.10166564060932752,0.1160102916091539
SG_007297,0,0.1672314107194176,0.15838783405006288
SG_007298,0,0.17171451804888577,0.1684815224182214
SG_007299,0,0.16106154278518697,0.10238781389699148
SG_007300,0,0.1662620184778023,0.14771992026829625
SG_007302,1,0.18259216826633703,0.2228925926073008
SG_007303,0,0.26221519595433795,0.25916350150614953
SG_007304,0,0.11117044199960195,0.11035337010487141
SG_007305,1,0.25575976333018136,0.23195049197435114
SG_007306,0,0.11922225723605098,0.12080263148088848
SG_007308,0,0.16685312221638726,0.17848730752611738
SG_007309,0,0.11728261616788165,0.09893433168603546
SG_007311,0,0.14863098172258282,0.1372067182442372
SG_007313,0,0.18222247068301897,0.18981731510448416
SG_007315,0,0.17688312930081815,0.21764523681194142
SG_007316,0,0.16634533013715125,0.1953249092313756
SG_007317,0,0.1278710421267832,0.12485747946332808
SG_007318,0,0.15670239110668377,0.14284637983910045
SG_007320,0,0.18159863460130557,0.21636196180314718
SG_007321,0,0.13185824457149595,0.15232292308274104
SG_007322,0,0.16657234945285138,0.1849146224948059
SG_007323,0,0.21316286154921002,0.1656197770947695
SG_007324,1,0.16742896531034376,0.197416646413818
SG_007325,0,0.16940040024643235,0.13093059075254043
SG_007327,0,0.10930369316824534,0.09054708145850218
SG_007328,0,0.12135487780818796,0.1219772135060006
SG_007329,0,0.158918627294072,0.13747321351519798
SG_007330,0,0.18263101293834327,0.18751632024681864
SG_007332,0,0.10707872851262334,0.12008751618292263
SG_007335,0,0.1913370482657739,0.28715062345593967
SG_007336,0,0.19224377070645599,0.1806766313950623
SG_007337,0,0.1665708074842226,0.18868528868434997
SG_007339,0,0.12553144674625547,0.1182633316928431
SG_007341,0,0.25208764442055703,0.2562733323264661
SG_007342,1,0.14362324352914738,0.16297446141003394
SG_007343,0,0.0932107155454899,0.0821920571282769
SG_007344,0,0.17698220374485876,0.17371249173506492
SG_007346,0,0.0749021891087523,0.0771050827491539
SG_007347,0,0.10069169745761747,0.09900205603162689
SG_007348,0,0.1318715303642248,0.1570605922351833
SG_007350,0,0.16871786647611794,0.20025236060852836
SG_007351,0,0.11280288507157545,0.14706441306144497
SG_007352,0,0.12370413938498634,0.1283489484896427
SG_007353,1,0.18161895132061145,0.20167278844660083
SG_007354,0,0.09753167937895303,0.10131544542781125
SG_007355,1,0.13336039407798692,0.15633543360082497
SG_007357,0,0.16489180930915048,0.1791519999883216
SG_007359,0,0.17869151283818435,0.209440267241345
SG_007360,1,0.22611104459786296,0.21285475819274968
SG_007361,0,0.18523702869997863,0.16639212386896954
SG_007362,0,0.3110721912667757,0.25562321137686245
SG_007363,1,0.16106154278518697,0.08536631434116963
SG_007364,0,0.09234651141244621,0.11434159532774345
SG_007365,0,0.2130410868390791,0.2623807337440099
SG_007366,0,0.16259368780289757,0.1148941539202121
SG_007367,1,0.2500344944837813,0.20873709218545303
SG_007369,0,0.1255804950209339,0.11473415032409857
SG_007373,0,0.2103464557132311,0.24755267188383934
SG_007374,0,0.17185933533457354,0.15419497430708803
SG_007376,0,0.17538091222614632,0.19027316683212833
SG_007377,0,0.18255036985943887,0.18362021833438416
SG_007381,0,0.13713028954885137,0.13182289406175776
SG_007382,0,0.2911403796447036,0.20974391116651792
SG_007385,1,0.18630307165007423,0.2436658673833032
SG_007386,0,0.13573227160079046,0.19388625028580764
SG_007387,1,0.18500852666870946,0.2804595029430295
SG_007388,0,0.1125332107163628,0.1210619511121762
SG_007391,0,0.1409737452322134,0.15114360450274508
SG_007392,0,0.152534220345053,0.15965794173888606
SG_007393,0,0.14809975177525586,0.14627998125859765
SG_007394,1,0.11913998791751507,0.12777813526921275
SG_007395,0,0.16856195240196004,0.12899662676691712
SG_007396,0,0.10826879418957408,0.11260122782373112
SG_007397,0,0.11121317407412219,0.13119054211794687
SG_007398,0,0.12550613511969094,0.13387223975840937
SG_007399,0,0.2375283872036006,0.2762765332518998
SG_007400,0,0.16106154278518697,0.0732482253256278
SG_007402,0,0.4190635193001206,0.2903305613898009
SG_007404,0,0.16910830311889927,0.20785103948662578
SG_007405,0,0.1740215154666645,0.14418518433189847
SG_007407,0,0.24819587205703875,0.20027285088017005
SG_007408,0,0.19534158455630976,0.20377027979651535
SG_007411,0,0.17363751688109852,0.19437905652869664
SG_007412,1,0.2542594393514118,0.2689054333269357
SG_007414,0,0.1861078433780472,0.20607677475413913
SG_007415,0,0.12383901884165487,0.11404441311535714
SG_007417,0,0.17276619238238763,0.17684380838013608
SG_007418,0,0.11795695350973233,0.11686103263998143
SG_007421,1,0.14569028692290645,0.13655923785189836
SG_007422,0,0.20794565795234465,0.16044220307997378
SG_007425,0,0.11264291757945859,0.1498836153484364
SG_007426,0,0.20650223105538473,0.22731050901968625
SG_007427,1,0.16609622788716713,0.1479889948237743
SG_007429,0,0.20163301410972725,0.20808031409659797
SG_007430,0,0.2269998925027603,0.22823753214768647
SG_007431,0,0.2821756831531106,0.311114365216296
SG_007432,0,0.21129080764481883,0.190573900233942
SG_007435,1,0.15294543497484572,0.13157062786972978
SG_007436,0,0.15102755364357523,0.20360441923150951
SG_007438,0,0.17118280597356045,0.17407039698399493
SG_007439,0,0.16106154278518697,0.09039278925262308
SG_007440,0,0.1991398439993333,0.16978579668423585
SG_007442,0,0.1825008161799764,0.1748204698416854
SG_007444,0,0.16259368780289757,0.1316245763938788
SG_007445,0,0.19619306855539528,0.2508056346554347
SG_007446,0,0.2497867543760179,0.23724118969740438
SG_007447,0,0.13880324233205385,0.12631583077251415
SG_007448,0,0.19211008134703972,0.12321253869932035
SG_007449,0,0.17175840910882711,0.1892892060779249
SG_007451,1,0.3328702240378169,0.2611502346835009
SG_007453,0,0.17830832060259813,0.26778189592273477
SG_007454,0,0.16650964701666848,0.18667498588439554
SG_007456,0,0.09197661932651925,0.11509269831463177
SG_007457,0,0.19156905068741042,0.19479445376600332
SG_007458,0,0.14213289805660184,0.09239414196288044
SG_007459,0,0.18492016773883801,0.20281259569853238
SG_007460,0,0.22325245122164333,0.19420634986683039
SG_007461,0,0.10867306307964258,0.0951983075839132
SG_007463,0,0.22347476033097044,0.16826170408338062
SG_007465,0,0.20525869699998395,0.19593792277588493
SG_007467,0,0.15326037434527054,0.13420793910616552
SG_007468,0,0.1341241060845782,0.15002799971166153
SG_007471,0,0.14134211489483697,0.2037587535108866
SG_007473,0,0.1629232894532933,0.10339216876791595
SG_007474,1,0.14826482915612582,0.1377041536902565
SG_007475,0,0.11068633096067884,0.12154596927163314
SG_007477,0,0.15531101250510757,0.1432751199052179
SG_007478,0,0.15710454001942756,0.15538965858930623
SG_007479,0,0.17549082107205266,0.16873616747113007
SG_007480,0,0.17477553491106712,0.12077746490302689
SG_007481,0,0.15081939868754085,0.16508070420152862
SG_007482,1,0.2036204310092985,0.1962133380125904
SG_007483,0,0.1015186611718198,0.11127220244343787
SG_007484,0,0.20655920893562357,0.15816583197544531
SG_007485,1,0.17486014169297448,0.24204017137049166
SG_007487,0,0.1421663644271064,0.12079821156957693
SG_007488,0,0.153672690151517,0.16037995264213606
SG_007491,0,0.19146847618228977,0.2305789585815126
SG_007492,1,0.19226936201272946,0.18948704920716303
SG_007493,0,0.12466643482027476,0.11455967796980696
SG_007494,1,0.19460626455355712,0.16575169550627272
SG_007496,0,0.1662697308926807,0.159389600912575
SG_007497,1,0.16106154278518697,0.11126460449691224
SG_007498,0,0.1410838703001657,0.13003540370062852
SG_007500,0,0.22229517629134188,0.15449987253244601
SG_007501,0,0.16106154278518697,0.1031231333828411
SG_007502,0,0.18558097213382485,0.18087687239253736
SG_007503,0,0.17502907525496042,0.12551518998640432
SG_007504,0,0.16558028052829232,0.14110182768918245
SG_007505,0,0.17248556595325254,0.18596294347781112
SG_007507,0,0.18025733585420312,0.18907655729843098
SG_007510,0,0.14998724608112515,0.17041330472521282
SG_007511,0,0.12921699948470244,0.1450957239899866
SG_007512,0,0.13210668108735799,0.09891224092953158
SG_007513,0,0.1395850214737671,0.1714139264372132
SG_007514,0,0.13307493358102165,0.11305271038195633
SG_007515,0,0.16259368780289757,0.06778042208001897
SG_007516,0,0.11450438624500744,0.14147959231274954
SG_007519,1,0.11642071090790487,0.1394042578197917
SG_007520,0,0.11905147765683277,0.12449050512126475
SG_007521,0,0.16259368780289757,0.09313988718851461
SG_007523,0,0.1744026131647697,0.21358944706449545
SG_007525,0,0.09260847224376802,0.07544149935171564
SG_007526,0,0.14213247272378554,0.14620243184830448
SG_007528,0,0.1482089405861526,0.16889068832540458
SG_007529,0,0.13307493358102165,0.11214387282124273
SG_007530,0,0.1480686778536954,0.15155737433954844
SG_007531,1,0.16729536491390476,0.13366040378247696
SG_007532,0,0.16849967049118286,0.22499098507396245
SG_007533,0,0.16157997472172037,0.1702383976844793
SG_007534,0,0.2517465964742466,0.2299695164864209
SG_007536,1,0.1778397530270142,0.16786227578530158
SG_007537,1,0.16237865527958667,0.18340078531888887
SG_007538,1,0.15063500179599698,0.14326496738319533
SG_007539,0,0.16450213325245522,0.13570282977725845
SG_007541,0,0.15892066893869863,0.1689780239026598
SG_007542,0,0.25814609816111495,0.2560980649930153
SG_007543,1,0.12332521558575482,0.136229851104916
SG_007544,0,0.265038033242786,0.2568482310650429
SG_007545,1,0.1972314047146835,0.24813263061458712
SG_007547,0,0.13770063392768125,0.1253313446936598
SG_007548,0,0.171953782358501,0.2091976013619278
SG_007549,0,0.08139825069423438,0.0952189650476434
SG_007550,1,0.1694221793007959,0.16702626529413062
SG_007551,0,0.17674527402567458,0.2107979245832117
SG_007554,0,0.2435583203537339,0.2513638512857079
SG_007555,0,0.24438520915602693,0.18606664167032275
SG_007556,0,0.14695493186901473,0.15754338519733568
SG_007559,0,0.17392542551407605,0.18931217335669587
SG_007561,1,0.14902834010384683,0.15086001826290035
SG_007562,0,0.18181183607752688,0.2838414649938204
SG_007563,0,0.12855702146981526,0.17622031354184076
SG_007564,0,0.1563392110264674,0.15332108898288865
SG_007565,0,0.14181669621513807,0.1497825616073396
SG_007566,1,0.25795514728453695,0.24644654895585583
SG_007567,0,0.16583522417258725,0.11589104187657252
SG_007569,0,0.150535890411508,0.17638348930475645
SG_007570,1,0.13710140167247714,0.1445105275943055
SG_007572,0,0.17537442518268812,0.17644905831202712
SG_007574,1,0.16765328498286533,0.2230875563736043
SG_007575,0,0.3050931113347221,0.25579519425092684
SG_007576,0,0.1420244374526601,0.1396873464550632
SG_007580,0,0.17025963180653902,0.20277659580980142
SG_007581,0,0.1426929560221159,0.10528824294149562
SG_007583,1,0.14896509606661895,0.16490052906885752
SG_007584,0,0.1657700153811228,0.1543980150885056
SG_007585,0,0.2385718987823583,0.2315978942665214
SG_007588,0,0.14944347832452323,0.17297806129003251
SG_007590,0,0.1845877762897134,0.20973409615617253
SG_007592,0,0.09978100483999908,0.09001167620123651
SG_007593,1,0.07880155973963496,0.05822151266390658
SG_007594,0,0.129206609283068,0.12076052773097344
SG_007596,0,0.15992081820644846,0.1561683501598668
SG_007598,0,0.1473051889832624,0.12390994831182378
SG_007600,0,0.1917411727654877,0.22354594558172577
SG_007601,0,0.17941323963018865,0.17212761580710664
SG_007603,0,0.15614065404995225,0.15486497853462203
SG_007604,1,0.11243965420679525,0.14413169843321033
SG_007606,1,0.18813554737656207,0.23106606304306906
SG_007607,0,0.13005206456629315,0.09785199516717981
SG_007608,0,0.16455928688054192,0.10080157209342366
SG_007610,0,0.17230248586247227,0.2204537826209752
SG_007611,0,0.17843449569438852,0.24221564915781985
SG_007612,1,0.28999457216462965,0.234437091131644
SG_007613,0,0.16357134466560996,0.18697759903712613
SG_007615,1,0.22456486866359013,0.20099531526069564
SG_007616,0,0.17468992920591675,0.17021538980882223
SG_007617,0,0.16411062165153986,0.1450739002383952
SG_007618,0,0.10221918113185746,0.09612047904183404
SG_007619,1,0.18173919082389833,0.16537018433293557
SG_007621,0,0.17054904067499482,0.15581622104535844
SG_007622,0,0.1302287813641673,0.1401445384746877
SG_007623,0,0.15904410918082823,0.12772531938331455
SG_007624,0,0.17589786621042852,0.29344964586362693
SG_007625,0,0.19357808658532208,0.18617252518788988
SG_007626,0,0.1744509218907486,0.16581863933986238
SG_007627,0,0.10756238497501616,0.11659340334043299
SG_007629,0,0.16275866309311346,0.16033365141720074
SG_007631,0,0.14881552710397455,0.16208211445432985
SG_007632,1,0.20577304657114134,0.18128382203801915
SG_007633,1,0.10072478097454522,0.11468871187379165
SG_007634,0,0.15041552822365342,0.1564881557559846
SG_007635,0,0.11069915954808701,0.13604270550514178
SG_007636,0,0.21572980935601654,0.1830146364558221
SG_007637,0,0.11992941490717339,0.1570301790166557
SG_007638,0,0.17187184546630763,0.15044239253976577
SG_007639,0,0.12123165474475568,0.11632212662690324
SG_007640,1,0.1301791960553235,0.14120899840474443
SG_007641,0,0.13907068460438873,0.12780235881080554
SG_007642,0,0.12347943920327392,0.1154794533316405
SG_007643,0,0.1694175656348158,0.21699105477358696
SG_007644,0,0.18592659093826105,0.15828661156972193
SG_007645,0,0.10019980235007116,0.11381919094183673
SG_007647,1,0.12116176323445771,0.1223885004514964
SG_007649,0,0.10589413558186539,0.10147611163905372
SG_007650,0,0.16106154278518697,0.05983783496649657
SG_007651,0,0.17092775800257376,0.12714110785197344
SG_007652,1,0.23697470933782872,0.21734852077497663
SG_007653,0,0.14394389581249536,0.13173120961573861
SG_007661,0,0.16276318905655815,0.1206514912733269
SG_007662,0,0.13790396382870487,0.11737394904607912
SG_007664,0,0.16950758175808972,0.1681250702814415
SG_007666,1,0.14356488831191763,0.14924278706722807
SG_007668,1,0.17228997484244063,0.21332237724113254
SG_007669,1,0.13948239853811709,0.16637992039503272
SG_007671,0,0.09081317769066444,0.1073171560459471
SG_007672,1,0.14426919329691776,0.1329717357125822
SG_007673,1,0.15464734900089835,0.15521159699354584
SG_007674,0,0.16666043421186094,0.09148720216224801
SG_007675,0,0.1893209857321703,0.2213365022262054
SG_007676,0,0.10671670577456853,0.09689461771172304
SG_007677,0,0.09438095187104875,0.14114368207955377
SG_007680,0,0.16106154278518697,0.10281736773380033
SG_007682,0,0.11360383969765875,0.13503175339872356
SG_007683,0,0.17335290276450016,0.14050260488556957
SG_007684,0,0.0961406006977059,0.1011184039894072
SG_007689,0,0.17039895409992017,0.1658395988277571
SG_007690,0,0.2861963262797661,0.2606564530677907
SG_007692,1,0.1986260927802389,0.205069385874334
SG_007693,0,0.16106154278518697,0.07690064470322622
SG_007694,1,0.18499755500962417,0.18959996573354282
SG_007695,0,0.2830392417969654,0.22961626044814365
SG_007697,0,0.13345382513764512,0.07115130051529468
SG_007699,0,0.14468404582613298,0.16356515420845466
SG_007701,0,0.1681755807531237,0.23272833477150623
SG_007702,0,0.14194486716525065,0.11318514122363162
SG_007705,1,0.20365346537141948,0.2031260318118355
SG_007707,1,0.11404571235500195,0.1704856129069292
SG_007708,0,0.14154548735729944,0.15417893549294
SG_007709,0,0.29648515859039526,0.21310462927480803
SG_007710,0,0.15376549743475573,0.10999521662520136
SG_007713,0,0.14963849105690338,0.12803571675192046
SG_007715,0,0.10654376802462091,0.12460116171331168
SG_007716,1,0.17264959083638948,0.1729578266610326
SG_007718,0,0.17738465593048175,0.18418360541337891
SG_007722,0,0.11171578142917549,0.1349470309577833
SG_007723,0,0.09363242135592703,0.12583382456105685
SG_007724,0,0.13213778265600062,0.15007547105563482
SG_007725,0,0.16473659459760231,0.20862901499808295
SG_007726,1,0.2024040596915409,0.20540256226137663
SG_007727,0,0.13290350981125293,0.1375276592688919
SG_007729,0,0.23199901479540322,0.2459020000467639
SG_007730,0,0.20327075392242197,0.18779128764240252
SG_007731,0,0.1784108836030594,0.27054892504800365
SG_007732,0,0.19278721981811342,0.20127902724352995
SG_007733,0,0.18422404623770894,0.26338334144099046
SG_007734,1,0.17277525720704143,0.15932810263152342
SG_007735,0,0.3302858610131016,0.3171742593435116
SG_007736,0,0.17467608816608948,0.183305564814663
SG_007738,0,0.16923483096350314,0.16938409754953895
SG_007739,0,0.16663025797615208,0.13851135196616907
SG_007740,0,0.18075645076098562,0.205498709376698
SG_007743,0,0.17106393891068808,0.18338173069247402
SG_007745,0,0.16465153683186684,0.13037488873422462
SG_007747,0,0.22387022133700357,0.21375898946079394
SG_007749,1,0.16106154278518697,0.13963682363958851
SG_007753,0,0.16011465430699326,0.15660298294549646
SG_007754,0,0.19287349498335993,0.1530533163847812
SG_007755,0,0.1629838412466231,0.2237031098896722
SG_007756,1,0.09887415028340706,0.08019182118285567
SG_007757,0,0.17720458173715964,0.14484208707954455
SG_007759,0,0.16407412966570584,0.1451021071906132
SG_007761,0,0.17720686047221595,0.14639040304149323
SG_007763,0,0.17768176199096908,0.17925184013996442
SG_007764,0,0.2232194616569095,0.185466882990929
SG_007765,0,0.20882514310161093,0.19398569850843164
SG_007766,0,0.18038434761938202,0.17718978695926166
SG_007767,0,0.16462601085614334,0.10472235274952864
SG_007768,1,0.17916177244803347,0.20033111222500666
SG_007769,0,0.1842559114026077,0.22067528625836166
SG_007771,1,0.1695350195866727,0.21579419309899991
SG_007773,0,0.2368673262475175,0.2224037377143816
SG_007774,0,0.21238848344621203,0.1959108507069758
SG_007775,0,0.18178809363472903,0.2775543975180387
SG_007777,0,0.165577356873535,0.09543956607148886
SG_007778,0,0.15653965171292603,0.1591364740500853
SG_007779,0,0.16259368780289757,0.08937726310871939
SG_007783,1,0.1651813591032325,0.165056531354143
SG_007784,0,0.2180876189835655,0.21113284122856607
SG_007785,0,0.16566472049715994,0.13083110039695628
SG_007786,0,0.17445435488580385,0.16508278155913178
SG_007788,0,0.16553927289448822,0.17292692496609485
SG_007789,1,0.12193856556481575,0.14614005458447224
SG_007790,0,0.19905469261383296,0.13823002619447877
SG_007791,0,0.17494181561722819,0.23043102489928566
SG_007792,0,0.1408046928106174,0.15768580612043132
SG_007793,0,0.16276995296250346,0.15220849413459264
SG_007794,1,0.22241158156177582,0.1995437872386486
SG_007795,0,0.0945611020017696,0.11286029526008666
SG_007796,0,0.2038091104447434,0.22983237994411782
SG_007797,0,0.20469615174020606,0.19355771948783107
SG_007798,0,0.1807452006764967,0.2016509957933983
SG_007799,1,0.13277420243901383,0.1183003093989883
SG_007802,1,0.2566437670282502,0.1805772098098722
SG_007803,0,0.15801610634086802,0.16089158056574931
SG_007806,0,0.18577079989577508,0.2306133913951088
SG_007809,0,0.2857322272572044,0.25550252658734135
SG_007810,1,0.18425857345166202,0.16355025127703549
SG_007811,0,0.15721870392651893,0.18118276164919728
SG_007812,0,0.2838208021393311,0.2272575667213987
SG_007814,0,0.10255900598713494,0.10945683004908219
SG_007816,0,0.16939368131024526,0.19435688632567844
SG_007819,0,0.12859050802877858,0.20661229734732725
SG_007821,1,0.2822115422833753,0.21714287981142644
SG_007825,0,0.17820627598744226,0.215477509920424
SG_007826,0,0.17363054832981797,0.19031205329033327
SG_007827,0,0.16744688407451308,0.13630997417027943
SG_007828,1,0.18599780368940122,0.19344007254138051
SG_007829,0,0.22066300157657798,0.2129105849147799
SG_007830,0,0.20038789489951045,0.17809990700704484
SG_007831,0,0.13524239141833083,0.08497026721406631
SG_007832,0,0.13343802735076,0.11114641516900502
SG_007833,0,0.10669795265105092,0.0797812810557804
SG_007835,0,0.09025584328471455,0.12318971176855172
SG_007837,0,0.17270856979607319,0.22818733509259864
SG_007838,1,0.15138405715476483,0.15516733837686644
SG_007840,1,0.17984990811761473,0.22445342338255034
SG_007841,0,0.11248183918238233,0.11118715418746727
SG_007843,0,0.12524694787802318,0.11861461074384366
SG_007845,0,0.16106154278518697,0.11239172572766178
SG_007847,1,0.2005438745813399,0.13715786496408203
SG_007848,0,0.16106154278518697,0.1008162556261882
SG_007850,0,0.17119527311778215,0.144052109549901
SG_007851,0,0.2749136041421245,0.2134979792469679
SG_007852,1,0.1912379981960536,0.15963911796378452
SG_007853,0,0.19355772586351389,0.1329422905866604
SG_007854,0,0.2667375165331073,0.2464158013362298
SG_007855,0,0.09211922393038634,0.0968177545613614
SG_007856,0,0.11473071230509357,0.14974269652165245
SG_007857,0,0.23922136309660125,0.1649025881622094
SG_007859,0,0.16636135513002503,0.17190304334194534
SG_007860,0,0.14431445238069074,0.1560714269840925
SG_007861,1,0.12058992012309908,0.12080704891063988
SG_007862,0,0.1461749587072514,0.19444137083374946
SG_007863,0,0.18494314067140802,0.1764174235525293
SG_007865,0,0.14429488416075578,0.14675751386239058
SG_007867,0,0.1530932613831795,0.14533264461947487
SG_007868,0,0.11396641633504727,0.11826008204505026
SG_007869,0,0.12824420412098073,0.11091205621359079
SG_007870,0,0.11754973075544449,0.11922880299117875
SG_007871,0,0.10547205790653821,0.10298935543367484
SG_007872,0,0.16999474140145743,0.16288582108797334
SG_007873,0,0.16259368780289757,0.10518799709358845
SG_007874,0,0.16510175283183595,0.1486692290648359
SG_007877,0,0.1589766859008707,0.1667023034429335
SG_007878,0,0.1358430445969643,0.13467138916884844
SG_007879,1,0.17813458135699542,0.25035559836904403
SG_007881,0,0.14397647590015752,0.1644789900945631
SG_007882,1,0.16630943987971825,0.1645609613915332
SG_007883,0,0.23516617427576053,0.20729730964478382
SG_007885,0,0.1987615089449238,0.20306974142108183
SG_007886,0,0.12014543215736867,0.12366306476210459
SG_007887,0,0.12711184580350113,0.14776469925476915
SG_007888,0,0.16746000053832436,0.1937259176574197
SG_007890,1,0.261334077712078,0.23547166725471874
SG_007891,0,0.16220267711042088,0.15627905117229623
SG_007893,0,0.1346578783482977,0.1505973937931366
SG_007894,0,0.26475550783054236,0.2830313386481488
SG_007895,0,0.16669228219778337,0.23552366836717076
SG_007896,0,0.19192284402478083,0.23157732305157655
SG_007900,0,0.1670444632368061,0.15203849478813322
SG_007902,0,0.20331790949729006,0.18159307494250626
SG_007903,0,0.14078296507359978,0.15400745552885983
SG_007904,0,0.1728411007847265,0.184702872296502
SG_007905,0,0.14594379582828262,0.1397235479372493
SG_007906,0,0.14612121819396134,0.140930194117067
SG_007907,0,0.2249804996478805,0.21175538138199163
SG_007909,0,0.20094493653995293,0.1898519461357807
SG_007911,0,0.16493930629009496,0.19337599491424903
SG_007912,0,0.1274225473953354,0.14561479348388165
SG_007913,0,0.09895509823654403,0.10775768298213971
SG_007914,1,0.15534232984377425,0.144348649104155
SG_007915,0,0.15207620673665637,0.16558290399355383
SG_007916,0,0.1456715546483333,0.10516296218056083
SG_007917,0,0.18140042403529605,0.17842162781450516
SG_007918,0,0.16487815610150658,0.10813714846354447
SG_007919,0,0.2608872162061539,0.24379595927574343
SG_007920,0,0.17606902232274743,0.1796527836252556
SG_007921,1,0.16147267768205922,0.19660497544582026
SG_007924,1,0.21930795947130183,0.13774065614654699
SG_007925,0,0.1896667859648553,0.2740684564212761
SG_007927,0,0.12035440568615069,0.10394251698281058
SG_007928,0,0.17537483901225226,0.2210441058999696
SG_007929,0,0.10340475246655555,0.10755130033168096
SG_007930,0,0.13361255440717973,0.16833530225627602
SG_007932,0,0.12388207008509149,0.146824857695892
SG_007934,0,0.1677782018422827,0.15273571607167447
SG_007935,0,0.1753871516325256,0.1696146892125694
SG_007936,0,0.16887243045736805,0.12717120481795713
SG_007937,0,0.1808401495523065,0.2049186559121554
SG_007938,0,0.1278914933062493,0.1442270505758694
SG_007941,1,0.17056450427704098,0.1786981217042594
SG_007942,0,0.17175074807166632,0.2220704623262222
SG_007943,0,0.23432933171894588,0.17130332668918188
SG_007944,1,0.22963345772818644,0.2460613586552321
SG_007945,0,0.1367905488943053,0.12441641241268642
SG_007949,1,0.12240869640019812,0.14121734105892322
SG_007950,0,0.10288046489166434,0.11928081896506944
SG_007951,0,0.16106154278518697,0.1106335594930518
SG_007952,0,0.13486046547160657,0.14686884858212193
SG_007953,0,0.16724543956525495,0.1509063806625297
SG_007955,0,0.11138158288925783,0.127703729560856
SG_007956,0,0.12609385128366274,0.12936221674796414
SG_007958,0,0.22571279859464927,0.19977105718016386
SG_007959,0,0.2097129934045095,0.24213261266023003
SG_007961,0,0.16744700073050917,0.1948363521290599
SG_007962,0,0.1548652437621279,0.15114196608269595
SG_007963,0,0.11965437695026232,0.15665097268998684
SG_007966,0,0.1483975592148302,0.14827366165832995
SG_007967,0,0.1700528916999579,0.1744676134355768
SG_007968,0,0.1308056041245999,0.11946566133235767
SG_007969,0,0.17171834092669683,0.17039626523207083
SG_007970,0,0.1649770419563865,0.1019882909304308
SG_007971,0,0.17688734609753884,0.20795734120886372
SG_007972,1,0.1751471986971532,0.1804927786122732
SG_007973,0,0.15869403213979533,0.17377495307881607
SG_007974,0,0.22296819691156988,0.20394344366641057
SG_007975,0,0.1340350707799521,0.1489796754721043
SG_007976,0,0.16776119817453047,0.15947175060101326
SG_007977,0,0.21114802423998955,0.21491437045202957
SG_007978,0,0.1524450255993493,0.20626273750699342
SG_007979,0,0.17167662826157726,0.20501324819556657
SG_007981,0,0.16407748375508122,0.12140451337304246
SG_007982,0,0.17117675836748447,0.16394404118352837
SG_007983,0,0.1698177859332134,0.15494686187020723
SG_007984,0,0.15506517517855511,0.15196011562827275
SG_007986,0,0.16259368780289757,0.10882373423475246
SG_007987,0,0.17311004277004988,0.21791977811303814
SG_007988,1,0.13158586744797524,0.15020469259794297
SG_007989,1,0.10819799230147918,0.11217600832382801
SG_007990,0,0.15170154375763042,0.14039706458156828
SG_007991,0,0.21043277458961285,0.23775523687637512
SG_007993,0,0.24626759092945377,0.2099124103214332
SG_007994,1,0.2504208641746565,0.17860735280466794
SG_007995,0,0.09969332668763067,0.11260223192397094
SG_007997,0,0.16259368780289757,0.10414766517989736
SG_008000,0,0.19195245636441366,0.1986760419912849
SG_008001,0,0.20937094700166498,0.17699752717796605
SG_008002,0,0.16106154278518697,0.13118879677423265
SG_008003,0,0.16175255388521934,0.13655219795648954
SG_008004,0,0.16950609282425794,0.1755648803037683
SG_008005,0,0.16915782093663057,0.18820304502702775
SG_008006,0,0.08205824845009858,0.1181216752661269
SG_008007,0,0.13134452104365327,0.1411992633150947
SG_008008,0,0.15114093593461603,0.17143775456354685
SG_008009,0,0.19240050592155195,0.19749804017509376
SG_008010,0,0.15310543987724579,0.17721277373981104
SG_008011,0,0.16953178961688842,0.18286645452373104
SG_008012,0,0.33951001183861085,0.40742901148301547
SG_008013,0,0.16259368780289757,0.1150550271649136
SG_008016,0,0.2671854152526751,0.22774122580906273
SG_008017,0,0.11510906501589652,0.1561153377174947
SG_008018,0,0.16407748375508122,0.08647632118778145
SG_008019,1,0.16619103647942213,0.15660649644563307
SG_008021,0,0.17782478460970486,0.1576428495047789
SG_008022,1,0.16504456638863652,0.13633566397789912
SG_008023,0,0.16608665046154214,0.141797064844116
SG_008024,1,0.22207765820674374,0.22602714158146436
SG_008025,0,0.16517237478192795,0.18665241394794713
SG_008027,1,0.18138561133154252,0.17662969358125236
SG_008028,0,0.16813365992315568,0.1458841747871726
SG_008029,0,0.17285658765652506,0.18948645590949867
SG_008030,1,0.23372522717126923,0.15660529455040945
SG_008031,0,0.16865318327438017,0.1883576994698827
SG_008032,0,0.13967985562717786,0.1679986986077544
SG_008034,0,0.16672326606268412,0.20961621498132252
SG_008035,0,0.17056023963696823,0.1775391009213582
SG_008036,0,0.15175145651197194,0.1524577082337777
SG_008037,0,0.21446375137709564,0.20198051489989238
SG_008038,0,0.16450279194863215,0.09248720654165507
SG_008039,0,0.1384621913877642,0.16455229246664646
SG_008040,0,0.1326096243359457,0.11115396120412756
SG_008041,0,0.1307440465425963,0.08727272002420343
SG_008042,0,0.18245637115532962,0.2457087955540449
SG_008044,0,0.177452319759444,0.14726501260533756
SG_008045,0,0.3262053545737269,0.24136233342240582
SG_008046,0,0.21601745084537277,0.15916608805752658
SG_008047,0,0.15435598683849627,0.16211778241033806
SG_008048,0,0.12579776819071775,0.14863260202376133
SG_008049,0,0.1701041605703877,0.16043115147601322
SG_008051,0,0.17092348709083946,0.1997666844695222
SG_008052,0,0.2487727975361546,0.23745049556652897
SG_008053,0,0.15693600006199976,0.17147139287618948
SG_008054,0,0.17872335976122194,0.19881245355093724
SG_008057,0,0.18973002969245595,0.2088100096641933
SG_008059,0,0.0966924531433345,0.08189877012520354
SG_008060,0,0.14848991758110325,0.15824917477353698
SG_008061,0,0.18651585467527693,0.20345792268528737
SG_008062,0,0.12415175209809136,0.10309816022399519
SG_008063,0,0.1675325070645666,0.18144134781116344
SG_008064,0,0.16814802714018434,0.24526515991716696
SG_008065,0,0.17805883174737674,0.15635288723948876
SG_008066,0,0.11740367220229117,0.10970601006766441
SG_008068,1,0.200269365142617,0.23297534126593616
SG_008069,0,0.26560330959604617,0.28135727452774395
SG_008070,0,0.121251036283888,0.14977066631407615
SG_008071,0,0.1223397471691052,0.1142455772198102
SG_008072,0,0.16628497847070706,0.16355902608933534
SG_008073,0,0.1480465804442535,0.17272151887517675
SG_008075,0,0.16571225569937842,0.1018781271208945
SG_008077,0,0.1779386974492,0.1837111342169554
SG_008078,0,0.1411853630827114,0.16651407415515654
SG_008079,0,0.16595236607780295,0.1336449110909853
SG_008080,1,0.2661517838197636,0.23059042360709736
SG_008082,1,0.273568221071409,0.2733746790902654
SG_008083,0,0.22535990096016115,0.2445363072574601
SG_008084,0,0.19415324121730526,0.14793798129996544
SG_008085,0,0.1308314563607809,0.1520876328903667
SG_008086,0,0.1465820023496897,0.14229978367098473
SG_008087,0,0.1148731663661352,0.10855227419054296
SG_008088,0,0.1377590274558873,0.13121557304419365
SG_008089,0,0.11981578452844449,0.13335981928648027
SG_008090,1,0.18206637330484743,0.16138602016662357
SG_008092,1,0.15089452292613217,0.15237816314592412
SG_008093,0,0.13473865290657144,0.09277835932661753
SG_008094,1,0.13662123276297383,0.10529284472070481
SG_008095,1,0.1654013398781845,0.1304373025724173
SG_008096,1,0.1685694991620022,0.20564861767331527
SG_008097,1,0.2817344902939712,0.35338340560367504
SG_008098,0,0.16573799402881956,0.20293497696976115
SG_008102,1,0.14043427398909145,0.13475777398422256
SG_008103,0,0.17472789867502111,0.24882064645167523
SG_008105,0,0.13447734305898515,0.17493579650478003
SG_008106,0,0.16862533122532355,0.13647897382190055
SG_008107,0,0.21737281001313363,0.1805918651932701
SG_008108,0,0.12419267069026958,0.1330964745850563
SG_008109,0,0.2644402592195727,0.2611464343595036
SG_008110,0,0.18807988821306898,0.18270388293334858
SG_008111,0,0.13132773436044573,0.16600104121944242
SG_008112,0,0.09340520448362315,0.09539550713250115
SG_008113,0,0.16602738985636367,0.1686219166862514
SG_008114,0,0.15071191667776362,0.14801144772036562
SG_008116,0,0.15540565529907396,0.13943585004190087
SG_008119,1,0.19880621272115498,0.2794294932002041
SG_008120,0,0.13693311035170297,0.10608478772714816
SG_008121,0,0.1497607667473013,0.18716098850658228
SG_008122,1,0.18443629572256517,0.282782793678955
SG_008123,0,0.137247931892461,0.11297015639782168
SG_008124,1,0.15545982599666777,0.23316123368335265
SG_008125,0,0.23970951743448507,0.24128883020740616
SG_008126,0,0.07827917235097975,0.06141449318616607
SG_008128,0,0.16959761472179144,0.19629665768420193
SG_008129,0,0.18063944830623985,0.17646775962440028
SG_008130,0,0.16259368780289757,0.16766793126499988
SG_008132,0,0.2911810521632103,0.21858961532355992
SG_008134,0,0.13553932925217999,0.10901123653317668
SG_008135,0,0.15221040513112022,0.14116252662179388
SG_008136,1,0.21488163591423348,0.25805993017433515
SG_008138,0,0.1500399129063479,0.1306196377714756
SG_008139,0,0.17564169464300092,0.22913690980072446
SG_008142,1,0.28389419640384994,0.2696715789601775
SG_008143,0,0.13175368975955123,0.13598366930510714
SG_008144,0,0.2438735932152133,0.1905975784824313
SG_008146,0,0.2248891808248194,0.21746284540068217
SG_008147,0,0.15464751878234467,0.21213466147756785
SG_008148,0,0.1403382973723481,0.1574610775740626
SG_008149,1,0.20684893262448376,0.21565862908018238
SG_008150,0,0.15561801911843556,0.13812447612976544
SG_008151,0,0.10449576072245559,0.09704319557739284
SG_008153,1,0.2501875997258363,0.21794528241621894
SG_008154,0,0.1750313366745567,0.21379582960022855
SG_008155,0,0.10610635042948757,0.1132871516198679
SG_008157,1,0.2238298815177221,0.22981348012290376
SG_008158,0,0.13709156422903457,0.12305551129210919
SG_008159,0,0.20405600323818374,0.17245783715487625
SG_008161,0,0.1372547959123603,0.19054609920767532
SG_008162,0,0.16899267372754992,0.24226726645979244
SG_008163,0,0.0962234853688624,0.05636008192490218
SG_008165,0,0.19249818022757373,0.1988013750667243
SG_008166,0,0.17051283732524936,0.16180714318909897
SG_008168,0,0.20951712949350673,0.24381940706637464
SG_008169,0,0.33538731848127823,0.2633261877671556
SG_008170,0,0.16124677181239075,0.15399542401498362
SG_008171,0,0.22027518607187838,0.15142129410601068
SG_008172,0,0.1113446260818289,0.10797886264245377
SG_008173,0,0.23994974654674345,0.24078749407006197
SG_008174,0,0.15263417367625198,0.19054858043790684
SG_008177,0,0.17225241853514228,0.24382707584071225
SG_008178,0,0.14553614190587807,0.1525334071858881
SG_008179,1,0.1781123873863154,0.2330221267545606
SG_008180,1,0.17412062977426424,0.17480303195838753
SG_008181,0,0.22528956020585925,0.20113643852180302
SG_008182,1,0.11884307504483564,0.09627414293596444
SG_008184,0,0.18155269587434708,0.20100773095401908
SG_008185,0,0.25748556257457594,0.23175702532193834
SG_008186,1,0.12329953938335635,0.1026630493409069
SG_008187,0,0.2614496799701858,0.2275839133395676
SG_008189,0,0.18978005491601027,0.23506542768858538
SG_008190,0,0.15933848580918322,0.14610366378213416
SG_008194,0,0.17657431197529086,0.17086214506903347
SG_008196,0,0.15316084382850328,0.14650204807813066
SG_008197,0,0.10709371087713819,0.12618262068578842
SG_008198,0,0.18322367001835402,0.19514858907810675
SG_008199,0,0.23334345996062417,0.18433163988934312
SG_008200,0,0.17245019581520282,0.19007221752214357
SG_008201,0,0.18026294839334955,0.19356298336229819
SG_008203,0,0.12963779483707216,0.1179319488190758
SG_008204,0,0.17005860829047276,0.14913783742819067
SG_008205,1,0.219796395507202,0.24282966123298283
SG_008206,1,0.08704117017765428,0.10019757844195189
SG_008207,0,0.18152616786293568,0.3138936658979825
SG_008208,0,0.2352028356916488,0.2534028709734857
SG_008209,0,0.16465153683186684,0.1330922398590239
SG_008210,0,0.11808644329850927,0.15179174422806604
SG_008211,1,0.1895171521959463,0.16628904283527413
SG_008212,0,0.13127509746496882,0.15170184351586868
SG_008214,0,0.29067522493309017,0.2527504687634637
SG_008215,1,0.1760450191375223,0.18671940793817396
SG_008216,0,0.15023051504699164,0.18515627435567306
SG_008218,0,0.2267284586203988,0.19574499185072894
SG_008219,1,0.1646947635736155,0.13875291241472582
SG_008220,0,0.16324918644402456,0.15442750874113212
SG_008221,0,0.16680240468560706,0.15912814517376592
SG_008222,0,0.10194876181565768,0.12429779314500586
SG_008223,0,0.16440210996627921,0.15225498659239145
SG_008225,0,0.1392820866975241,0.15196097212127535
SG_008226,0,0.09344504328521339,0.0985975664367917
SG_008227,0,0.13741660603556255,0.13990088756211205
SG_008230,0,0.09214534728930461,0.081666235506338
SG_008231,0,0.15563442828651147,0.1521036379627889
SG_008232,0,0.16911869462444962,0.17990458155388142
SG_008233,1,0.14584835979676603,0.1748531572320652
SG_008234,1,0.2832372091002218,0.23679942656182812
SG_008235,0,0.14328103410895543,0.17346639154706267
SG_008236,1,0.23104019516752744,0.20640037278036225
SG_008238,0,0.15732127601251883,0.1450471449289902
SG_008239,0,0.11067555625838228,0.10007135373956078
SG_008240,0,0.16033853414066263,0.12157785877250138
SG_008241,0,0.11319181777277715,0.12363688925338841
SG_008243,1,0.15890188383642487,0.14574433041595267
SG_008244,0,0.12556654427428415,0.1582398405700249
SG_008245,0,0.1478499804375564,0.19693704588096217
SG_008247,0,0.17808457751818188,0.20057742011799648
SG_008250,0,0.15701187189846222,0.17314599615658174
SG_008251,0,0.15340298869447336,0.1419908128232205
SG_008252,0,0.1988121752391279,0.16067182423522583
SG_008254,1,0.1062763402354054,0.11819844364703995
SG_008255,0,0.14809036475100515,0.13488721383274865
SG_008256,0,0.2395170591924035,0.23864456696225123
SG_008258,1,0.18804332249675096,0.18595168182212823
SG_008259,1,0.2459981689713878,0.23883970021929046
SG_008260,0,0.2521395376787286,0.2870833084169948
SG_008262,1,0.16459456539092673,0.181876587448178
SG_008263,1,0.17512054835379343,0.1908817326915052
SG_008266,0,0.16259368780289757,0.1247411765160527
SG_008267,0,0.16680240468560706,0.17684723948905184
SG_008268,0,0.13735235947590071,0.12482832944642493
SG_008269,0,0.17991776878195678,0.18853492912872127
SG_008270,1,0.1654872048760581,0.12626274147465572
SG_008271,0,0.18047352327201777,0.18454749141964397
SG_008272,1,0.27091245499747485,0.20124239311971728
SG_008273,0,0.08926391027290875,0.09042854730661999
SG_008274,0,0.22982649826073015,0.2436828828966998
SG_008275,0,0.11198886416245332,0.1081119232994437
SG_008276,1,0.17987410852786875,0.20955577170075015
SG_008277,0,0.16570383322458482,0.12265646695352982
SG_008278,0,0.16816804196253665,0.14764679527546373
SG_008279,0,0.137868442383236,0.17675268861693488
SG_008280,0,0.18443285700384301,0.25046305405046687
SG_008282,0,0.22441044495427745,0.23383749818186333
SG_008284,0,0.10670161621767134,0.13887953377483545
SG_008285,0,0.26025583384979184,0.23823069712294437
SG_008286,1,0.18500315130025105,0.17214499249046541
SG_008288,0,0.14369639367644468,0.18504249751448426
SG_008289,0,0.16271014540171458,0.17082194460558184
SG_008290,0,0.19991756949439082,0.17847199567614333
SG_008292,1,0.18848028876632883,0.17081469590479054
SG_008295,1,0.12863444025525456,0.14107390055790342
SG_008297,0,0.19131115721528913,0.17645082679347993
SG_008299,0,0.24247389414318096,0.13941864604609835
SG_008300,0,0.1788018323584223,0.1735687079624375
SG_008301,0,0.17221217225965982,0.19276627412926287
SG_008302,1,0.11400725608681829,0.13292481720613164
SG_008303,0,0.14535816226035567,0.17897613984196972
SG_008304,0,0.14924819282528892,0.11343473865324191
SG_008305,0,0.16450213325245522,0.10349202389513401
SG_008306,1,0.16863148603367842,0.128866524915905
SG_008307,1,0.18122831997583116,0.2555484753824512
SG_008308,0,0.2482716403781544,0.22579640190720934
SG_008311,0,0.17075407976912463,0.21082082234527255
SG_008313,0,0.19251394990981605,0.21680561740785523
SG_008314,1,0.2451360447347004,0.16847710785144354
SG_008315,0,0.2869821934917601,0.21747156737170964
SG_008319,0,0.21884474404688287,0.23492168528533233
SG_008320,0,0.09551640181538641,0.09833973431513575
SG_008321,1,0.1718775409842572,0.14982723391279387
SG_008322,0,0.26237606868031405,0.27195254138334335
SG_008323,0,0.15072855298840682,0.1653812521544107
SG_008324,1,0.1263758789394814,0.13355349233255195
SG_008325,1,0.1711099256616356,0.1807118490375564
SG_008326,0,0.17066799943235567,0.1546715610711021
SG_008328,0,0.11661366639138983,0.10642754791435459
SG_008329,0,0.11607622806291992,0.1229968599375
SG_008331,0,0.10609667245543601,0.10629135284803236
SG_008332,0,0.1777287177000236,0.16343761113153213
SG_008334,0,0.11204157341135793,0.14192536716698326
SG_008335,0,0.169841995427198,0.15027297923411048
SG_008337,0,0.16566491230943106,0.0984855112712937
SG_008338,0,0.09723234217384913,0.08119921619524115
SG_008339,1,0.19644997580076634,0.20729368476544205
SG_008340,0,0.12305659159707785,0.15211932921669155
SG_008341,1,0.16675830140961662,0.16463303821339031
SG_008342,0,0.11807410829383037,0.09557320834335975
SG_008343,0,0.13742793076852058,0.10132445981546816
SG_008344,0,0.29835791504345727,0.23980753086055204
SG_008346,0,0.11618876905917384,0.12311304263262064
SG_008348,0,0.13776206490315718,0.21377169216341452
SG_008349,0,0.14202254637748676,0.14134883469166784
SG_008350,1,0.18115712055046382,0.1819341328282943
SG_008351,0,0.16666043421186094,0.1352006726538192
SG_008352,0,0.1674322301018494,0.15653024125287507
SG_008353,0,0.1169169241647363,0.12206369010149719
SG_008354,0,0.17165219139368532,0.18362096069529438
SG_008356,0,0.14563528706267057,0.1678390649677586
SG_008357,0,0.167291642382079,0.20053449370415782
SG_008363,0,0.18023162392451578,0.26018394101353987
SG_008364,0,0.15897091464892968,0.1455022972113834
SG_008367,1,0.28240758840894353,0.2781304606959206
SG_008368,0,0.16629573929315153,0.1507873997819972
SG_008369,0,0.16351855203257226,0.16405608898054
SG_008370,0,0.20114122381229416,0.1688980778501737
SG_008371,0,0.17610583983532135,0.1780671425240273
SG_008372,0,0.14565221043667592,0.15595835592929572
SG_008373,0,0.16545445600698444,0.12204784637335454
SG_008374,0,0.160386925343949,0.17786095565773338
SG_008377,0,0.17088981199249478,0.15759223180607818
SG_008378,0,0.12397146005298529,0.1371290199533774
SG_008379,1,0.13348272836628558,0.18123557322766476
SG_008380,0,0.15822108728723458,0.16090257499696345
SG_008381,0,0.14712456029533535,0.16293773674963316
SG_008384,0,0.25714817348628394,0.29227650639431463
SG_008385,0,0.1321962348384416,0.13354937307340595
SG_008386,0,0.19432445235857432,0.20975825050873154
SG_008387,0,0.13884473893073865,0.12167580656873077
SG_008390,0,0.15075382810045404,0.15592885607478515
SG_008391,0,0.11863770588380293,0.10604820347507245
SG_008393,0,0.16925028321015023,0.12442400259927959
SG_008394,0,0.18350412149262949,0.18337271665948243
SG_008395,0,0.15525968629153847,0.12062225769837137
SG_008397,0,0.16757688368898457,0.16850877997524405
SG_008398,0,0.13508661471907513,0.08471629001059652
SG_008399,0,0.1503541780324412,0.16362303624957392
SG_008400,0,0.13225117756574284,0.14345512894859
SG_008401,0,0.16106154278518697,0.08728449355159679
SG_008403,1,0.16628471111245932,0.17587853569250383
SG_008404,1,0.2608767462013847,0.226129584118134
SG_008405,0,0.19021543618069567,0.27041997649308086
SG_008406,0,0.14191299060716722,0.14514964200679917
SG_008407,0,0.24212471953971007,0.2522022658675112
SG_008408,0,0.1617685744805676,0.18084385237936756
SG_008409,0,0.20890022001436132,0.17712284078641716
SG_008411,0,0.18031388012452904,0.213730592924826
SG_008412,1,0.2554806239240746,0.2444546907683156
SG_008414,0,0.24109531447627924,0.2443284821077063
SG_008415,0,0.17530990529146703,0.2086294343053584
SG_008416,0,0.19957009531688505,0.19466873748785757
SG_008418,0,0.13733693280789736,0.16078557147207173
SG_008419,0,0.17692510012846496,0.19319036039049123
SG_008421,0,0.13697404610258418,0.13313787666682123
SG_008423,0,0.06396425846498874,0.043477305754894856
SG_008424,0,0.08208176762017552,0.08339578046606617
SG_008425,0,0.1985815298723823,0.1685387139196325
SG_008426,0,0.11733287200280273,0.17868645940775107
SG_008427,1,0.2909096383134882,0.27160169146825724
SG_008428,0,0.13178910826997897,0.13044248095921063
SG_008429,0,0.16407748375508122,0.10131283595879471
SG_008430,0,0.17082287278222297,0.1670336188621866
SG_008431,1,0.26964797425622633,0.2360627379283943
SG_008432,0,0.16106154278518697,0.14403756047550195
SG_008433,0,0.18857933701248675,0.15595601299555248
SG_008434,0,0.2958321238446872,0.2575145556952422
SG_008436,0,0.13584039331772754,0.17830347880343858
SG_008437,0,0.1415609775355942,0.15247641820233074
SG_008438,0,0.17242226973762248,0.16754811035169753
SG_008439,0,0.15941787012375436,0.17933022550655234
SG_008445,0,0.16259368780289757,0.11183078620766444
SG_008446,0,0.22088838782559103,0.26749714275605324
SG_008447,0,0.15867471481920625,0.17778541117246902
SG_008448,0,0.18081800015961572,0.19603086988780113
SG_008450,0,0.16106154278518697,0.13164672411282763
SG_008451,0,0.140649788612186,0.12870923166465315
SG_008453,0,0.14958749756100836,0.16208612312767323
SG_008454,0,0.061648042520291574,0.06856466454739081
SG_008455,1,0.1394005468866913,0.12840007695463207
SG_008456,0,0.18763811777937592,0.2065421720942606
SG_008458,1,0.16259368780289757,0.09130718592255484
SG_008460,0,0.10310243767085041,0.10773368253259635
SG_008461,0,0.18003596818263765,0.24700405292736233
SG_008463,0,0.11819102225153384,0.11139604581395306
SG_008464,0,0.254717853174127,0.24004538976877032
SG_008465,0,0.21003437298006053,0.1447866481525183
SG_008466,0,0.1645455356514454,0.10366888058517794
SG_008469,1,0.21816435805934803,0.18705683180766383
SG_008470,1,0.16722344213220205,0.1684166331889058
SG_008471,1,0.1952744997132715,0.20124514245163852
SG_008472,1,0.24222937509250295,0.2372537134408042
SG_008473,0,0.16259368780289757,0.08845631178596769
SG_008474,0,0.09681547903511147,0.06232154364418162
SG_008475,0,0.17391761932707064,0.18897021797625302
SG_008476,0,0.14852059568448273,0.17027060333459695
SG_008477,0,0.18458272311721421,0.17651291474024353
SG_008479,0,0.17941101219817546,0.17213944062699857
SG_008480,0,0.17394310101046043,0.16526774965104385
SG_008481,0,0.33010034141248606,0.30604659547912777
SG_008483,0,0.18988480581595368,0.2231791526407262
SG_008486,0,0.11535808452524898,0.14864845932563917
SG_008487,0,0.16106154278518697,0.07667795343896798
SG_008488,0,0.1683467027279094,0.23508399990810058
SG_008489,0,0.27409558282473745,0.15072263238983602
SG_008490,0,0.15742449589087723,0.2015967310608398
SG_008491,0,0.1866136322604081,0.19247003792287531
SG_008492,0,0.21191341432640554,0.21139240370435458
SG_008493,0,0.1937107130861123,0.20991217704314263
SG_008495,0,0.1960604034528265,0.15911549790985477
SG_008496,0,0.16106154278518697,0.08461514309483686
SG_008499,0,0.14095389395213404,0.15479708205693019
SG_008502,1,0.17015823645716163,0.14866397618413266
SG_008503,0,0.19114020109402766,0.1560381116790757
SG_008505,0,0.16631849628738848,0.14368976602081804
SG_008507,0,0.16871510081439098,0.16651976166485852
SG_008508,0,0.14491250906872655,0.17549113725651855
SG_008509,0,0.16148701037667662,0.17179691736937647
SG_008510,0,0.25007200135245317,0.20778269860283108
SG_008511,0,0.13011044662871274,0.10967595394296832
SG_008513,0,0.1672576316079909,0.14544672896479363
SG_008515,0,0.1480954439424377,0.17494621815332648
SG_008516,0,0.16106154278518697,0.07688196060820468
SG_008518,0,0.1569388321996747,0.12289732113294219
SG_008519,1,0.17608422304461285,0.1600948304608251
SG_008520,0,0.1757287473726075,0.20903846130389003
SG_008521,1,0.19957961497373683,0.1914914576887089
SG_008523,0,0.16259368780289757,0.12857489347813045
SG_008524,0,0.13568575694604956,0.11429786450058244
SG_008525,1,0.20999507572384285,0.21003109469932824
SG_008526,0,0.1673887288692574,0.15312969439018995
SG_008528,0,0.16338985052880373,0.1875592978365429
SG_008530,0,0.166888048434879,0.14798830311653313
SG_008532,0,0.10395430136708139,0.11887571904154001
SG_008533,0,0.1907225112927537,0.20627048168395729
SG_008537,0,0.2729271726915487,0.25435779384350715
SG_008539,0,0.1385296624888613,0.1977155299640727
SG_008540,0,0.1780146418180892,0.25651958979477635
SG_008543,1,0.1171317940575434,0.13880159247028914
SG_008544,1,0.20760200092587494,0.20933372195808467
SG_008546,0,0.16162352614326578,0.15050261543569032
SG_008548,0,0.17545400681140472,0.17378640865751377
SG_008552,0,0.1357069917665902,0.1488247882462427
SG_008554,0,0.13824505889837743,0.14839483089632804
SG_008556,1,0.2613775325678122,0.23919772888493634
SG_008558,0,0.1555429079142365,0.22096903435656465
SG_008559,0,0.17619132614553012,0.2500365889567497
SG_008560,0,0.16106154278518697,0.13156532655029188
SG_008562,1,0.1677101201494454,0.15586190214501314
SG_008563,1,0.23553205409155453,0.19436766315390536
SG_008566,0,0.14299745021728608,0.1561587298121727
SG_008567,0,0.13345333249369828,0.1497785149160043
SG_008571,0,0.13333453155057276,0.14309054563051
SG_008573,0,0.18387816589521555,0.17625869549769194
SG_008578,0,0.1352047801935656,0.11848274103675388
SG_008579,0,0.18576320583022352,0.15079045840288652
SG_008581,0,0.1380525921920841,0.16238815999359388
SG_008582,0,0.1337144759825108,0.11819714830962973
SG_008583,1,0.17914455667159132,0.2219908506487799
SG_008584,0,0.22437065446732893,0.21816804419622982
SG_008585,0,0.10036660225182056,0.09371000332142093
SG_008587,0,0.12764105638005335,0.15429104893896609
SG_008588,0,0.15556126049804272,0.17311746516129692
SG_008589,0,0.15505478149372426,0.1623503420169148
SG_008590,0,0.11523045178675663,0.1424781526467484
SG_008591,0,0.19362709915028556,0.2452328170435416
SG_008592,0,0.09362905930683577,0.1336919831522134
SG_008593,0,0.16576498680482485,0.15592591716242735
SG_008595,0,0.2688829932750737,0.2363449412214729
SG_008596,1,0.17434394086534333,0.23911477014260302
SG_008597,0,0.11916410751626746,0.16323078826922469
SG_008599,0,0.1765526021187577,0.21527930872939446
SG_008601,1,0.19207007828741332,0.1855593245517002
SG_008602,0,0.16106154278518697,0.14385162792699951
SG_008603,0,0.2754660587817599,0.25623731281643136
SG_008604,0,0.1324270505270555,0.1438285385174799
SG_008605,0,0.1601271589783136,0.1652866255029508
SG_008606,0,0.182803502624333,0.22489436461854817
SG_008607,0,0.10513421249516096,0.08878220045204895
SG_008608,0,0.10447005756708624,0.12339467687135121
SG_008609,0,0.12356804116747534,0.14708566462871045
SG_008610,0,0.17056296217447325,0.15616787033764426
SG_008611,1,0.2408056345386204,0.22269277993153816
SG_008612,0,0.1738824804686177,0.20661128098807732
SG_008613,0,0.17380767335770483,0.18325940696048645
SG_008616,0,0.1270203956816219,0.1019306936812321
SG_008618,0,0.15391995467917094,0.1742468000696541
SG_008619,0,0.18308768151822777,0.18195734342273812
SG_008620,0,0.22477781248003778,0.20542978777060392
SG_008621,0,0.1447947175648934,0.12397145610160576
SG_008622,0,0.14741340147534066,0.11987246318401178
SG_008623,0,0.09288123103779555,0.09676411316654254
SG_008625,0,0.21954999278653442,0.2146664839017825
SG_008626,0,0.1769208028437326,0.17165482861609713
SG_008627,0,0.112270065484607,0.10588279977477816
SG_008628,0,0.12058901541784457,0.16877015660607644
SG_008629,0,0.10856284092073781,0.11612744402714317
SG_008631,0,0.14846766988502252,0.13593205794698038
SG_008632,0,0.17491221577799157,0.14454250149245024
SG_008633,0,0.176955273738759,0.16599356818971706
SG_008634,0,0.16565490524696233,0.13997733157803438
SG_008637,0,0.14753013609727758,0.18728104169965643
SG_008638,0,0.12384790967403655,0.1361428285476349
SG_008640,1,0.26118367376429624,0.20081779140441736
SG_008641,0,0.15965854926344628,0.18728396715730117
SG_008642,0,0.095958909371295,0.11537134618005154
SG_008643,0,0.1553585473888067,0.1403616196308171
SG_008644,1,0.19621601989122062,0.2132521969821015
SG_008647,0,0.13146187068578583,0.19312900713524683
SG_008648,0,0.17227786572707535,0.14544197978069026
SG_008649,0,0.19909611936384586,0.19059938739830076
SG_008651,1,0.17425654114514766,0.18514966034522634
SG_008652,1,0.3225014433951137,0.24890620905957012
SG_008654,0,0.16210974349855276,0.16042083933313783
SG_008655,1,0.18394175494711318,0.2129386071110495
SG_008656,0,0.1684379766289859,0.12777670599481458
SG_008657,0,0.29519175787616936,0.251377461944917
SG_008658,0,0.2445677509348428,0.2585923084628744
SG_008659,0,0.22012284675092195,0.17429958130436426
SG_008660,0,0.1341589201172213,0.1463458692688424
SG_008661,1,0.17305081086998447,0.2164906429019439
SG_008662,1,0.16240133031291012,0.1822036787098169
SG_008663,1,0.16648941631835096,0.17803933317613854
SG_008664,1,0.20703792959953823,0.18144861514896665
SG_008665,0,0.10342425716062512,0.12410396918563306
SG_008666,0,0.1908690225845978,0.18756221469239104
SG_008667,0,0.16631294621991566,0.1180331392402351
SG_008668,0,0.16935459916708479,0.18534516783090862
SG_008670,1,0.18089551792657174,0.25808123203682237
SG_008672,0,0.16943425153930333,0.1455152366524076
SG_008673,0,0.11230724784459731,0.11327316545364013
SG_008674,0,0.24914827023243621,0.23787290248180865
SG_008675,0,0.17044708145348053,0.19584750736404838
SG_008676,0,0.16465153683186684,0.1449360075776019
SG_008677,0,0.16130334796680568,0.15899563985576767
SG_008678,0,0.0874715780309397,0.07343729311896656
SG_008679,1,0.17156075448467656,0.16593463543639536
SG_008680,0,0.18480188882071624,0.1486938373646346
SG_008681,0,0.1286949659878425,0.13649305364489617
SG_008682,0,0.15972937616244773,0.15806924247915233
SG_008683,0,0.18340617985090987,0.23587367096333328
SG_008684,0,0.22946111602582503,0.21204954186913355
SG_008685,0,0.15890488301994776,0.1618486311052949
SG_008686,0,0.23131270233266282,0.2149047316756877
SG_008687,0,0.12656837046513175,0.10628268591041942
SG_008688,0,0.13537514413779578,0.14993051713483752
SG_008690,0,0.16928485491712356,0.18952486429669152
SG_008692,0,0.17326349873641064,0.17037063162955512
SG_008694,0,0.10284453055302113,0.11747261666061856
SG_008695,0,0.09762240298050928,0.10189803094629797
SG_008696,1,0.18497405430666355,0.21807728018579
SG_008697,0,0.19230423192885657,0.22608692420589233
SG_008698,0,0.17778458101602376,0.17828477262736875
SG_008699,0,0.23685604763224102,0.20750268353248735
SG_008700,0,0.25034108617719997,0.19056762189630783
SG_008701,0,0.1109854189267216,0.130845036926979
SG_008702,0,0.40382179121434825,0.30786579631116484
SG_008703,0,0.17727754293771703,0.1682012035389592
SG_008704,0,0.12716688786203004,0.0926007541719667
SG_008705,0,0.13469465512526724,0.13187372555333107
SG_008706,1,0.17524927958624845,0.17681748501173922
SG_008707,0,0.4199851619703943,0.30125767755520894
SG_008709,0,0.1345082048440385,0.13839556051450935
SG_008710,0,0.2163216297779028,0.170314764300558
SG_008711,0,0.13467720698961047,0.15039700388441657
SG_008712,0,0.1696493371023298,0.18809088024774936
SG_008713,0,0.17144279592312528,0.1827755152094891
SG_008715,0,0.1707605120657438,0.1615453010671293
SG_008716,0,0.13142881921203603,0.147772077194875
SG_008717,0,0.14288780679695165,0.14659776886407025
SG_008718,0,0.16602232713776055,0.1975248840215463
SG_008719,0,0.19217918555791996,0.19491658923913127
SG_008720,0,0.16106154278518697,0.09412483891865361
SG_008721,0,0.21207703661667368,0.17568764795158986
SG_008722,0,0.14172509166698624,0.16520959943883823
SG_008723,1,0.17094586011852164,0.19267177654437476
SG_008724,1,0.2626456214805014,0.22098368860055922
SG_008725,1,0.14614842461529817,0.16396450135088642
SG_008728,0,0.24177625560498733,0.21536131631232514
SG_008730,0,0.2679143742807063,0.30425536193080227
SG_008731,1,0.17566326618534073,0.19188554122403265
SG_008732,0,0.11481944737879936,0.10343087781412932
SG_008733,0,0.11655312212347355,0.1239049740181458
SG_008736,0,0.156277948879979,0.1353981619621962
SG_008738,0,0.12457762995435476,0.15958620995375303
SG_008740,0,0.16238304289923963,0.1690347581986238
SG_008741,1,0.15717168329585213,0.13402434765983096
SG_008742,0,0.1764929327972124,0.14915476132334554
SG_008743,0,0.18929949385633124,0.2992450920834843
SG_008744,0,0.14013014283555922,0.12366554652817098
SG_008746,1,0.18192625912637522,0.1753050171225081
SG_008747,0,0.21141709241245604,0.22776860892001588
SG_008748,0,0.17986281205730761,0.2246615276607072
SG_008750,0,0.17452664551854535,0.14273253314681172
SG_008751,0,0.164739389608644,0.13847322954297817
SG_008752,0,0.15767812271872314,0.14192261338267245
SG_008753,0,0.21621295288060322,0.22083148874539774
SG_008754,0,0.11528744504576299,0.15718263655581663
SG_008756,1,0.28160575660813225,0.2674985562212983
SG_008757,0,0.1768006671884196,0.1083422833472009
SG_008758,0,0.16996654435861894,0.18352495810394961
SG_008760,0,0.18387040634093985,0.20978036032935127
SG_008761,0,0.1100070207586139,0.13442579764603743
SG_008762,0,0.13326044347385743,0.10705417349688964
SG_008763,1,0.09491480466671283,0.08360225976404241
SG_008764,0,0.17376359001906233,0.16443932044058884
SG_008765,0,0.28381293329648427,0.2140247461779009
SG_008767,0,0.16297112570825134,0.1934765854116176
SG_008768,1,0.12661521690607438,0.1072497905373888
SG_008772,0,0.12841550937791554,0.12233156358191417
SG_008775,0,0.17266556467355534,0.18109081948761604
SG_008778,1,0.2480573246383123,0.25047235020631403
SG_008779,0,0.10765324669107729,0.13878306236550794
SG_008781,0,0.16106154278518697,0.10424310757039498
SG_008783,0,0.1655016065621399,0.10877492878194542
SG_008786,0,0.20286653111438616,0.19442357598366755
SG_008788,1,0.15744178524107544,0.1388673389330801
SG_008790,1,0.17119177103095243,0.16947296567184303
SG_008791,0,0.13238007106416583,0.1921061329686482
SG_008792,0,0.14593321270376264,0.17410283223311382
SG_008794,0,0.15584502965246616,0.1639148446263791
SG_008795,0,0.18078665899519275,0.14831699001374812
SG_008796,0,0.13484631173297687,0.12121956245645717
SG_008797,0,0.16390843219390655,0.10695560105758752
SG_008799,1,0.1679373157901418,0.15255472418935528
SG_008800,0,0.1277956132996931,0.10850812430218845
SG_008801,1,0.16653060505237416,0.1474553560170261
SG_008802,0,0.16928377216509385,0.17262367226173947
SG_008803,0,0.16310089705691824,0.14469667983371623
SG_008804,0,0.1385509774190423,0.12394316811442598
SG_008805,1,0.20752546863543667,0.20216845056707303
SG_008806,0,0.1825001725993995,0.21058386881425076
SG_008807,0,0.17314296031658125,0.18038667826160035
SG_008808,1,0.17303008926654714,0.1874976886218136
SG_008809,0,0.11588802574005343,0.13430756210047073
SG_008811,0,0.13173811425171925,0.08350611696781331
SG_008812,0,0.17715157843664484,0.1865295059130427
SG_008813,0,0.3129065047679391,0.30134545199801477
SG_008814,1,0.22997907932529732,0.2690616850517963
SG_008815,0,0.10878050275151956,0.1595504121509314
SG_008817,0,0.1489888698431988,0.18887013594961438
SG_008818,1,0.1747428590613074,0.19131242968837822
SG_008819,0,0.19615926150701843,0.18503608830489054
SG_008820,0,0.21274982333706854,0.2683647550584277
SG_008821,1,0.07664796522927983,0.07676858616823069
SG_008822,1,0.15941005568359418,0.1386633084242678
SG_008826,0,0.20581141284006177,0.18924228012188646
SG_008827,0,0.1679291393187544,0.17831778936726633
SG_008829,0,0.16990143911895014,0.19680895598848938
SG_008830,0,0.16488176582034855,0.13885165619729095
SG_008831,0,0.18549689062962127,0.26408314789419063
SG_008832,0,0.16106154278518697,0.09059810244286307
SG_008833,0,0.12428536526481622,0.14426319169962026
SG_008834,0,0.2175148553012829,0.21553353614264772
SG_008835,1,0.21561677654576236,0.22923447643788383
SG_008837,0,0.2438221690833489,0.2195079500182797
SG_008838,0,0.18432187632498145,0.20738837220170775
SG_008842,0,0.1131958385641262,0.1047774315406412
SG_008846,0,0.1720363502888419,0.16749599145191826
SG_008847,0,0.17535624493248833,0.14567413163134657
SG_008848,0,0.16356885055268092,0.15511461377413954
SG_008851,1,0.1290093126187033,0.11625470507994086
SG_008852,0,0.15800819878102784,0.19627854710297676
SG_008854,0,0.1753985830901968,0.160540885891414
SG_008856,1,0.17287640120075487,0.2319853065080833
SG_008857,0,0.21798996951479668,0.21465511821169544
SG_008858,0,0.19902625800273663,0.17704146899874332
SG_008860,1,0.1770847655258926,0.20315247348672372
SG_008861,0,0.17139193876280764,0.20987454616495724
SG_008863,1,0.11040534216959003,0.10088143961817675
SG_008868,1,0.167943566430546,0.14024481485373083
SG_008870,0,0.14184692666198148,0.1363540367130096
SG_008871,0,0.20666797288750322,0.2134661422652713
SG_008872,0,0.1263205163902762,0.1686293105041085
SG_008873,0,0.15311726594244074,0.14134212178107255
SG_008874,0,0.16873964978294717,0.13654180184788753
SG_008875,0,0.17759007488441056,0.17355852262664623
SG_008877,0,0.177592166875245,0.1662311089506907
SG_008878,0,0.18559142884985874,0.17058130924121273
SG_008879,0,0.15658776274947706,0.16117684348259645
SG_008880,1,0.14317363455985574,0.1387054989881505
SG_008882,0,0.09070274369536747,0.10787162858842496
SG_008884,0,0.11376702234003105,0.17514379678028527
SG_008885,0,0.21642864375703416,0.2533098449861741
SG_008886,1,0.17697916863737223,0.16398416564220097
SG_008887,0,0.14320004502627395,0.14339244686088168
SG_008890,0,0.18734454270502193,0.20719152207884683
SG_008891,1,0.15688746788115585,0.1800664394190825
SG_008892,0,0.21278026080084828,0.20079469337708575
SG_008893,1,0.18159997934516728,0.1779369939016724
SG_008894,0,0.21192057264310563,0.22946801464291186
SG_008896,0,0.13620832106575043,0.13469932917972469
SG_008898,0,0.11810532472035772,0.1381862536554344
SG_008899,1,0.13090921854770754,0.1935389407005552
SG_008900,0,0.16418010523846005,0.1906583673992374
SG_008902,0,0.19165283742928282,0.23775142158185242
SG_008903,1,0.20302132830728511,0.22449918219512047
SG_008904,1,0.16024982760451223,0.17191360349075333
SG_008906,0,0.12475988047205566,0.14966150155761945
SG_008909,0,0.17334428102683186,0.25813390116893914
SG_008911,1,0.19011501409471612,0.22185260784936967
SG_008912,1,0.18101606546165702,0.1567966971376959
SG_008915,0,0.11581433366521682,0.14448461502060808
SG_008916,1,0.14109729784732988,0.16589429648217313
SG_008918,0,0.1823628979738973,0.19516134901986673
SG_008921,0,0.16584867852698665,0.12390232983942523
SG_008922,0,0.23568520630936282,0.19765372944653178
SG_008923,0,0.09835721614826877,0.11275549002927575
SG_008924,0,0.10762332400514613,0.10812105106869771
SG_008928,0,0.2288482358765813,0.23593884120414568
SG_008929,1,0.17429832881388757,0.17548206291239346
SG_008931,0,0.10898841697917055,0.09499592548902759
SG_008933,0,0.19547600057080677,0.2867760354634806
SG_008935,0,0.1538490278644237,0.10968476493153877
SG_008936,0,0.09932355283267191,0.11583038653598852
SG_008938,0,0.16599595989766847,0.162542577376915
SG_008939,1,0.2075408976992039,0.20188278346754773
SG_008941,0,0.16893869953891721,0.22079572633963984
SG_008942,0,0.18746630116817103,0.19161126048026333
SG_008944,0,0.15163828699450044,0.159552792771775
SG_008945,1,0.20079984865931938,0.20376977432562515
SG_008946,0,0.16648582908426454,0.22142344966432634
SG_008948,0,0.19187762898980956,0.227785517268691
SG_008949,0,0.12241020406082176,0.12445228364179281
SG_008950,0,0.17835577355825538,0.2496471280949722
SG_008951,0,0.1609506343753561,0.2039666745641817
SG_008952,0,0.17516981953453084,0.1543156668491118
SG_008953,0,0.2135049165958038,0.2005788802315477
SG_008954,1,0.16390843219390655,0.11170771885188181
SG_008956,0,0.2511962951421029,0.19307933427046756
SG_008957,0,0.13950273157905646,0.19087452074314204
SG_008958,1,0.17407814141120573,0.13438683682999109
SG_008959,0,0.18744235011936786,0.2057666544203651
SG_008961,1,0.2144676989698856,0.1778333184004904
SG_008963,0,0.17503294078511464,0.19405411522723795
SG_008967,0,0.16914740234721615,0.14435866543168674
SG_008968,1,0.20860954813045934,0.18638564972993008
SG_008969,0,0.16790527119623902,0.16105362753745958
SG_008970,1,0.2416316294243263,0.2598902930564834
SG_008973,0,0.1132274047125756,0.14744717648394476
SG_008974,1,0.27286211858165943,0.2494909601144238
SG_008975,1,0.187895482629854,0.2082711127887206
SG_008977,0,0.17412305051948437,0.1999928441104314
SG_008979,1,0.13115368642779182,0.10456026718568216
SG_008980,0,0.16106154278518697,0.11550687226246113
SG_008981,0,0.1725502503206261,0.14567602341185043
SG_008982,1,0.11923702623663718,0.14531411185349954
SG_008984,1,0.15791702371229344,0.19065518046346722
SG_008985,1,0.1777093385506007,0.1657813664381344
SG_008986,0,0.08824881174111114,0.10727120246328245
SG_008987,0,0.16838956603768207,0.1672202691330546
SG_008988,0,0.13024177429460992,0.12125507118969717
SG_008991,0,0.24527827490638102,0.2615302409586072
SG_008992,0,0.11672850830649589,0.108163452915262
SG_008993,1,0.16504456638863652,0.11350894767157019
SG_008995,0,0.1488451339212463,0.17262629273475377
SG_008997,1,0.17259738683218614,0.19126017574119525
SG_009000,0,0.13591569637631434,0.15292599708242777
SG_009002,0,0.228212587156006,0.17326024526572126
SG_009003,0,0.14318061817067437,0.15412553759749498
SG_009004,1,0.2013153314466215,0.21143539687321156
SG_009007,0,0.11176989811317496,0.11665054931299082
SG_009008,0,0.23295052396295912,0.3001316522069037
SG_009009,0,0.1911214500505617,0.18070680817315907
SG_009010,0,0.23887149531179216,0.19275781592456834
SG_009012,0,0.16259368780289757,0.11234790591817911
SG_009013,0,0.17470558542788917,0.19697215659854864
SG_009014,0,0.1454813832692264,0.16773809364502895
SG_009015,0,0.16675809477230297,0.14726277231067073
SG_009016,0,0.16106154278518697,0.0629952658985405
SG_009019,0,0.15449571657005634,0.1547457126636884
SG_009020,0,0.11710396816488737,0.12262582337465765
SG_009021,0,0.13656421116902878,0.11793095360385712
SG_009022,0,0.2151984137700472,0.21267213821377873
SG_009023,0,0.16510061896981215,0.2097454540376228
SG_009024,1,0.27631665025743735,0.23665509308088706
SG_009025,0,0.17243239785989237,0.1687384052500121
SG_009026,0,0.16259368780289757,0.11870260521086345
SG_009027,0,0.19250512270118866,0.14708836940975922
SG_009028,1,0.17481486670990315,0.21147308510060372
SG_009029,0,0.1644681553863803,0.17308693462315725
SG_009030,0,0.1049197933180783,0.11497721923050587
SG_009031,0,0.2546858296688407,0.23308268305232327
SG_009033,0,0.10771030212908791,0.12080649438242894
SG_009035,0,0.13141271475974206,0.16064905443412464
SG_009036,0,0.09366980179072078,0.105822188593827
SG_009037,0,0.22292318305799982,0.22395614461122745
SG_009038,1,0.13341515673607937,0.10912132951552324
SG_009039,1,0.20137271870847626,0.19301026350139536
SG_009040,0,0.16154988489366087,0.19064358929616274
SG_009041,0,0.1494766221559043,0.2025383252287195
SG_009042,0,0.1754788046876132,0.15001057685601496
SG_009044,0,0.1230614713883962,0.11891900091521082
SG_009045,0,0.17060980681752727,0.20378026392394413
SG_009046,1,0.33634886636327155,0.30936530357392195
SG_009049,0,0.1474173053808677,0.11240291340442829
SG_009050,0,0.2881648316392215,0.2502497450560436
SG_009051,0,0.19634135542551256,0.20215356485134378
SG_009052,0,0.15384816397543657,0.14756290850859913
SG_009054,1,0.2293878563672977,0.21545855388808238
SG_009056,0,0.19722324320310614,0.17871166264506913
SG_009057,0,0.14600816757009508,0.1697310443272962
SG_009059,0,0.1684549823051084,0.18791546160582917
SG_009060,0,0.16106154278518697,0.13944048417753804
SG_009061,0,0.16583274990177407,0.19786864592830541
SG_009062,0,0.16465153683186684,0.1169883752075414
SG_009066,1,0.13869680820044455,0.12583844959836055
SG_009067,0,0.164996190892824,0.13116942341396373
SG_009068,0,0.18616305747313608,0.19708335478162153
SG_009071,1,0.2554600281923228,0.24356792018478374
SG_009073,0,0.16259368780289757,0.15649905411777384
SG_009074,0,0.1705966699767492,0.16486845687855095
SG_009076,0,0.10807489609793444,0.12082723058798917
SG_009077,0,0.15262207580606205,0.1419048113776689
SG_009078,0,0.172377520997017,0.2366612540347463
SG_009082,0,0.12384904880132601,0.15991057148115506
SG_009084,0,0.13595320846293116,0.10561131907687028
SG_009086,0,0.13547513794017516,0.18540573468564203
SG_009087,0,0.17404866205495112,0.15843830122529162
SG_009088,0,0.12473330742201179,0.09923696198356792
SG_009089,0,0.23518667109151575,0.1823448048484076
SG_009090,1,0.26805731332159866,0.21307539431966652
SG_009092,0,0.20110906101659767,0.2170299338609002
SG_009094,0,0.14012674151693974,0.15407769261504858
SG_009095,0,0.1740046249882381,0.19911879266171956
SG_009096,0,0.2362958224247831,0.25634384286228074
SG_009097,0,0.1705799187499562,0.2199984351599763
SG_009098,1,0.19901959403581934,0.22263072626012526
SG_009099,0,0.08084658659978303,0.10176382203856449
SG_009101,0,0.18914110820622643,0.16249133016431283
SG_009102,0,0.1503589269921031,0.1568150037887368
SG_009103,0,0.16745382119342883,0.1692753160959995
SG_009104,0,0.15637264660135042,0.1951414356107498
SG_009105,0,0.25000322850229745,0.22074924641489388
SG_009106,0,0.2010403945724694,0.21301336806693053
SG_009107,1,0.217883036938616,0.21894740049765604
SG_009108,0,0.1359411558672014,0.17101963870845993
SG_009110,1,0.1634183356175074,0.16436362286341208
SG_009111,0,0.17580206642193205,0.1573190584244409
SG_009112,1,0.17187957335670626,0.15368436507661154
SG_009113,0,0.24619999051945882,0.25060802552876543
SG_009114,0,0.13753076824997104,0.11293420643830383
SG_009116,0,0.20564519891958,0.18643934574759652
SG_009117,0,0.166828275642775,0.1367142723796537
SG_009118,0,0.13277443784622198,0.10593462653452199
SG_009121,0,0.11282528033733175,0.11047859582579077
SG_009122,0,0.11169351621928308,0.15682313446421187
SG_009125,0,0.18013150199307898,0.25734634573473186
SG_009126,0,0.09831321724323384,0.14993031860231756
SG_009129,0,0.10387786899681213,0.0819703843089794
SG_009130,0,0.1685193661357665,0.15332028791247213
SG_009131,0,0.13989055986773746,0.11853380900642677
SG_009132,1,0.24916415299936084,0.22299472183758084
SG_009133,1,0.285412994434336,0.2793906211771274
SG_009134,0,0.1983672279147766,0.1766831070671246
SG_009137,0,0.17175925045279045,0.18298498344142156
SG_009138,0,0.16259368780289757,0.08411368120514075
SG_009140,0,0.15585836053166616,0.1672923500771373
SG_009141,0,0.13560462692356898,0.14349489728013926
SG_009142,1,0.11565728065639687,0.14824318270808431
SG_009143,0,0.26889221499302185,0.18798676822843616
SG_009144,0,0.18450219249938452,0.2146075550642071
SG_009145,0,0.17585841905068084,0.17083476311348317
SG_009148,0,0.1351756501621214,0.08053045543310701
SG_009151,0,0.16259368780289757,0.17053083165907326
SG_009154,0,0.1335221379485015,0.11670345069293206
SG_009155,0,0.16439080725087463,0.14208586549150903
SG_009156,0,0.2589667010187319,0.2357554676405065
SG_009157,1,0.15455815293181394,0.10660798434827792
SG_009158,1,0.18601228999228808,0.20828741098103074
SG_009160,0,0.15098917205583792,0.14889276043345306
SG_009161,0,0.14596196593987992,0.13805712351258229
SG_009162,0,0.16451408793841468,0.12027858719260336
SG_009163,0,0.1072928941824319,0.12449090927686071
SG_009164,0,0.08982023564940095,0.0916973547821601
SG_009165,0,0.13871240922651976,0.12018477453968521
SG_009166,0,0.20173392682342767,0.18075547340559991
SG_009167,0,0.10282717931668525,0.11016216040193587
SG_009171,0,0.17828736355325855,0.17061220149869044
SG_009173,0,0.1691744182370737,0.14869563190537854
SG_009174,0,0.18646863090348745,0.20643803376569006
SG_009175,0,0.13675034535017025,0.1408700458586365
SG_009177,1,0.13046109965982727,0.12153311295246266
SG_009178,1,0.18753229511478162,0.22839697592578448
SG_009180,0,0.167292544711013,0.21803467748450395
SG_009181,0,0.2594249396253328,0.21877316683436562
SG_009182,0,0.15638666934388265,0.1445579160891684
SG_009184,0,0.1394091437650087,0.13582044796366988
SG_009185,0,0.08141451121749695,0.10527945622945604
SG_009186,1,0.1636192555688964,0.20321984761985695
SG_009187,0,0.16683951507725417,0.16289339314839077
SG_009188,1,0.24988472015503804,0.225705209743298
SG_009189,1,0.13647622094171488,0.11110197860589689
SG_009190,1,0.22887167440343964,0.20307335658667858
SG_009191,1,0.16471126354962623,0.1847729908365245
SG_009192,0,0.11790976997448203,0.11583738015828592
SG_009194,0,0.1447651507290756,0.1421393113660998
SG_009195,0,0.15100232352188864,0.12329854390017714
SG_009197,1,0.20483778203364136,0.19220860839690104
SG_009198,0,0.10948401515746381,0.13286423576491285
SG_009200,0,0.35247253938603845,0.24066213398821115
SG_009201,0,0.1395268822169429,0.1318932916913847
SG_009205,0,0.12525159237614725,0.10767554438132834
SG_009208,0,0.1750706816149057,0.14960077864783292
SG_009211,0,0.16967506749882058,0.1377790783229784
SG_009212,0,0.1475952586560814,0.14610026155175646
SG_009213,0,0.14506211234126837,0.14006629024850836
SG_009215,0,0.17344891592501163,0.16482697743931163
SG_009216,1,0.15716644039355576,0.20657964113666322
SG_009217,0,0.13109795570876873,0.15307315676685615
SG_009218,0,0.0804701492568021,0.0927555406367152
SG_009219,0,0.16106154278518697,0.09935388114073017
SG_009221,1,0.18941367902124592,0.2265570883131939
SG_009222,0,0.11691318141827171,0.1409676824160945
SG_009227,0,0.17378286456012326,0.17987569473107837
SG_009228,1,0.13741646956117326,0.1319541759274066
SG_009231,1,0.12510985612667744,0.1571934375112866
SG_009232,0,0.15944410846613366,0.18443383275372213
SG_009233,0,0.164618786254912,0.10283744433221588
SG_009234,0,0.10265900844898694,0.11188081195136497
SG_009235,0,0.13834277768499176,0.14514726471715172
SG_009237,1,0.19430807685177634,0.17098978405875873
SG_009238,1,0.17630042914850316,0.2875889631555723
SG_009239,0,0.24005471043604912,0.24877383744431508
SG_009240,0,0.14942203705104937,0.2100036175991893
SG_009241,0,0.15200883560092415,0.18180838112588754
SG_009243,0,0.1734189732405313,0.19322356893700934
SG_009244,0,0.23356738333394866,0.22036269382203877
SG_009245,0,0.16092229041463307,0.12742247387743622
SG_009247,0,0.1252925201615302,0.1678448992711431
SG_009248,0,0.1750519068669949,0.19318920408610235
SG_009249,0,0.18120317570208427,0.17753212818798714
SG_009251,0,0.1408337886148499,0.12569349286913606
SG_009252,0,0.22784257839158206,0.25256607281859106
SG_009254,0,0.27349449738460185,0.2447470327497016
SG_009255,0,0.09390369628551845,0.07646983296062855
SG_009256,0,0.16200501294645242,0.16994316287163133
SG_009257,0,0.15570294312530228,0.13113534374569102
SG_009258,0,0.15005731049724902,0.12419647033357821
SG_009259,0,0.17974826214243855,0.22407072550948126
SG_009260,0,0.1280399192818564,0.14134093719096785
SG_009261,0,0.13114469482014368,0.1083594141973788
SG_009262,0,0.11630887935639432,0.1158654803314885
SG_009263,0,0.12927804663599105,0.15382294201741759
SG_009264,0,0.30764970967125455,0.2694099589840651
SG_009265,0,0.16266709250497258,0.12971289527585841
SG_009267,1,0.16540380961686765,0.1778622809803963
SG_009269,0,0.1564331538311666,0.15279145189189638
SG_009270,1,0.16834549955918987,0.13254459977097172
SG_009271,0,0.21339951003103486,0.18982432674639174
SG_009275,0,0.19547814735158034,0.1614019161960475
SG_009276,0,0.1676541222093875,0.14029284528491387
SG_009282,0,0.20131025293298596,0.16784044367500997
SG_009283,0,0.16971019606860913,0.2099411922620979
SG_009284,0,0.15707025122471027,0.13659807891632894
SG_009285,0,0.1782583441566281,0.16167781023532207
SG_009286,0,0.17684030039734944,0.19351800964786214
SG_009287,1,0.1179448301886574,0.1352279260150486
SG_009288,0,0.14409519519812425,0.17858094172918687
SG_009291,0,0.1964739035118705,0.29479182492793266
SG_009292,0,0.1982050918883431,0.15670177364968715
SG_009293,1,0.21936000478200618,0.24063661296168956
SG_009294,0,0.13099108104890494,0.12421992192591572
SG_009295,0,0.14780916979237294,0.11680623362555549
SG_009296,0,0.1458148012180749,0.10177171965779822
SG_009297,0,0.13513481379108624,0.11946421324269228
SG_009298,0,0.14506701151301302,0.16640775240820713
SG_009301,1,0.09978360656840342,0.10953998322947159
SG_009302,1,0.1776525434927761,0.16577300199883682
SG_009303,0,0.14695736353042585,0.15019441617538487
SG_009304,0,0.13079009228038488,0.14633843793545306
SG_009306,0,0.21613232524141038,0.21575395013964757
SG_009308,0,0.19844269094124561,0.1954969653239623
SG_009309,0,0.1842278002402919,0.24771800695650326
SG_009310,0,0.17196614327553045,0.18818111491451583
SG_009311,0,0.1452592052419875,0.149162678156886
SG_009312,0,0.10703470680507145,0.09993871378537733
SG_009313,0,0.16372433126349115,0.1674262782002429
SG_009314,0,0.09797819407637094,0.10889448658823728
SG_009315,0,0.18767663656021785,0.23428178563349045
SG_009316,0,0.16705229673053681,0.14211161435498473
SG_009317,0,0.1795668057906626,0.17002506365848358
SG_009318,1,0.17449223580857756,0.2286162324166047
SG_009320,0,0.1331335982292823,0.13882006640795494
SG_009321,0,0.17686039058637565,0.16828009780097047
SG_009322,0,0.21440754967987125,0.1341062380887585
SG_009323,0,0.11405999584975593,0.10045923566222992
SG_009324,0,0.1696546477825425,0.1904597192021506
SG_009325,0,0.10937762239360559,0.10748986587632924
SG_009326,0,0.17035027376819623,0.14642045895172281
SG_009327,1,0.17840285520087057,0.20961352263973052
SG_009329,0,0.2110697681874579,0.1696142534613808
SG_009330,1,0.19745138371723403,0.2185844515176869
SG_009331,1,0.1661865186297077,0.1346721744066942
SG_009332,0,0.2023910307225029,0.2601465752641584
SG_009334,0,0.17980861853503433,0.2215115794835482
SG_009336,0,0.15732889947076306,0.172167946279046
SG_009337,0,0.1761247026885401,0.20950911458732246
SG_009338,1,0.16291565939499444,0.1731394972668724
SG_009339,0,0.09619497803899732,0.10102558804969368
SG_009340,0,0.13677831705820906,0.14274577428621898
SG_009342,0,0.1670880125316468,0.14083271888314797
SG_009343,1,0.11720852415186883,0.15538463178334933
SG_009344,0,0.13902610074716515,0.1630169548610018
SG_009345,0,0.16243353843399916,0.16891103411418062
SG_009346,0,0.09034896435498292,0.11230044155609739
SG_009348,0,0.13197440159746207,0.15417658251037186
SG_009349,0,0.1329039847067296,0.1316658788244826
SG_009350,0,0.16080278686671393,0.1608503905794492
SG_009351,1,0.179279081662206,0.1796904049987791
SG_009352,0,0.14553241325976418,0.17437896090055638
SG_009353,1,0.15333646216227537,0.1816056887434298
SG_009356,0,0.15308688709710289,0.1658897597743115
SG_009358,0,0.12082248010977667,0.09850039807742773
SG_009359,0,0.1045375890807454,0.1032854087091237
SG_009360,0,0.14404653201316137,0.16340095896436702
SG_009361,0,0.1108787440899498,0.09111137542712398
SG_009364,0,0.15206948400370432,0.13071403819993574
SG_009368,0,0.13815476564866197,0.12649553410465764
SG_009369,0,0.16973922334319838,0.1687324142696546
SG_009371,0,0.09362293442667902,0.11010546556166527
SG_009372,0,0.14655372264181676,0.15154281154750263
SG_009373,0,0.10096621866374977,0.14427071135916442
SG_009374,0,0.14014290056219678,0.13181244551714363
SG_009375,0,0.21615895285773676,0.1714508319830251
SG_009376,0,0.13584919497287776,0.17133376729704639
SG_009377,0,0.18884895181445455,0.17964452645134965
SG_009378,0,0.11615464745932738,0.13458210252148223
SG_009379,0,0.16883538995258288,0.204376299291814
SG_009380,0,0.09995420534003896,0.059208486686912046
SG_009381,0,0.16989465946808308,0.17427988286715804
SG_009382,0,0.13274561876731225,0.12416591891248181
SG_009383,1,0.13360727552405346,0.10308410919002303
SG_009384,0,0.16887408836958348,0.12533987453024678
SG_009385,0,0.14498512722665047,0.15923029605466973
SG_009387,0,0.2035863966200347,0.23514256312344253
SG_009388,0,0.13611591523666855,0.1402542637283383
SG_009389,0,0.1694480573640192,0.17396458906133705
SG_009390,0,0.1656179557865151,0.189859074453815
SG_009391,0,0.1376716515928257,0.12515070045420612
SG_009393,0,0.13440502818756478,0.11741103442153554
SG_009394,0,0.18356849034985198,0.2090575325053488
SG_009395,0,0.14510221199624918,0.17933278184621232
SG_009396,0,0.16805970697898648,0.13203254911108636
SG_009397,1,0.184459948163691,0.15286383571186335
SG_009399,0,0.13487971954316288,0.14420886506829905
SG_009401,0,0.16349558546952295,0.17548722655176793
SG_009405,0,0.22867985368806745,0.2406620159853057
SG_009414,0,0.18132857911363037,0.21842478737213478
SG_009416,0,0.1668591835657388,0.1221723018421432
SG_009418,0,0.1829537158717078,0.15500117440556518
SG_009420,1,0.17850291992334158,0.1893448806664992
SG_009421,0,0.11101452256174706,0.18381470954384335
SG_009422,0,0.17817258410170486,0.18876737288519307
SG_009423,1,0.2805093015159945,0.26137708990014924
SG_009424,0,0.14769181554315833,0.1867744135194696
SG_009428,1,0.16259368780289757,0.11311098396501619
SG_009430,0,0.21591882187970188,0.19856418231336112
SG_009431,1,0.27002263642372126,0.219774444479466
SG_009432,0,0.13549997961237661,0.1600208779576875
SG_009433,0,0.20399868906091306,0.1771302956419334
SG_009435,0,0.19276343257938777,0.1852910888853536
SG_009436,0,0.2253194785376898,0.1971157026650979
SG_009437,0,0.13424400883218518,0.17740321605178264
SG_009439,0,0.15741258840382277,0.1668362523091553
SG_009440,0,0.17556073845226652,0.1826724783747657
SG_009443,0,0.1329079228337625,0.12139737811751754
SG_009448,0,0.12332115070188517,0.13884097965972375
SG_009450,0,0.1353451090669205,0.15938863433368256
SG_009451,0,0.16500116877769508,0.11555099088357154
SG_009452,1,0.27226883385450706,0.3483643063416746
SG_009453,0,0.1486389086372651,0.15718293233428784
SG_009454,0,0.16832733009730416,0.14168311925067414
SG_009456,0,0.13643966175211558,0.13847526196523788
SG_009457,0,0.20630989158132745,0.241281918261919
SG_009459,1,0.17347884253203583,0.2252208411071845
SG_009460,0,0.1145184689249343,0.10584114861590366
SG_009463,0,0.33252129944463715,0.24864742975235246
SG_009464,0,0.116402841427829,0.12581730293865578
SG_009465,0,0.1351980959434602,0.14234778768245787
SG_009467,0,0.2498842781228898,0.19507089790040466
SG_009468,1,0.24862534252694846,0.22452283813905646
SG_009469,0,0.1420056224647865,0.18175606464427674
SG_009470,0,0.18029964822084785,0.16491986399578276
SG_009471,0,0.10814409826520055,0.1495589697018049
SG_009472,0,0.05942404636241281,0.06563744656073023
SG_009474,0,0.16979876783832673,0.161467953784319
SG_009475,0,0.1651630362739087,0.14804655838234676
SG_009476,0,0.13231960735706122,0.17962698658163742
SG_009477,0,0.1305844312251821,0.13196717415047773
SG_009480,0,0.17533121305560292,0.17218200730108874
SG_009482,1,0.18454012766007266,0.2809168433775619
SG_009483,0,0.1756446930922244,0.16213603253162925
SG_009484,0,0.1489254126354775,0.15302278612362638
SG_009486,0,0.16697995022521644,0.15085890247119846
SG_009487,1,0.13950541208256295,0.13716926976594965
SG_009488,0,0.16106154278518697,0.18645930510993783
SG_009489,0,0.25685620254091474,0.2521133129605507
SG_009491,0,0.1263200893656834,0.13376625931710381
SG_009492,0,0.14593193320665707,0.1345796944614826
SG_009493,0,0.1121472546942075,0.11495527557778981
SG_009494,0,0.22929633506124214,0.2222567131737953
SG_009495,1,0.1693246398170632,0.17008622555665018
SG_009497,0,0.16998165417082356,0.1647509156547298
SG_009498,0,0.1631269054349134,0.17296146822285555
SG_009499,0,0.3029467335757027,0.23859564652855797
SG_009501,0,0.1845197678775592,0.17518127631809258
SG_009503,0,0.14312508633505372,0.1125390679531302
SG_009506,0,0.1326190220436561,0.15126644055831898
SG_009507,0,0.16595236607780295,0.12497237260072748
SG_009508,0,0.17816309210679274,0.2182185270742051
SG_009509,1,0.18996658809290443,0.17512365428484264
SG_009510,0,0.17585308849477926,0.211271199656747
SG_009511,0,0.16544543882433935,0.20264523294369038
SG_009512,0,0.16595236607780295,0.15445532843868873
SG_009513,0,0.1207543785041451,0.1345713040357972
SG_009514,0,0.1695269778178466,0.1792094262855927
SG_009515,1,0.17732830769560062,0.16711821355580014
SG_009517,1,0.29444253813061605,0.3810287983368029
SG_009520,0,0.25687924166447257,0.18735758873192346
SG_009521,0,0.14269942772147481,0.10965047967524683
SG_009522,0,0.1135397847273409,0.1448509086297499
SG_009523,0,0.16560653640339665,0.17203599585188337
SG_009524,0,0.14093318831544585,0.16713428707321085
SG_009525,0,0.10102474045616473,0.09462395725528652
SG_009526,0,0.16455928688054192,0.11666330896299458
SG_009527,0,0.1405947210346776,0.15324864976717098
SG_009531,1,0.1637704611093948,0.17472497482720584
SG_009532,0,0.1797367756075259,0.2126973162881604
SG_009534,0,0.17049654575537418,0.12845760229253045
SG_009535,0,0.2126032644938196,0.22278076794069396
SG_009536,0,0.17208739778619936,0.18947741759245126
SG_009538,1,0.14336101179783806,0.14567930765360065
SG_009542,0,0.2647204512426829,0.21128897446610698
SG_009543,0,0.20147195885757094,0.1811807349404471
SG_009545,0,0.14771296739721884,0.13468664911993888
SG_009546,0,0.11606483552900237,0.1157877188558478
SG_009547,0,0.15259544608672423,0.13639751978735665
SG_009548,0,0.1711460330469425,0.20980612037096985
SG_009549,0,0.12586263692281327,0.10568870410074206
SG_009550,0,0.1668739781867742,0.1754638749953954
SG_009551,1,0.26836846015134264,0.23543640398931914
SG_009552,1,0.20691525291607,0.20881324349141756
SG_009553,0,0.13784134295557893,0.13382609137355586
SG_009554,0,0.25326698995448715,0.24484120936228265
SG_009555,0,0.16259368780289757,0.1716758998371444
SG_009557,0,0.13126008573517028,0.08902649462071235
SG_009559,0,0.16106154278518697,0.11915861032003752
SG_009560,0,0.13151876524769468,0.12499194604985384
SG_009561,0,0.1324045355447952,0.11249658464472707
SG_009562,0,0.16860828258696833,0.1585614658186214
SG_009563,0,0.13113945730971313,0.11256096463598426
SG_009564,0,0.1728200326198004,0.249588726316438
SG_009565,1,0.18529304010577952,0.19457253441677017
SG_009568,1,0.17140180949513265,0.16870901106288883
SG_009570,1,0.23008633324893565,0.2349248317855169
SG_009571,0,0.18756085731573924,0.13030633855056106
SG_009572,0,0.25553934243327936,0.3030508499506028
SG_009574,0,0.1761197724510082,0.19122747627872091
SG_009575,0,0.14794667219750876,0.15694736705662274
SG_009576,1,0.2554066038898154,0.28297909324536774
SG_009578,1,0.3218009401618915,0.26855279301369284
SG_009579,1,0.17606759968501912,0.1973902771553073
SG_009580,1,0.21225895297203373,0.19926557724751143
SG_009583,0,0.09331575971046636,0.09395624150031408
SG_009586,0,0.17626996069675113,0.171576972672637
SG_009587,0,0.14551166517441372,0.13771673958917544
SG_009588,1,0.1839834446920908,0.1575445804463441
SG_009590,0,0.13495289944780464,0.10599398435780148
SG_009591,0,0.1765556831791364,0.16505485682693571
SG_009594,0,0.14170474918714718,0.14929970582489405
SG_009595,0,0.18978706430374168,0.1771583829990192
SG_009596,1,0.1830334989718921,0.24462969790290875
SG_009597,0,0.11184825402899906,0.1222681524770122
SG_009598,0,0.12280789218055432,0.12758169483233997
SG_009599,0,0.10280386948528665,0.11135944230114277
SG_009600,0,0.14880187948793877,0.1807185544232905
SG_009601,0,0.1206995011340913,0.11604180871913469
SG_009603,0,0.1650857101918763,0.2144898242919605
SG_009604,0,0.2342729390909856,0.2716063271005904
SG_009605,0,0.16106154278518697,0.07867106712506877
SG_009606,0,0.11355636928972324,0.10711039678820647
SG_009607,0,0.14099147136147264,0.13209441390590834
SG_009608,0,0.1547317573575082,0.13659239671755416
SG_009609,1,0.1912683933803923,0.15893572440201478
SG_009610,0,0.21060260575853312,0.2061235004151305
SG_009611,0,0.14892473203808915,0.1676549056477728
SG_009612,1,0.12033876270280197,0.1224073403491089
SG_009613,1,0.07561307124102087,0.1008797964013593
SG_009615,0,0.16076055320520422,0.1632368970807813
SG_009617,0,0.08975809891978419,0.1104794946756076
SG_009621,0,0.10592582850262257,0.11827238596113396
SG_009623,0,0.12856283142173233,0.14862388546094935
SG_009624,0,0.15659931392789792,0.2152156517626691
SG_009625,0,0.22320791082106808,0.22615963845055462
SG_009626,0,0.17731791167321687,0.18485158465493376
SG_009627,0,0.15197680369630542,0.1503880055311629
SG_009628,0,0.16999437176851653,0.13396010628766172
SG_009629,1,0.23802698967542987,0.22945674527866597
SG_009631,0,0.15540188112980843,0.14742156720162852
SG_009633,1,0.20666350646544673,0.1740605226773797
SG_009634,0,0.272781846463986,0.24216718364987191
SG_009635,0,0.19423648195955873,0.18666168995772464
SG_009636,1,0.14368969384410069,0.18910748594075788
SG_009637,0,0.19239749043709276,0.20847042972043955
SG_009638,0,0.16671910130384043,0.16031243759895294
SG_009640,0,0.22133780556119512,0.20609817159228683
SG_009641,1,0.1243463880982588,0.1691817550336574
SG_009642,1,0.3308424811162096,0.2659975274372399
SG_009643,0,0.17234531088573748,0.2659842143024931
SG_009644,0,0.21811418172102584,0.18171501907121734
SG_009645,0,0.14029677110780434,0.11468897026044417
SG_009646,1,0.15428594339265647,0.15995717955693614
SG_009647,0,0.21211779821233998,0.2285497884300799
SG_009648,0,0.11566104316487717,0.18441797213203892
SG_009650,0,0.13617338200512477,0.10427113087681966
SG_009652,0,0.10522584969159125,0.11532548992695245
SG_009653,0,0.09627171864970675,0.11017858263730029
SG_009654,0,0.1805481685853275,0.23380773278709782
SG_009655,0,0.1766791909591721,0.1980193319816267
SG_009656,0,0.1886187289038019,0.23323370339605556
SG_009657,0,0.17949637849171077,0.1997881213557101
SG_009658,0,0.11751635756866892,0.07503912945188723
SG_009659,0,0.1806694543223991,0.16491206955224358
SG_009660,1,0.2130950049491114,0.1885787602493979
SG_009662,1,0.21859490174506085,0.18741839082509112
SG_009663,0,0.17327962995768612,0.169417411811104
SG_009664,1,0.11979320443111426,0.11770415681122134
SG_009665,0,0.18892809870565547,0.21714433960166882
SG_009666,1,0.17504345719184242,0.2003200082302195
SG_009667,0,0.12978091875563863,0.15364568429499045
SG_009668,0,0.17519346552176115,0.18637029005271466
SG_009669,0,0.13519682146873938,0.16804861793406012
SG_009672,0,0.1692310912119088,0.2253952726848838
SG_009673,0,0.1262984772778625,0.14032610261354578
SG_009674,0,0.16609225344788528,0.19136124676375893
SG_009675,0,0.09500220806512488,0.10510081880636835
SG_009676,1,0.1522696543943355,0.18608517420150736
SG_009677,1,0.334478239031183,0.2877619123603741
SG_009678,0,0.28695879333584573,0.323475650047956
SG_009680,0,0.12349757057686675,0.1101710740785242
SG_009682,0,0.08888542513607983,0.0971466084804747
SG_009684,1,0.27469693939730605,0.23390724792129783
SG_009685,0,0.07932042717435255,0.09966806677240278
SG_009686,0,0.17072555169059547,0.1998131061938527
SG_009688,0,0.17231308327136835,0.16586467122108936
SG_009689,0,0.1422218977840125,0.17483363605153385
SG_009692,0,0.20257220123381647,0.16489874216375092
SG_009693,0,0.2572555938358782,0.29264216093824336
SG_009695,0,0.17356196946115887,0.17971108151234966
SG_009697,0,0.14670143959251575,0.14125204498147392
SG_009698,0,0.23704899261669096,0.2105230044493275
SG_009699,0,0.16766663492594436,0.21772258711899387
SG_009700,0,0.168611902427833,0.1700946837903989
SG_009703,0,0.24138348125062375,0.21645078398661083
SG_009704,0,0.1489257012324696,0.15192033917981104
SG_009705,0,0.12651709397242075,0.17338944633783834
SG_009706,0,0.2193832546753785,0.20030384849230068
SG_009708,0,0.16259368780289757,0.13766633949529772
SG_009709,0,0.19360730332047063,0.19212713003448306
SG_009710,0,0.16683347257243192,0.17102328900482533
SG_009711,0,0.20614673393521,0.2059145480512461
SG_009712,1,0.16822728217572702,0.17468851775594954
SG_009713,1,0.13045562716889042,0.11844913500248501
SG_009714,0,0.14806752152248884,0.13462855729736642
SG_009715,0,0.12978754012430815,0.1339303250975936
SG_009717,0,0.09823678348188078,0.11426804876742398
SG_009719,0,0.1194857449593043,0.16278680458509195
SG_009720,0,0.28760241919366514,0.2060282548361289
SG_009721,0,0.15473105768353204,0.15813161984571522
SG_009722,0,0.1883379191794602,0.17444414281782972
SG_009723,0,0.16276318905655815,0.08073324426628867
SG_009724,0,0.2151478723039224,0.19351210658651594
SG_009725,0,0.14021792767848051,0.11506678060082522
SG_009726,0,0.15147122007251337,0.14745405054872462
SG_009728,0,0.15415545365585193,0.12660191903742082
SG_009729,0,0.11203870440338681,0.2124656802595774
SG_009730,1,0.28344708819035136,0.23755026495591805
SG_009731,0,0.11086448946007342,0.12471165036369823
SG_009732,1,0.28498065916688325,0.22408030393716163
SG_009733,0,0.1761291402019465,0.17054439397027463
SG_009734,0,0.10385237371113747,0.11699558087828073
SG_009735,0,0.15796668563824603,0.11995547667612612
SG_009737,0,0.13538514286504497,0.13307206988075035
SG_009738,1,0.18769520339415638,0.20795628692718385
SG_009739,0,0.21930167452944732,0.1507576179570845
SG_009740,0,0.17788085273507495,0.1854453554035873
SG_009742,0,0.21066734593398476,0.19456836016157616
SG_009743,0,0.16595236607780295,0.13008292378971043
SG_009745,1,0.15535808631905837,0.15440446119131984
SG_009748,0,0.1837323042885039,0.1854599666039483
SG_009749,0,0.17723952014461164,0.17523110428652722
SG_009750,0,0.24939038993638526,0.24584637421718222
SG_009752,0,0.12378264489822934,0.12218610757385194
SG_009753,0,0.17498491580675768,0.2086385342641962
SG_009755,0,0.11646601036825466,0.11770349387712331
SG_009756,1,0.1535844372335387,0.15077356822756588
SG_009758,0,0.13398977800172499,0.1501294455869485
SG_009761,0,0.17306650929728926,0.12596745476327148
SG_009764,0,0.3225906197012263,0.33424749802545034
SG_009765,0,0.20834249652131026,0.22241383149311347
SG_009767,0,0.14829007259056431,0.1633351651260036
SG_009768,0,0.16106154278518697,0.0888776591331844
SG_009769,0,0.1720756468259329,0.1327646305806816
SG_009770,0,0.2311847880800739,0.2521501133920731
SG_009771,0,0.13695261453665525,0.23076414389905925
SG_009772,0,0.12520235940415575,0.11221594844557163
SG_009773,0,0.20715958340670446,0.21233571103235008
SG_009774,0,0.16106154278518697,0.07522125203908601
SG_009775,0,0.1922653491462576,0.17292958546327827
SG_009777,0,0.14941897972974574,0.13680961040344636
SG_009779,0,0.16470562244867998,0.12261976536242063
SG_009781,0,0.3133281287511736,0.28409065532457173
SG_009784,0,0.13871101722201956,0.11549170346704485
SG_009787,0,0.16106154278518697,0.05774156918405881
SG_009788,0,0.17013031227138503,0.14233076907751166
SG_009789,0,0.15175324723569905,0.13247165456236107
SG_009790,0,0.1536549602522341,0.18514495802891562
SG_009792,0,0.16106154278518697,0.14246256419775935
SG_009793,1,0.2018185912561211,0.1714482814841311
SG_009796,0,0.15950175162387675,0.1401162372298772
SG_009797,0,0.24204100873371137,0.28194122042699443
SG_009798,0,0.29316928572307727,0.25719845656757645
SG_009801,0,0.17766687275869017,0.11114974465539154
SG_009802,0,0.10853594413857308,0.1070736561845052
SG_009803,0,0.21627419449940172,0.20077654926703742
SG_009804,0,0.18820429210112427,0.20243437357195387
SG_009805,1,0.16902471189860604,0.14268601182916793
SG_009806,0,0.13092348892279218,0.16804371945981877
SG_009807,0,0.09850779367835646,0.10145061085246541
SG_009808,0,0.14435068290745506,0.17889751476180477
SG_009809,0,0.14984352398575526,0.134121605662732
SG_009810,0,0.1796017604224615,0.18636462431512263
SG_009811,0,0.16259368780289757,0.11668723592549188
SG_009812,0,0.1384571630809817,0.16234088472135746
SG_009813,0,0.17762091319787227,0.1707719653895144
SG_009815,0,0.14315821541912196,0.10519651527804333
SG_009816,0,0.16404366868724804,0.14707232992672628
SG_009817,0,0.1186565199708676,0.09585818497941674
SG_009818,1,0.24278174366378832,0.22176433474357424
SG_009820,0,0.16826372016839614,0.14838439807503626
SG_009821,0,0.18598533506170117,0.1931243823484055
SG_009822,1,0.13941390043075622,0.14587943415955038
SG_009823,0,0.09641490533743889,0.11262973800088152
SG_009826,0,0.17138218939142974,0.2010418618017454
SG_009827,0,0.1409905962120886,0.13017800286264436
SG_009828,0,0.2402623805399013,0.19199975610962103
SG_009830,0,0.18177232034224472,0.22248585757669936
SG_009831,0,0.15821244982097063,0.16103252182875843
SG_009832,0,0.1353728455736158,0.10621468530020621
SG_009833,0,0.19855143905334302,0.18901516557445386
SG_009835,0,0.13064381994753985,0.12169982671438592
SG_009836,0,0.20899961545771664,0.22040912655128334
SG_009839,0,0.14750314737131506,0.13388265870577803
SG_009840,0,0.09219000756195765,0.10341274278480471
SG_009841,0,0.1440198509617086,0.13167699731827892
SG_009842,0,0.13802471516922543,0.12578335721737433
SG_009844,0,0.3020548827871654,0.25573649233341567
SG_009846,0,0.1755747402071848,0.2286591747268796
SG_009847,0,0.11988752992991163,0.1278489458156446
SG_009848,0,0.11535566873452786,0.12548531168092034
SG_009849,0,0.18368899493345014,0.20087494072383108
SG_009850,0,0.2765936443802865,0.24584444983684017
SG_009852,0,0.10831017536062185,0.13180569163443662
SG_009853,0,0.23368028904217522,0.17671522141656099
SG_009854,1,0.13065791083593936,0.11181199532883274
SG_009857,0,0.17199539530808733,0.1887392955792681
SG_009858,0,0.13066958031563478,0.16632580589224014
SG_009859,0,0.1486936234806127,0.16790225913353024
SG_009860,0,0.31387029330434163,0.2169413939751387
SG_009861,0,0.0918955492736171,0.07023396004402419
SG_009863,0,0.17774598249953658,0.20973151081523683
SG_009864,0,0.2883325041637348,0.22710774352493426
SG_009866,0,0.1197007628943679,0.1416894648198267
SG_009871,0,0.11505233482166258,0.10523513596223116
SG_009872,0,0.2339059705988507,0.15607401251752698
SG_009873,0,0.1695420062138393,0.22188745237284757
SG_009874,1,0.18898877930117083,0.18298378104344173
SG_009879,1,0.17750482350103558,0.21249099492952114
SG_009882,0,0.2381938480369213,0.25658740228746546
SG_009883,0,0.2070232003653094,0.15203529690789935
SG_009884,0,0.1663672847411459,0.1667676879998574
SG_009885,0,0.27222100589381043,0.25490656306789045
SG_009886,0,0.10909982091251648,0.13984700693353405
SG_009887,0,0.141089913180775,0.1645415430577848
SG_009888,0,0.13235157568639216,0.08825280541501335
SG_009889,0,0.142172086030383,0.1409368727496771
SG_009890,0,0.2058667402996574,0.21638858949362139
SG_009891,1,0.20612906163811467,0.22912443587852283
SG_009892,0,0.17754052031747092,0.16868602135638588
SG_009893,0,0.15117116765036415,0.14242095531990323
SG_009894,0,0.1978511927991717,0.38903868576874134
SG_009896,1,0.1684940470867701,0.2262936392392584
SG_009897,1,0.11037889235971912,0.14521985903152623
SG_009898,0,0.23388963564061632,0.2236011014690526
SG_009899,0,0.13928371541763548,0.1666580029738777
SG_009900,0,0.14099607715251083,0.17345410703979341
SG_009901,0,0.20449010307126378,0.20348867230170417
SG_009902,0,0.1784626292160075,0.17717237429595398
SG_009903,0,0.13027581435897978,0.15621714184523283
SG_009904,0,0.12209303768846197,0.11075658292874362
SG_009906,0,0.23740085877429506,0.23152525335236446
SG_009907,0,0.18029111927141234,0.18079930239408953
SG_009908,0,0.15504432557699907,0.16362730619171148
SG_009910,0,0.32391262447919134,0.2925267516454563
SG_009911,0,0.3700900682601881,0.3175515724447306
SG_009912,0,0.16541970922870128,0.14015710387473249
SG_009913,0,0.17312252373119238,0.21081936505235238
SG_009915,0,0.1696998752908864,0.1485372341709691
SG_009917,0,0.12324449292561462,0.1349151058045154
SG_009918,1,0.15201033583334356,0.1550568307637166
SG_009919,0,0.0885494630018335,0.12740238210336374
SG_009920,0,0.1092442082546902,0.10884942804528468
SG_009922,1,0.27987442045311434,0.2112206971500834
SG_009924,0,0.21184376086939857,0.20011939311711519
SG_009925,0,0.16627453864188146,0.12546401697641466
SG_009927,0,0.1901159047834207,0.15983568298424564
SG_009928,0,0.12359744850975538,0.09757079711225536
SG_009930,0,0.18482685050815673,0.2638241846962902
SG_009931,0,0.17516365613083995,0.2100345887973075
SG_009934,0,0.17159559361565768,0.1280470218281939
SG_009938,1,0.1554875240998621,0.18869459133136715
SG_009939,0,0.18566681813277264,0.20764824691302616
SG_009940,0,0.1587650383368248,0.19018240479794554
SG_009943,0,0.2050346236840238,0.18677838009868117
SG_009944,0,0.20477242118217034,0.2058790353359964
SG_009945,0,0.1832807751189475,0.14695363040086018
SG_009946,0,0.17435720524481274,0.18682033426585873
SG_009947,0,0.20385737415220284,0.23791391164352188
SG_009948,0,0.22632355483255498,0.16620533925376302
SG_009949,0,0.16522984318505227,0.0899408242973794
SG_009950,0,0.12423379666828432,0.1520297344910567
SG_009951,0,0.16106154278518697,0.13054517187045672
SG_009952,0,0.17144730641480982,0.1497162501175743
SG_009954,0,0.23015586892736703,0.208060980312416
SG_009955,0,0.17155171345576575,0.13564973613332565
SG_009957,0,0.21134799295550052,0.1576401460571493
SG_009958,0,0.17752219061055974,0.1660865654489475
SG_009960,0,0.22173426599324272,0.1977256862327924
SG_009961,0,0.16796901821710886,0.16045454326870745
SG_009962,0,0.10405584539705022,0.11410182148311486
SG_009963,0,0.26023706610265485,0.34228214833813525
SG_009965,0,0.09651508655214097,0.16902229807591024
SG_009966,0,0.1508268765225683,0.19231158147907754
SG_009967,1,0.23028961926338126,0.21767277109973984
SG_009968,0,0.17684557039686397,0.13710652450127125
SG_009969,0,0.14752334728430516,0.15538148530208098
SG_009970,0,0.1793745772981756,0.20512953883975238
SG_009971,0,0.1717634575782179,0.20837418256592086
SG_009973,0,0.21958627125966476,0.22594709624097256
SG_009974,0,0.16106154278518697,0.12363109088611547
SG_009975,1,0.1359964311762399,0.17861626638517408
SG_009976,1,0.1919895012311648,0.18252845101338097
SG_009978,0,0.1792537724330986,0.23566069847287613
SG_009980,0,0.12493662143084949,0.16974480187094357
SG_009981,0,0.14082773426203735,0.12142213937212187
SG_009983,0,0.09802392303658233,0.0931259050781694
SG_009984,0,0.14752259603394038,0.17542242893478993
SG_009986,0,0.1533578499790304,0.1545969254715864
SG_009988,0,0.10577944415103913,0.1175153274576627
SG_009990,0,0.1259108802091032,0.17841957401472164
SG_009991,0,0.2948557489921438,0.2740961575913989
SG_009992,0,0.24429975578972132,0.3158552608647042
SG_009994,0,0.15610387101264744,0.1647432095144725
SG_009995,0,0.16889096832550762,0.17478709462759637
SG_009996,0,0.1328998586483757,0.09960071166907612
SG_009998,0,0.24140801352120642,0.17876194228085665
SG_010000,0,0.21886870561622296,0.16198448074892643
SG_010001,0,0.16728621154644013,0.1479774305648549
SG_010003,0,0.22400221574187204,0.22031232924642638
SG_010004,0,0.22261901226465688,0.2454403895690577
SG_010005,1,0.16616390726582178,0.21026987541330783
SG_010006,0,0.1296694284791995,0.13988185407155465
SG_010013,0,0.14100961947871277,0.13947062277398178
SG_010016,0,0.22875732778368135,0.22436249844641729
SG_010017,0,0.18909312321697805,0.18386553730104518
SG_010018,0,0.20320310309888256,0.20611138256463996
SG_010022,0,0.16573406091570408,0.07175289042946283
SG_010023,0,0.17023205236363623,0.21630193334192133
SG_010026,0,0.14963900071338315,0.1619459828046681
SG_010027,0,0.16106154278518697,0.10009541300062501
SG_010028,0,0.11144610455342714,0.13481662826907906
SG_010029,0,0.14509678085145303,0.2042233056755215
SG_010030,0,0.15183872289969894,0.19465301398292778
SG_010031,0,0.21016238118764166,0.17362590665224864
SG_010032,1,0.1759577514702849,0.22330337430839317
SG_010033,1,0.1621521865402603,0.16052549886803097
SG_010035,0,0.16807644649904027,0.16900780551813296
SG_010036,0,0.12624645283825303,0.12577751064146628
SG_010039,0,0.24812670284482713,0.2620615093566529
SG_010040,0,0.1834352126724119,0.23951782612877284
SG_010041,0,0.19861675515453137,0.16558219682386566
SG_010043,1,0.11923289414286967,0.11960152413886858
SG_010044,0,0.1649770419563865,0.1014181975757024
SG_010046,0,0.15560762074288453,0.17259787186847533
SG_010049,1,0.18757223604866327,0.21724332612955122
SG_010051,0,0.14613135776664357,0.15768868578633716
SG_010053,0,0.16603121168783405,0.1537482933810605
SG_010054,0,0.18219223852313146,0.33007965779165443
SG_010055,0,0.19302798932106888,0.23620254726786244
SG_010056,0,0.20666448395819753,0.1919353957361655
SG_010057,0,0.1550014781063296,0.1734061550730094
SG_010059,0,0.1374904881275655,0.12489899449709987
SG_010060,0,0.318226584425073,0.3166566736348749
SG_010062,0,0.17134912530434293,0.15594268533570654
SG_010063,1,0.1016136785382376,0.11274109226596221
SG_010064,0,0.12139263317138015,0.1522077383125179
SG_010065,0,0.1252296984468809,0.12401571707251997
SG_010066,0,0.1623721621339012,0.1971754026802188
SG_010067,0,0.1869483814629855,0.2168069964815317
SG_010070,0,0.3681234455035626,0.3105787990725037
SG_010071,0,0.19066077249651225,0.18749323020446002
SG_010072,0,0.14540648294933017,0.11945492018455707
SG_010073,1,0.20595633226285684,0.23419846518546428
SG_010075,0,0.1982833950405631,0.2244606562868711
SG_010076,0,0.1703496251889755,0.22347337024362723
SG_010077,1,0.16682211457315518,0.21852129566232018
SG_010079,0,0.13636348753390198,0.14567695801469333
SG_010080,0,0.16135972783997396,0.15686413805348612
SG_010082,0,0.1685283998361022,0.13621422926993604
SG_010083,0,0.14802760192608266,0.15990241630875152
SG_010087,1,0.16157216587186363,0.16981113132549833
SG_010089,0,0.16742548774183388,0.1670662013059988
SG_010090,0,0.16259368780289757,0.1446484537559385
SG_010093,0,0.17909638426808502,0.24810121289936424
SG_010094,1,0.14106068155882523,0.12042518985336739
SG_010095,0,0.24610845015305427,0.19762689761551033
SG_010096,0,0.11476896995672163,0.13758491128758976
SG_010097,0,0.13563437822919336,0.15170633169627548
SG_010098,0,0.13559746289140692,0.10236972407291313
SG_010100,0,0.12946372893503075,0.08119020725545982
SG_010102,0,0.13289748551332792,0.1125565169103503
SG_010105,0,0.17700366541192536,0.17957663791944758
SG_010107,0,0.17171834092669683,0.1685925867168229
SG_010108,0,0.17696300411497742,0.17344119913619685
SG_010110,0,0.22177445957724845,0.2146999016336011
SG_010111,0,0.09953695096212807,0.10119391172007534
SG_010112,0,0.14814456440736448,0.13514952543045414
SG_010113,0,0.15146291801576417,0.17003061044026674
SG_010114,0,0.15853650791928536,0.15969089323409216
SG_010118,0,0.10218650248730166,0.10901161413105424
SG_010119,1,0.14187724982804756,0.1862667223636269
SG_010120,0,0.17194561583673745,0.13644365991816143
SG_010121,0,0.12818997262631246,0.10246941844979908
SG_010122,0,0.135700101973915,0.14569467028973007
SG_010124,0,0.1766523791524575,0.2487979479127489
SG_010125,0,0.11396653796699599,0.13102735272056418
SG_010126,0,0.16096823673269878,0.18498628911142698
SG_010127,0,0.10841524666193582,0.09260280916450768
SG_010128,0,0.1889481270765532,0.27783486767749216
SG_010129,0,0.1707951590687106,0.14632787615659137
SG_010131,0,0.16259368780289757,0.1025127224946725
SG_010133,0,0.13302639878990288,0.15205604312030865
SG_010135,0,0.15182756766049105,0.18298087543051275
SG_010136,1,0.1646317221911559,0.11274560689296774
SG_010137,0,0.1684007505324921,0.12205584499019506
SG_010138,1,0.1460826495978423,0.19386391844646395
SG_010139,0,0.22145155176302767,0.20598586330391655
SG_010140,0,0.21489806159310634,0.20624521233540832
SG_010141,0,0.14719092903100423,0.17076101946889
SG_010143,0,0.164461687487527,0.12109826491778845
SG_010145,0,0.1253147299154084,0.16253437987539507
SG_010147,0,0.23406437606352518,0.20516195329995796
SG_010148,0,0.19629218554410302,0.22984572635409845
SG_010149,0,0.11982644154364472,0.13164291876979214
SG_010150,0,0.10506057554535274,0.10773979092517214
SG_010152,1,0.15745861041329393,0.21830787111541972
SG_010154,0,0.16720184873720875,0.1911308293153388
SG_010156,0,0.1708761932851156,0.13368194015955429
SG_010158,0,0.24389874739941275,0.21901095800971546
SG_010159,0,0.11542912462297383,0.1460827039660636
SG_010160,0,0.19069834631898006,0.23238047917994636
SG_010161,0,0.1677022198131614,0.1604367945892153
SG_010162,0,0.14942715859044814,0.12542856290203663
SG_010163,0,0.12873565542068344,0.13742657738996794
SG_010164,0,0.11830390867992092,0.1080427032268695
SG_010167,0,0.1794171936144743,0.21676408460180602
SG_010168,0,0.17471807072532186,0.16642439988570987
SG_010171,0,0.17912774012409613,0.17734464496706348
SG_010177,0,0.10801967356696243,0.091485636098841
SG_010178,0,0.175635174765569,0.2687495511242274
SG_010179,0,0.12363769441797588,0.07859721928222956
SG_010180,0,0.31400834633447294,0.277160059163104
SG_010181,0,0.17032410571753515,0.1884020874399997
SG_010185,0,0.16840940826531892,0.23734872668324355
SG_010186,0,0.15643792081759217,0.14773608900228646
SG_010188,0,0.1467950037661668,0.1531338506185735
SG_010189,0,0.16970147302789232,0.16453020635408483
SG_010190,1,0.2319067819461108,0.2208473888219201
SG_010191,1,0.18185194199070698,0.27584709273781916
SG_010192,0,0.16697995022521644,0.1635642702941905
SG_010193,0,0.1443745964659743,0.1591766771143933
SG_010194,0,0.11201278769794183,0.12095648881749893
SG_010196,0,0.1941034008412546,0.3194902048258091
SG_010197,1,0.18149126464531448,0.20917975857253962
SG_010201,0,0.13397066739153124,0.08139382576758879
SG_010202,0,0.1412488266135792,0.11938194255706439
SG_010203,1,0.2238989177866057,0.23957431837776014
SG_010205,0,0.13627681855322502,0.14043105454671453
SG_010207,0,0.16259368780289757,0.1175231332929877
SG_010211,0,0.175306491526169,0.17824358082165154
SG_010212,0,0.07159977219738783,0.06756158753876351
SG_010214,0,0.18381476595393406,0.16160186580106228
SG_010215,0,0.27926034055084653,0.26636979220791784
SG_010216,1,0.14187549546191008,0.1979404965161952
SG_010218,0,0.16791949390098795,0.18595132166076944
SG_010219,0,0.14067956705786894,0.12088553480126311
SG_010220,0,0.121653791644945,0.12327828926228315
SG_010221,0,0.14768786228749034,0.1427779354587358
SG_010222,0,0.2764153133886684,0.2252139491046226
SG_010223,0,0.1704994417702975,0.2284674420753291
SG_010224,1,0.20241966479747017,0.18918442566605426
SG_010225,0,0.16528490795527265,0.16377682619887082
SG_010228,0,0.31829410693933824,0.23872298289006505
SG_010229,0,0.14701223032487185,0.16773265419657304
SG_010230,0,0.171064827497772,0.20113996232108206
SG_010231,0,0.15711664340285206,0.15721466194202938
SG_010232,0,0.1378928503889235,0.15853226061288292
SG_010233,0,0.10897203827857922,0.1082474817432554
SG_010236,0,0.1890989822933761,0.20331786702430568
SG_010237,0,0.19603366363514446,0.21149867096912855
SG_010239,0,0.16565406731755994,0.12208585319475355
SG_010240,0,0.3460888436809121,0.3272568392611925
SG_010244,0,0.20998279553105761,0.23485936025382892
SG_010245,1,0.1470306572983332,0.18534478020277378
SG_010247,0,0.11397163177024983,0.112083070656
SG_010248,0,0.20357213796864898,0.2685297590966703
SG_010249,0,0.1252804311777973,0.12011888179818465
SG_010250,0,0.17447388369026928,0.21181711733367362
SG_010251,0,0.1880786726174154,0.20517624772227727
SG_010254,0,0.22672674566866158,0.2088001289398806
SG_010255,1,0.17922851043471869,0.20750373288208057
SG_010260,0,0.17734861113433043,0.2256332588883919
SG_010262,0,0.14019942717218345,0.14273681897667484
SG_010264,0,0.16742896531034376,0.11815887416476623
SG_010266,0,0.18846962973356474,0.21835056392063837
SG_010268,0,0.14800927363239696,0.13790025126611696
SG_010269,0,0.2163523098069314,0.17275169059957582
SG_010270,0,0.12030291007929284,0.11295763542459626
SG_010272,0,0.11977477198015371,0.11694468508084746
SG_010275,0,0.20471394633386597,0.20893213004462116
SG_010276,0,0.15422664248092052,0.16835389256018568
SG_010278,1,0.2066851173435782,0.2377047101581792
SG_010279,0,0.12111408272598288,0.15157530730946847
SG_010280,0,0.12614830002363855,0.1323222126564566
SG_010281,0,0.19643107397171408,0.21465226952319288
SG_010282,1,0.21828952436588267,0.16680152502500803
SG_010283,1,0.15614458421755242,0.16893685715877518
SG_010285,0,0.19036469715852256,0.15543403859555263
SG_010289,0,0.23767311468024088,0.26189207969669465
SG_010290,0,0.18123398635284588,0.16237123144963506
SG_010291,0,0.2251203822145557,0.20385334714652398
SG_010292,0,0.29815056721786315,0.28918789952489166
SG_010295,0,0.12857340854504637,0.1655837156353963
SG_010296,1,0.14889471548818664,0.14326616219485466
SG_010297,0,0.16259368780289757,0.17521022288037474
SG_010299,0,0.13649278642790366,0.12429011525596946
SG_010300,0,0.13775652786953319,0.11240119239921098
SG_010301,1,0.25726704435428815,0.2161052717546465
SG_010302,0,0.1904098090794281,0.1700438227211386
SG_010303,0,0.09846782882815554,0.06801872171946138
SG_010304,0,0.16259368780289757,0.10935818191186228
SG_010305,0,0.16495476567615386,0.09148024457655332
SG_010307,0,0.11423743493760291,0.09769273057049599
SG_010308,1,0.17599461533525348,0.2889332227408501
SG_010309,1,0.15614412116928464,0.17511197961570266
SG_010310,0,0.18039074287608706,0.17440090067554812
SG_010311,0,0.10313229841456814,0.1200051926864843
SG_010312,0,0.1468998807890269,0.16124359515833395
SG_010314,0,0.17398527683107642,0.21811680293060298
SG_010317,0,0.20177436925891765,0.22158627316748114
SG_010318,0,0.11246652907688982,0.11000622139168706
SG_010321,0,0.14735781170762044,0.15251065585208778
SG_010324,0,0.09055964523812532,0.12134268644486766
SG_010325,0,0.16920881637866605,0.1740817911443087
SG_010327,0,0.1568472897133067,0.15072484855191035
SG_010331,0,0.22656024455256119,0.2697118739021861
SG_010333,0,0.13748039705198384,0.13954999420751946
SG_010334,0,0.194968044999731,0.19940338466127405
SG_010335,0,0.267978784034629,0.2850840362925502
SG_010337,0,0.22030851349898764,0.2337422901216463
SG_010338,1,0.17483578732887733,0.22635580787570952
SG_010339,0,0.13681321360217372,0.13217109758089754
SG_010340,0,0.1531295201198024,0.17641879222540208
SG_010341,0,0.14014850091514156,0.09641668264577515
SG_010342,0,0.16856350621025645,0.13195083609422104
SG_010343,0,0.26352020887872246,0.19938186358525864
SG_010345,0,0.24248808407929479,0.2581922808790034
SG_010346,1,0.17842976088459872,0.20956602778580355
SG_010348,0,0.16610225409769772,0.1807121063076033
SG_010349,0,0.07822274286635347,0.09406943672556731
SG_010351,0,0.17626445270639357,0.18781796631708872
SG_010353,1,0.14553643979330053,0.16348101492566106
SG_010355,0,0.19953275047213143,0.1923315874810312
SG_010356,0,0.15726666653228807,0.1688750422340636
SG_010357,0,0.16833610079960815,0.1624965173979477
SG_010359,0,0.1964078931296913,0.2243002184590124
SG_010360,0,0.1722186605260038,0.16600609319528106
SG_010361,0,0.16645398371560033,0.15269735745878096
SG_010362,0,0.16546917560158053,0.1548428508306613
SG_010363,1,0.18882593039567871,0.1996222681071811
SG_010364,0,0.1541361693591822,0.1802731331211323
SG_010365,0,0.17819020351843315,0.16313478980145854
SG_010366,1,0.17871569135127544,0.21042364671787248
SG_010367,0,0.1545443950721149,0.1438431950655826
SG_010368,0,0.1763733593023411,0.16735500021064464
SG_010369,0,0.13392193926324644,0.15545525191393836
SG_010370,0,0.14948972582580472,0.12409441668565835
SG_010372,1,0.08466536414924836,0.10982804436037485
SG_010374,0,0.1435414749283539,0.14972750206187524
SG_010375,0,0.16898138971800356,0.15864431777151627
SG_010376,0,0.1326070122291136,0.09909449715937771
SG_010377,0,0.15073263765781547,0.17139576928937317
SG_010378,0,0.20711428534386692,0.18651211959074046
SG_010380,1,0.16203001520457758,0.1556083826522768
SG_010381,0,0.17315300576555243,0.1505703676102094
SG_010382,0,0.21846695475128391,0.21103752120527877
SG_010383,0,0.27306271239291546,0.22662470481375643
SG_010384,0,0.14367164859382686,0.15497006846366929
SG_010385,0,0.11123338165042428,0.0730671852167663
SG_010387,0,0.16647892598899727,0.1317802671252761
SG_010388,0,0.19495505635198856,0.23743529238689637
SG_010389,1,0.15198512193486655,0.1858819669242179
SG_010390,0,0.24472712380824355,0.2900848334974157
SG_010391,0,0.11195009087890849,0.1480920741183904
SG_010392,0,0.20470469105755296,0.1919326927667503
SG_010395,0,0.1810190948859853,0.1340265484853175
SG_010396,0,0.13952627890233474,0.15919148318537168
SG_010397,0,0.09690323994365185,0.11665309976460289
SG_010398,0,0.18834101775206316,0.19720225004620687
SG_010400,0,0.18314484259178845,0.181967908827174
SG_010402,0,0.15149902892303693,0.14133945660000508
SG_010403,0,0.19443455045565808,0.18625661273441196
SG_010405,0,0.12341832570722971,0.1434302542227394
SG_010408,0,0.19283487960819268,0.17168683176190946
SG_010410,1,0.1548534444585197,0.1570099183774218
SG_010411,1,0.16602066433283783,0.16536324694997714
SG_010413,0,0.10919399981231392,0.1333384511252876
SG_010414,0,0.16631250583741802,0.13292990848317973
SG_010415,0,0.1672110436161295,0.15020848047467814
SG_010416,0,0.14462954723326757,0.13266511313582383
SG_010417,0,0.22364394739823348,0.23715088303610804
SG_010419,0,0.18281220578915666,0.17353777530835893
SG_010421,0,0.13828000284540662,0.1324587026539681
SG_010422,0,0.2075523975759036,0.20379332833744487
SG_010423,0,0.14524032968979686,0.12994421197083744
SG_010426,1,0.1934120740339643,0.18901170659388716
SG_010427,1,0.1976712672289902,0.19711936794747045
SG_010429,0,0.16326094386040546,0.22699187027514686
SG_010432,0,0.18390724074566908,0.17498535542423793
SG_010433,0,0.17925109595015756,0.1802882124336251
SG_010434,0,0.13519806056691644,0.14931744746509076
SG_010436,0,0.15431117072967931,0.15938914992653427
SG_010437,1,0.18636238578978762,0.19028756553688356
SG_010438,0,0.1432699734938529,0.1698474769343022
SG_010439,0,0.22435050027039924,0.19357283659024985
SG_010440,1,0.17684433455898754,0.23063301851686321
SG_010441,0,0.14486486637906792,0.11465016469616271
SG_010443,0,0.08990155131187054,0.10778655933324822
SG_010444,0,0.19668390691397403,0.19802821538308069
SG_010445,0,0.2969682057102691,0.3795433709586563
SG_010446,1,0.2568334566323124,0.26875360044446334
SG_010447,1,0.11439860999094775,0.14156268700289346
SG_010448,0,0.0666494828302443,0.08239132291022581
SG_010449,1,0.15671213489873792,0.1547358852352918
SG_010450,0,0.14203664168911848,0.13897089016686098
SG_010451,0,0.16259368780289757,0.10504308635572793
SG_010452,0,0.25031807928053684,0.2272091483174624
SG_010453,0,0.10977761415061944,0.13817119190314045
SG_010454,0,0.19756019797533553,0.16921400003318288
SG_010456,0,0.19107444540055976,0.2431046218720631
SG_010457,0,0.17302632435809612,0.20448764227810226
SG_010458,0,0.15363045224718894,0.2015848526785985
SG_010463,0,0.14816721275462175,0.1523616890789729
SG_010464,0,0.23013624658483314,0.23898059917041253
SG_010466,0,0.19886610782965944,0.17478564289954415
SG_010468,0,0.1457459269292684,0.15502479485513967
SG_010471,0,0.16814619540970735,0.14698508930256013
SG_010473,1,0.13946011301050418,0.15972421087922678
SG_010474,0,0.16452215086497757,0.11182105980848808
SG_010476,0,0.14542216060219482,0.138884086286465
SG_010478,1,0.15061646751171728,0.14289555213725796
SG_010479,0,0.1643327301803195,0.1336216122308854
SG_010480,1,0.17136543001203852,0.1544614072911158
SG_010484,0,0.17568367160510878,0.19243154928867656
SG_010488,0,0.10763019399014398,0.11431118139711882
SG_010489,0,0.21556179247016743,0.17293600717328225
SG_010491,0,0.15030789384969676,0.12407503873171163
SG_010494,0,0.17010012874762412,0.18570230349370703
SG_010496,0,0.1736067307873833,0.17848858664814848
SG_010497,0,0.09420218911982842,0.12423403877638137
SG_010500,0,0.16827644736820627,0.2795880172309131
SG_010502,0,0.1661494274233548,0.1999251730197921
SG_010504,0,0.15356355941440925,0.13798192957251976
SG_010508,1,0.17261393935307304,0.16370180045491534
SG_010511,0,0.17458860146910318,0.1709938716649801
SG_010512,0,0.20323193910447399,0.20192257233712915
SG_010513,0,0.11780373938968682,0.13047781581166604
SG_010514,0,0.12513927171261352,0.12338175798603691
SG_010516,1,0.10671942817986287,0.11790572751559528
SG_010519,0,0.11180101488564868,0.14122548317827757
SG_010520,0,0.16621356425922937,0.11350483319992148
SG_010521,0,0.22229923507069604,0.19477361845407157
SG_010522,0,0.16710307478743394,0.14931669909917356
SG_010523,0,0.14997853595901944,0.19084810498204074
SG_010524,0,0.15921377260392813,0.21014936976283405
SG_010525,0,0.23867232295571927,0.2000367675244104
SG_010526,1,0.2176317048354272,0.23898659957200233
SG_010527,0,0.0995874028667869,0.0930566078459085
SG_010528,0,0.1142579338763615,0.11100861784159154
SG_010529,0,0.16470435074402473,0.16314780238192644
SG_010530,0,0.16662240703344,0.10626319785711363
SG_010532,0,0.15452098946862552,0.167368549154242
SG_010533,0,0.263844988312714,0.27755729278278995
SG_010534,0,0.33075243127785786,0.29873082651220373
SG_010535,1,0.18087040436592383,0.20326811150472493
SG_010536,0,0.20110580997883468,0.1726350573628137
SG_010537,0,0.15035596579989224,0.18775607238127537
SG_010538,0,0.17591962043557074,0.19262752911688405
SG_010539,1,0.20782448512733373,0.21711613833436894
SG_010540,0,0.14864780409259393,0.15565491813782192
SG_010541,0,0.14132067845993285,0.15008246710924172
SG_010542,0,0.12606466623053375,0.13001764897138798
SG_010543,0,0.10289110202723079,0.1276939249902774
SG_010544,0,0.26030779637992696,0.21796082380144804
SG_010545,0,0.17394792053718,0.17038983580924585
SG_010548,0,0.19563803588883524,0.20842977281506223
SG_010549,0,0.13122859980827947,0.127567393037827
SG_010551,1,0.16327807459674754,0.14187850092469043
SG_010554,0,0.12214595207610983,0.11990162734847724
SG_010556,1,0.1670140935942747,0.13464022554970523
SG_010557,1,0.16932710609463422,0.13995237496827806
SG_010558,0,0.13835299615595859,0.13690816211069123
SG_010559,0,0.11134790196617907,0.10174978995332476
SG_010560,1,0.274735738868638,0.23380413018920138
SG_010564,0,0.1493349755728772,0.1320966420959183
SG_010565,0,0.13064381994753985,0.1323100172484743
SG_010566,1,0.2933503988078441,0.20565038069644495
SG_010567,0,0.15263197007104856,0.19837523982434255
SG_010568,0,0.17150983413255885,0.1915984695235027
SG_010570,0,0.1916421237826994,0.1551448728653451
SG_010572,0,0.15781499155199522,0.148616771844326
SG_010573,0,0.10186040472544819,0.17092643334424576
SG_010574,0,0.1331535397880575,0.10601127401093667
SG_010575,0,0.15615611916018343,0.16410973874715454
SG_010576,0,0.12379990981229282,0.16155872823645678
SG_010580,0,0.15375983826509385,0.13730240008717334
SG_010581,0,0.1821539925929932,0.2680739018927049
SG_010583,0,0.16301678962654254,0.13714644322942288
SG_010584,0,0.11689117990533279,0.13403393911396796
SG_010587,0,0.16106154278518697,0.08037352514101054
SG_010591,0,0.16390843219390655,0.1346307191501869
SG_010593,0,0.24239568696589908,0.24754720443860612
SG_010595,0,0.12904793865580907,0.13354013032969841
SG_010596,0,0.1668391327427494,0.19805877420578338
SG_010597,0,0.16340236586951556,0.16394534653238876
SG_010599,0,0.10985294000011912,0.10990978458334824
SG_010601,1,0.21458197732845713,0.19965154512415087
SG_010602,0,0.21963237365672145,0.17814767968479672
SG_010603,0,0.36099157554938277,0.3526240468419052
SG_010604,0,0.1869983819607906,0.18728559125130625
SG_010605,0,0.18237212328354854,0.22210933854197817
SG_010606,0,0.16703077393304971,0.16429932976698106
SG_010608,0,0.1459258467727267,0.17688719545553452
SG_010609,0,0.2653190812067419,0.29603483619869114
SG_010610,0,0.09649460786653957,0.11984961756838967
SG_010612,0,0.1723037672170135,0.15872300182537524
SG_010613,0,0.1694079046704234,0.1684442640175999
SG_010614,0,0.11644771911666066,0.09733800933413869
SG_010617,0,0.13201541726024313,0.12778522564846684
SG_010618,0,0.17487050476009883,0.16001842803047672
SG_010620,0,0.16462601085614334,0.15218940847290466
SG_010621,0,0.13411190054955424,0.12124034935817642
SG_010622,0,0.19625282018260512,0.2104634696347537
SG_010623,1,0.19478193018215922,0.17139421167841906
SG_010624,0,0.1720299235548776,0.13697046283523692
SG_010625,1,0.10987456849036857,0.10836606262432709
SG_010626,0,0.18456859872575704,0.17232849316086873
SG_010628,0,0.19321557015140986,0.19697197962399146
SG_010629,0,0.15321523051919547,0.1445862878684918
SG_010630,0,0.18871175541517757,0.1674099324775944
SG_010631,1,0.21727598465748646,0.21327004284409762
SG_010632,0,0.1532242306584727,0.126599927740803
SG_010633,0,0.1687802510772386,0.13249747029097744
SG_010637,0,0.1688871970489222,0.1491053234673258
SG_010638,0,0.13594018106747896,0.1400701641855523
SG_010639,0,0.10160173706021332,0.09606823714231563
SG_010640,1,0.16632212437407673,0.14254087369663107
SG_010641,0,0.1276448461599968,0.138596251192964
SG_010642,0,0.1504889960180344,0.1354707455877402
SG_010643,1,0.18148051143902383,0.19149323939330132
SG_010644,0,0.15705220351822033,0.17069702390223826
SG_010645,1,0.2829462579711833,0.25791618656853416
SG_010646,0,0.1654478437145246,0.14537955828738916
SG_010647,0,0.16462601085614334,0.1585405460034249
SG_010648,0,0.07267351563934127,0.06226156023020214
SG_010650,0,0.1684137752102964,0.14703754910943337
SG_010652,0,0.2082846035881257,0.2047854487979467
SG_010654,0,0.11811224234827884,0.10263101678913301
SG_010656,0,0.1264789940824837,0.11760420689335777
SG_010657,0,0.3256957286214827,0.2843579012534106
SG_010658,0,0.16417390928432946,0.090566479002905
SG_010660,0,0.2058089503441561,0.2010832717684046
SG_010661,0,0.1339040470615998,0.13090839543648344
SG_010663,1,0.2358113349737914,0.3261846499633687
SG_010665,0,0.20277604536811428,0.2259478298602662
SG_010667,0,0.10661568220626917,0.07014480810950682
SG_010669,0,0.1670669792223198,0.20875987234462418
SG_010671,0,0.10646687435027227,0.16879039625944517
SG_010672,0,0.097716658314064,0.11466299057546167
SG_010675,0,0.19341897078595074,0.20745678092549324
SG_010676,0,0.08840786791831406,0.12556636986658057
SG_010677,1,0.18762911633626145,0.17081180131835516
SG_010678,0,0.14549652814939187,0.1702166746909126
SG_010680,0,0.11662948294151486,0.1383995190333877
SG_010681,0,0.09173679838726073,0.1036068597135845
SG_010682,0,0.1120136122683358,0.1278624697213818
SG_010683,0,0.12464324087233505,0.12828149577927633
SG_010686,0,0.21330410783316417,0.1718558419132091
SG_010687,0,0.19983418394425737,0.1902092200754235
SG_010688,0,0.09789792330075071,0.07137267676613572
SG_010689,0,0.17289126196374055,0.18565611835278703
SG_010691,0,0.1643327301803195,0.12229076853749539
SG_010692,0,0.24626830952285753,0.25092165569211494
SG_010693,0,0.1219702478025904,0.12380398485434409
SG_010694,1,0.17797434483981064,0.23508277523447155
SG_010695,0,0.12382470227261776,0.11618061524407322
SG_010697,0,0.09687178524647311,0.11136743567993883
SG_010698,0,0.16470562244867998,0.14267338603861437
SG_010699,0,0.13821034254212605,0.09252552002384254
SG_010701,0,0.1431391832550477,0.1394328432461177
SG_010702,0,0.24551904051784643,0.216832576991299
SG_010703,0,0.26154493757730657,0.19109218346289925
SG_010704,1,0.21634662931814283,0.25438714720358535
SG_010705,0,0.17080914087238055,0.1870616604903882
SG_010706,0,0.14257010347135846,0.1569035077973095
SG_010709,0,0.15374275344739466,0.1562113495194651
SG_010710,1,0.12136335408764773,0.14305149100827563
SG_010711,0,0.09953662227215616,0.09732818691861402
SG_010712,0,0.23009425031895994,0.21374924395314693
SG_010714,0,0.20869901801217092,0.22038735325987688
SG_010715,1,0.17636165488478728,0.19562125185311555
SG_010716,1,0.20131120090085453,0.20712344611035755
SG_010719,0,0.161121198178085,0.1690283990657282
SG_010720,0,0.24939805896868186,0.1954859854978872
SG_010723,0,0.15487885539525675,0.1636048713150111
SG_010724,0,0.1356780509225083,0.09829470162844656
SG_010725,0,0.23487403292266662,0.24952381555853045
SG_010727,0,0.15124364609515864,0.14813574665530152
SG_010728,0,0.16495338755586103,0.18606253694549837
SG_010730,0,0.16595236607780295,0.162654068398365
SG_010731,0,0.31511108466973037,0.23484341269258702
SG_010732,0,0.15000314419172633,0.1472276979612443
SG_010735,0,0.27540552598364143,0.24709428814020012
SG_010736,0,0.22234986868925685,0.1898203677553159
SG_010738,0,0.21091982272131193,0.22269216305375333
SG_010740,0,0.10788024809145091,0.15141615158824778
SG_010741,1,0.18434566521822965,0.1936658159652021
SG_010742,0,0.16106154278518697,0.09275558660381347
SG_010743,0,0.16106154278518697,0.09033269582574063
SG_010744,0,0.22746596460023427,0.1944994207465742
SG_010746,0,0.25947619170155095,0.24582323466492412
SG_010747,0,0.16859964965064642,0.13653768223003468
SG_010748,0,0.14900197672415752,0.14209093211117682
SG_010749,0,0.16755571909132172,0.12531602876452896
SG_010750,0,0.17681839585862125,0.19343690963519145
SG_010751,1,0.21539954590426233,0.23288803812615
SG_010754,0,0.19066901902632877,0.2111625842403195
SG_010755,1,0.12464472085420616,0.11764079694499054
SG_010756,0,0.16259368780289757,0.10518499392582917
SG_010758,0,0.07174472488476627,0.0711586954765742
SG_010759,0,0.12593599789503052,0.13942647687341145
SG_010761,0,0.11960578756367439,0.1277945415130229
SG_010762,0,0.19327510495387393,0.19154346341475129
SG_010764,0,0.16445579004920727,0.19546895485701132
SG_010765,1,0.1287864518869757,0.15030698889139807
SG_010766,0,0.1725765106636041,0.09090485389051828
SG_010767,0,0.19191906753566493,0.17012922442320855
SG_010768,1,0.27464524764073034,0.300787567080811
SG_010770,0,0.12486801651651834,0.14394549613544774
SG_010771,0,0.13369422477063367,0.13600932734501484
SG_010775,0,0.21970194954107475,0.207895977244779
SG_010776,0,0.18725483111861538,0.2374367657523238
SG_010777,0,0.18112406231917413,0.17186124279907944
SG_010778,1,0.1625809559962031,0.16568146558893773
SG_010779,0,0.18156256406597363,0.22748872123428795
SG_010780,1,0.27727217448847596,0.23614729278234917
SG_010782,0,0.1637530595371183,0.16730380841100656
SG_010783,0,0.16717784049721265,0.1571238355779037
SG_010785,1,0.16073501387761055,0.16814041625938433
SG_010786,0,0.09615793522432259,0.09327516717295548
SG_010787,0,0.17145024113490284,0.16474378133876985
SG_010788,0,0.13527829209851785,0.15022284024339003
SG_010790,0,0.15578952414902816,0.13619443940683726
SG_010792,0,0.08290373827322461,0.0860976435962975
SG_010793,0,0.1661793057968894,0.18123643070395745
SG_010794,0,0.18263177190461571,0.2910005104203326
SG_010797,0,0.10714633543275198,0.10824464514384269
SG_010799,0,0.19550389036222526,0.2790749943624663
SG_010800,0,0.16561586146959612,0.19012129521394827
SG_010802,0,0.18184623417296347,0.2423056802027999
SG_010804,0,0.1772680939600139,0.15734800512213432
SG_010805,1,0.1644909065936677,0.11246863858626377
SG_010806,0,0.16498427917516426,0.1684636829295883
SG_010807,0,0.16894970069567042,0.1620360859959042
SG_010811,0,0.1903176108482984,0.2769255673374608
SG_010812,1,0.2171821078653042,0.21268049800177122
SG_010813,0,0.21818516760578566,0.2164511287889999
SG_010815,1,0.16514790025200302,0.14429951810051728
SG_010817,1,0.1817095868953887,0.1946867043374173
SG_010819,1,0.23313322134628206,0.24717955760502766
SG_010820,0,0.1019217970934257,0.10756210499367334
SG_010821,0,0.13549055984691777,0.10795446801494564
SG_010822,0,0.17261055463579017,0.184775464661663
SG_010823,0,0.16746593908684065,0.14922831678964052
SG_010825,0,0.1699456205013401,0.16519841727281798
SG_010826,0,0.172026118694753,0.18806794617857897
SG_010827,0,0.09646979302083546,0.09634500493749654
SG_010829,0,0.16106154278518697,0.106446614735033
SG_010832,0,0.1542386935050339,0.1393015643496743
SG_010833,0,0.13022861141705944,0.15130134423953892
SG_010834,0,0.13435027489456813,0.13190492822479882
SG_010835,1,0.30108593532574895,0.259266226706903
SG_010836,0,0.17711778351663657,0.17501207273411565
SG_010838,0,0.16602824801805754,0.1255998371027856
SG_010839,0,0.17393122967197458,0.19485056614012203
SG_010840,0,0.11984921288373464,0.1295035459701985
SG_010841,0,0.16106154278518697,0.08569621243918067
SG_010842,0,0.11560023146682182,0.078478818377012
SG_010848,1,0.17149597201676547,0.2988471445499239
SG_010849,1,0.18589629555011605,0.24652555668912068
SG_010850,0,0.22921223414417471,0.2324855676110105
SG_010851,0,0.19767933613959926,0.15570924263564928
SG_010852,0,0.16732527067545647,0.16486170592839156
SG_010854,0,0.12757997777963911,0.1497512289546146
SG_010855,1,0.28079942398087715,0.3024766001195748
SG_010856,0,0.10469388989741829,0.1058509844249387
SG_010858,0,0.1506420556337503,0.18481021382128923
SG_010859,0,0.10582265161082433,0.0878838174417009
SG_010861,0,0.13386277765255894,0.1405010545742204
SG_010862,1,0.1807218704270429,0.26231713707398824
SG_010864,0,0.13651073916918846,0.10942076565101379
SG_010866,0,0.17033375501195222,0.13220879641732802
SG_010867,1,0.1426657588976598,0.14964034323551334
SG_010868,1,0.2586241520567605,0.23213514988625766
SG_010869,1,0.26361899656220145,0.24307588325695056
SG_010873,0,0.235588737882782,0.2116777404253013
SG_010874,0,0.17018886545825296,0.19521480526700383
SG_010875,1,0.204531047168811,0.23159086498300752
SG_010877,0,0.11189891713550924,0.09120367163768868
SG_010878,0,0.1670399153099085,0.13693703425294923
SG_010879,0,0.1937907550996115,0.1728890179998821
SG_010880,0,0.18224192301275977,0.19180446264180864
SG_010883,0,0.16106154278518697,0.07598626181609053
SG_010885,0,0.23238713117638055,0.26004260352658787
SG_010886,1,0.1681436596845545,0.227617786583523
SG_010890,0,0.20900380349187894,0.20234094472411937
SG_010891,0,0.1725019356710806,0.1836115606919419
SG_010892,0,0.17285821429502427,0.23280440993110338
SG_010893,0,0.16566169618116955,0.16047174669450998
SG_010895,0,0.19062824429891878,0.24137455860952386
SG_010897,1,0.164451246553188,0.12810043449229375
SG_010899,0,0.22134885051129805,0.2401935277913948
SG_010900,1,0.1758512816317962,0.1551814459901084
SG_010901,0,0.11757359198444582,0.1487116402206685
SG_010903,0,0.17135602733103567,0.18825895181504568
SG_010905,0,0.16761178260153173,0.10918493882808517
SG_010906,0,0.15690495162366316,0.1529255579278812
SG_010908,0,0.13832448449822213,0.10755354535231335
SG_010909,0,0.16595236607780295,0.13400464225334524
SG_010910,0,0.1965787976531345,0.3921202498400462
SG_010912,0,0.15215224453421577,0.16203986091877945
SG_010913,0,0.11310457400074664,0.1270974657704907
SG_010914,0,0.1654439985281333,0.13067822718764818
SG_010915,0,0.168367558359462,0.1368978121139196
SG_010916,0,0.1467637568551792,0.14203049374249313
SG_010917,0,0.2332995301385857,0.19595751181000493
SG_010918,0,0.167559772136688,0.13813350620800352
SG_010919,0,0.16390652566196376,0.1554662136280895
SG_010920,0,0.15814799752547645,0.1796535614819208
SG_010921,0,0.16712912623054155,0.09143107806260455
SG_010923,0,0.1712476647899997,0.14838142889978315
SG_010924,0,0.144603674408292,0.1438023528410493
SG_010925,0,0.24286692257162404,0.2616195084039054
SG_010926,0,0.23669857133587294,0.253474963426341
SG_010927,0,0.09812773909456182,0.14348030043261797
SG_010928,0,0.15295212875971043,0.21146924151766291
SG_010929,0,0.14807225866769608,0.1912871862420911
SG_010931,0,0.16678084297369347,0.15126185388149255
SG_010932,0,0.16852878695122542,0.16014729081753262
SG_010933,0,0.2569379567326453,0.20084615757802593
SG_010934,0,0.23149711589888725,0.20093793929284506
SG_010935,0,0.10210561837662374,0.10439843170260779
SG_010936,0,0.11090688844372135,0.1168128771978388
SG_010937,0,0.14603929196696128,0.17830274385665912
SG_010938,0,0.14147354939557885,0.14804354447306145
SG_010939,0,0.13404575800811983,0.11962405313708835
SG_010940,1,0.18106581530998164,0.21074513394012367
SG_010941,1,0.17810017581172297,0.11267893256221646
SG_010942,0,0.12725019528220827,0.1561412545886028
SG_010943,1,0.12655933379634815,0.13812376976991517
SG_010944,0,0.10149935139494086,0.1281014745757124
SG_010945,0,0.0746665056883867,0.1156203430458966
SG_010947,0,0.13630941314040967,0.13637822970114055
SG_010948,0,0.17687846638199173,0.20138192514191075
SG_010949,0,0.14362132899412486,0.16980353571839604
SG_010950,0,0.306590821873548,0.264800701472424
SG_010952,0,0.1430247900570146,0.13888847895644132
SG_010953,0,0.1751914978613777,0.19950071992317572
SG_010954,0,0.1363042684308262,0.15730009887597377
SG_010955,0,0.15698416637795898,0.15175909783771457
SG_010957,0,0.14180038948943036,0.15641918321824255
SG_010958,0,0.17107861313188583,0.17809990830258698
SG_010959,1,0.10881724686571885,0.12762249863973146
SG_010963,0,0.17087985997344884,0.18320220577660729
SG_010964,0,0.15686906240557985,0.12583805816710442
SG_010965,0,0.12996262826813781,0.12389014430655136
SG_010966,1,0.15928608946067235,0.13639331248368713
SG_010967,0,0.16554893639771767,0.1249560584529864
SG_010968,1,0.18622030512831697,0.257600866162524
SG_010970,0,0.20010320292620304,0.17978956788054715
SG_010972,0,0.18290531307149005,0.22570950107147336
SG_010975,0,0.16944005190130823,0.1442104194005774
SG_010976,1,0.1834692825058914,0.17900317798417853
SG_010978,1,0.1717542730490491,0.21617246102868104
SG_010979,0,0.17454491739582872,0.1633839084247227
SG_010980,0,0.1974327578578639,0.17352192422095847
SG_010981,0,0.16498427917516426,0.163923988164778
SG_010983,0,0.19380024271060145,0.1680996450589588
SG_010984,0,0.1774492161897926,0.16261577612496197
SG_010988,0,0.1693428677061727,0.14271030492589448
SG_010989,0,0.16227453483719717,0.09921014591086216
SG_010990,0,0.18737746656937398,0.20356647205623235
SG_010991,0,0.11825770355586449,0.16286710991731954
SG_010992,1,0.16595236607780295,0.12664291776391812
SG_010994,0,0.09147791850456795,0.07572088837466973
SG_010996,0,0.19937999442463228,0.21159801833232156
SG_010997,0,0.16907824271003,0.2159399893252019
SG_010999,1,0.13394081385896844,0.13868622023359106
SG_011000,0,0.23975791530479448,0.2612801105017878
SG_011001,0,0.1468508161285641,0.16031576707942652
SG_011002,0,0.17637087557494174,0.18692497855135914
SG_011004,0,0.3065444369269888,0.21493019927302404
SG_011005,0,0.18903886676275383,0.17407552570597234
SG_011006,0,0.1593064579423389,0.15885591923419573
SG_011007,0,0.14856852567195752,0.1929594523915979
SG_011008,0,0.13182718631487314,0.12059958489525184
SG_011009,0,0.1740760698084853,0.20101132676797792
SG_011011,0,0.13156186396060637,0.1442985290125732
SG_011013,1,0.16448201019395886,0.1365477652913091
SG_011014,0,0.22629407748063932,0.19231612049145544
SG_011015,0,0.11687644074097123,0.10589357125193553
SG_011018,0,0.24238074259081602,0.19373365492783462
SG_011019,0,0.1591237063128021,0.21219043772119345
SG_011020,0,0.08513288032323492,0.12818392804205306
SG_011021,0,0.23615943150869223,0.22625351516967038
SG_011022,0,0.2314740302562023,0.22812669022124032
SG_011023,1,0.22276620434910446,0.22533222756323204
SG_011024,0,0.19401619598239686,0.28357062527874616
SG_011026,0,0.19999234582344763,0.14948714786077452
SG_011027,0,0.2530963510675241,0.23705067303946656
SG_011028,1,0.15206032394422153,0.14140881641566408
SG_011029,0,0.12656693864465177,0.14123314472619858
SG_011030,1,0.1557675400994629,0.17028340620793644
SG_011032,0,0.1362769072831036,0.16071313567293838
SG_011033,1,0.18902851500521523,0.18124085378627927
SG_011034,0,0.1743637236244321,0.15334012417238269
SG_011035,0,0.09985136801904457,0.094225268139286
SG_011036,0,0.16914614207225248,0.22254135399479724
SG_011037,1,0.24442446066197543,0.20932407238837242
SG_011038,0,0.23050911275182936,0.248604307639631
SG_011039,0,0.2367815952399491,0.19477706900239602
SG_011040,0,0.17757119544688033,0.19958413202625863
SG_011041,0,0.15242160563120058,0.11786318657084689
SG_011042,1,0.1656667465861152,0.15464634409719014
SG_011043,0,0.19683759054269231,0.19507943780220335
SG_011044,0,0.10019744522763097,0.10184828477216147
SG_011045,0,0.16259368780289757,0.12665363370937086
SG_011046,1,0.1811696436475056,0.1704838154466809
SG_011047,0,0.16834160400020068,0.1336484864002089
SG_011048,0,0.09902739638097807,0.10816838478012482
SG_011049,0,0.13024500558080607,0.12552288685505983
SG_011051,0,0.14019988359832822,0.12589409269599156
SG_011054,0,0.1318004113348499,0.07983668367242862
SG_011056,0,0.14855597853118443,0.1985512423121419
SG_011058,0,0.18236218787220748,0.19764063567685625
SG_011059,1,0.41749696449247875,0.30689770670282324
SG_011061,0,0.1397061616502315,0.14383187994754648
SG_011062,0,0.1307440465425963,0.11734213873828044
SG_011063,1,0.28335581872663745,0.27275863702011427
SG_011064,0,0.16106154278518697,0.06871727114759782
SG_011065,0,0.15870765901428205,0.14390862321520312
SG_011066,0,0.1707923931335645,0.16578009204574215
SG_011067,0,0.17320981594585033,0.16834695210739103
SG_011068,0,0.11253622170564652,0.10835771290624031
SG_011069,0,0.16937965339808578,0.1644157613048705
SG_011070,0,0.12167230183520306,0.17276277389867922
SG_011071,0,0.1944698445865724,0.18123058396651007
SG_011072,0,0.2579341339985789,0.23644725803914862
SG_011074,0,0.14227398507828776,0.15025683546173688
SG_011076,0,0.17832430929182796,0.2515969308885203
SG_011078,1,0.13053172840040528,0.15953694946511857
SG_011079,0,0.15800015596899425,0.15582549786883026
SG_011080,0,0.16453138749681473,0.09287281671535677
SG_011081,0,0.24174719708075157,0.25277677000586035
SG_011082,0,0.17659932418766866,0.19646959446575984
SG_011083,1,0.2979798273032891,0.2554712396016217
SG_011084,0,0.21904672924412208,0.20655524851598311
SG_011085,0,0.12400373878899473,0.13115410779972334
SG_011086,0,0.17032898076610375,0.17038737609655968
SG_011087,0,0.27531963795744513,0.2678743974358154
SG_011090,0,0.17759620731992842,0.23842543382712705
SG_011091,0,0.1789749268862557,0.16766145063670515
SG_011092,0,0.19120245298964192,0.2327146114528363
SG_011093,0,0.1692249648061712,0.16476966916843105
SG_011094,0,0.19906947390724267,0.18594767614533003
SG_011095,1,0.14728307615322658,0.18829756706356948
SG_011096,0,0.10211223168106039,0.11035600720096221
SG_011098,0,0.20614764004315267,0.1867611993699463
SG_011099,0,0.12760268363618021,0.13941923214510127
SG_011100,0,0.16106154278518697,0.11600024753579076
SG_011101,0,0.09155069775575753,0.08819415581401654
SG_011102,0,0.2887750104239,0.34645331379069827
SG_011103,0,0.14957847150198322,0.15793967784803023
SG_011104,1,0.1550938624013142,0.22000648143987211
SG_011105,0,0.16920172328238958,0.16051962077455423
SG_011106,0,0.11911955170172764,0.18102927862070395
SG_011108,0,0.16651089671440622,0.11666618970575278
SG_011109,0,0.08802845685322758,0.09988104402724263
SG_011111,0,0.18476371703919395,0.17336075980711677
SG_011112,0,0.18894445894075965,0.20987397912559902
SG_011113,1,0.23147099404531263,0.23315779644095702
SG_011114,0,0.06828292564877193,0.0871979418185529
SG_011115,0,0.195905461307104,0.14865091745511386
SG_011116,1,0.22731724600784667,0.23377899744328506
SG_011118,0,0.2387301690875615,0.27986408037686167
SG_011119,1,0.1767643830688227,0.2102746813418467
SG_011121,0,0.24041877899923053,0.1994437300061422
SG_011122,0,0.11850351026185213,0.1157093032431064
SG_011123,0,0.16406943834130153,0.10927990926920711
SG_011124,0,0.16077422112450826,0.17434104364851116
SG_011125,1,0.29137671797348746,0.27406390022987354
SG_011126,0,0.1700619526022444,0.12241833376712491
SG_011127,0,0.14497566195183462,0.16702531141722354
SG_011128,1,0.11243740589154347,0.12103261655493726
SG_011129,0,0.23006698440735854,0.1780131540359905
SG_011130,0,0.1053577688712497,0.12770662046072728
SG_011131,0,0.1720920935344889,0.15299454271668317
SG_011134,0,0.18161060224867165,0.16450289404925178
SG_011135,0,0.17495765945465513,0.1883949850762394
SG_011136,0,0.1844657795087787,0.24915526786256675
SG_011137,1,0.12909817061959877,0.095639501240983
SG_011138,0,0.1782604164483748,0.1502313112233676
SG_011140,0,0.13481944220186975,0.12786777737618482
SG_011141,1,0.21901521599157459,0.22469251288188216
SG_011142,1,0.16650906731888807,0.19497028309322598
SG_011145,0,0.18936373386223687,0.2013017120369788
SG_011146,1,0.1865989576081213,0.25616288368690776
SG_011149,0,0.16106154278518697,0.09767916381331888
SG_011150,0,0.15159745776334316,0.17423229105605179
SG_011153,1,0.27090375467089106,0.2369122884377942
SG_011155,0,0.16670799020249347,0.13474224158456055
SG_011156,1,0.2559900250680072,0.20373694656970295
SG_011157,0,0.16438019041119833,0.14538875803628656
SG_011163,0,0.1672453021665543,0.1712107521013744
SG_011165,0,0.16772636769167626,0.22400736279752387
SG_011166,0,0.13027065542959673,0.17232358274555742
SG_011167,0,0.1648544951395954,0.10955396365736021
SG_011168,0,0.13406513267181136,0.13192035697366142
SG_011171,0,0.21700902662074484,0.2412285551354091
SG_011172,0,0.22125478906440807,0.23133680880135932
SG_011173,0,0.15273912225623085,0.13958142023259928
SG_011174,0,0.18601385690702332,0.17154054171874666
SG_011178,0,0.12707403458956978,0.12597440006844776
SG_011179,0,0.2021687873876815,0.19264741765887955
SG_011180,0,0.1422915299634278,0.1445448430889539
SG_011181,0,0.13895218894513936,0.1293323486128539
SG_011183,1,0.14056235934525818,0.18030076349786348
SG_011185,0,0.14847141053734222,0.12233509186867841
SG_011187,0,0.1453664556402007,0.13579305086095902
SG_011188,0,0.21834080833750863,0.2511431084695983
SG_011189,0,0.14344627699989349,0.1575520746838139
SG_011191,0,0.1750275205213982,0.195628929024497
SG_011193,1,0.15754413088833522,0.1503941396295647
SG_011194,0,0.20994239534533854,0.20057818840529248
SG_011195,0,0.10334963481321867,0.1212278340243813
SG_011196,0,0.10452419802914682,0.14023396747680855
SG_011197,0,0.225434280762204,0.30167352593801994
SG_011198,0,0.18273021383809024,0.16189836013378386
SG_011202,0,0.13215301106051233,0.15762236302024965
SG_011204,1,0.2184893167758015,0.2586497946156983
SG_011205,0,0.14786738077200604,0.1669473585059226
SG_011206,0,0.13949725848324468,0.12047845736639572
SG_011207,0,0.1269833753033485,0.10939578409202724
SG_011209,0,0.17828160168602145,0.13908916888854647
SG_011210,0,0.1378187917030069,0.12664903528734725
SG_011211,0,0.159356158834969,0.13989508717040885
SG_011213,0,0.1801761707788669,0.21210717087104985
SG_011215,0,0.16259368780289757,0.11223247875896271
SG_011216,0,0.1444228403904445,0.13452358998213332
SG_011217,0,0.16844197897180338,0.15798348288426506
SG_011218,0,0.16619560050725807,0.10448272599198104
SG_011219,0,0.15801485881189592,0.14580710522182003
SG_011220,0,0.16492787083411944,0.1509444739855411
SG_011223,0,0.2607215792159678,0.20628125199042813
SG_011225,1,0.19334859136403817,0.31415859264888674
SG_011227,0,0.13366964087824254,0.13471764063757832
SG_011228,0,0.17277430244790856,0.27321882337640435
SG_011229,0,0.14330936390366183,0.14778526171041015
SG_011230,1,0.16518359743641203,0.1511041558293219
SG_011231,0,0.10178286360282109,0.11398835564428064
SG_011232,0,0.14419995265915744,0.1645766649616829
SG_011233,0,0.16868733057813298,0.1500964473036931
SG_011234,0,0.20821067559110787,0.18662215506888102
SG_011236,0,0.11958494706677247,0.1332604862435305
SG_011237,0,0.1522276628379457,0.11837265077797024
SG_011238,0,0.12729167637358293,0.16757159432159957
SG_011240,0,0.13307493358102165,0.10746554977441597
SG_011241,1,0.20161624615378929,0.1857199013820156
SG_011242,0,0.15927224036191534,0.14497031756160408
SG_011243,0,0.21620700289921949,0.19822991134068574
SG_011244,0,0.21173760603090172,0.19890384947990067
SG_011245,0,0.176902052044699,0.1830605342613831
SG_011246,0,0.23606640087626266,0.18958917695547503
SG_011247,1,0.1811519121941235,0.1908229066745366
SG_011248,0,0.13337297262884187,0.1290132530872201
SG_011249,0,0.13431310880187836,0.12909646096516128
SG_011251,0,0.12405857120142297,0.1331491223554872
SG_011252,0,0.16977809027414895,0.17089326312393247
SG_011253,0,0.1739602453444333,0.17090839498123217
SG_011254,0,0.16851609869017412,0.20120665821023465
SG_011255,0,0.09486314090892393,0.13610506260095334
SG_011256,0,0.1468342417477051,0.12432575409476407
SG_011258,0,0.173448057423854,0.1509927089424812
SG_011260,0,0.3315971288105804,0.29344922780341776
SG_011263,0,0.1538710027122171,0.12965885171901853
SG_011264,0,0.2290339025666513,0.1735389959175263
SG_011265,0,0.08804840700383959,0.09768041814470853
SG_011267,1,0.2358971773629093,0.19299107144438174
SG_011268,0,0.10162838520537569,0.08797203621392062
SG_011269,0,0.15414080588039453,0.1597417886742058
SG_011270,0,0.11380276329704668,0.1380440323660925
SG_011271,1,0.11902944702589177,0.1414980159248042
SG_011272,0,0.11943652178666381,0.09421140811108919
SG_011273,0,0.11630238070206997,0.1262740655224377
SG_011276,0,0.12350618802349496,0.1260663665459526
SG_011277,0,0.15516865364590737,0.16480325457511305
SG_011278,0,0.16259368780289757,0.05891838348655835
SG_011281,0,0.1699223048877798,0.1802278375988303
SG_011282,0,0.1336510471173237,0.1495876269461757
SG_011283,0,0.14827726968179752,0.16588074322145893
SG_011284,0,0.19278918635273543,0.17542723204090743
SG_011286,1,0.1779206725061817,0.11617001501265374
SG_011287,0,0.1348670116369967,0.11040116592618947
SG_011288,0,0.1676441573417678,0.15784611790279332
SG_011289,1,0.28826633367956517,0.20697583729371632
SG_011290,0,0.21094163716328443,0.1659601881320639
SG_011292,0,0.14866765338151802,0.1669257249157141
SG_011293,0,0.16259368780289757,0.1137882488181268
SG_011295,0,0.16348694358222374,0.14030430996713628
SG_011296,0,0.13546774522505645,0.17129811184966462
SG_011297,0,0.16106154278518697,0.11179174923057246
SG_011299,0,0.11088641037995169,0.11176466271309636
SG_011300,0,0.12822763830898798,0.1616642974625779
SG_011301,0,0.13909125378185483,0.16055335333529502
SG_011302,0,0.17674277192392054,0.1479523297443252
SG_011305,0,0.17026032310224176,0.19693427812117845
SG_011311,0,0.1653385665169681,0.20323776004501656
SG_011314,0,0.14828108890430658,0.16977619700898788
SG_011315,1,0.13508239940017644,0.10082120670739393
SG_011316,1,0.1313107572245966,0.11169103814317415
SG_011317,0,0.14849568967171772,0.12321042671075648
SG_011318,0,0.16107707727344087,0.16330627264062428
SG_011319,0,0.18968903558173245,0.20363376874512773
SG_011320,0,0.17759368364403394,0.1798679146636804
SG_011321,0,0.18843784549224696,0.2097746025741655
SG_011322,0,0.1668755605312807,0.11642507786602405
SG_011323,0,0.1037516034507024,0.1656139386514247
SG_011324,0,0.1713168058898804,0.1558133385832477
SG_011325,0,0.24898557061089308,0.19314666878926337
SG_011326,1,0.13107627596844829,0.14127931641708213
SG_011328,0,0.15910459986609163,0.18584099309766494
SG_011329,0,0.16853446556101861,0.14060013762995516
SG_011330,0,0.1694818656759695,0.16995070838468168
SG_011331,0,0.13152325686928273,0.14753359218693277
SG_011332,0,0.21090926245896474,0.17321144189712584
SG_011334,0,0.10292635980076234,0.13319839426745098
SG_011336,0,0.1602491359165392,0.20965322299128214
SG_011338,0,0.16844536298951665,0.1087587389048464
SG_011339,0,0.1391097952105075,0.12057265675349771
SG_011341,0,0.16259368780289757,0.14904810243187339
SG_011342,0,0.1345047791483064,0.13640930517681601
SG_011344,0,0.11909636401761595,0.11044551845365766
SG_011346,0,0.14007660794915372,0.16285577731675158
SG_011348,0,0.32068093879908993,0.31102863239553913
SG_011349,0,0.12604568907507285,0.1459118304003407
SG_011351,0,0.1517741782696094,0.13617466055334815
SG_011352,0,0.09398080829460936,0.11739724013957406
SG_011353,0,0.16771293208370344,0.1526985430916996
SG_011354,0,0.21852023685147676,0.21861052250175267
SG_011355,0,0.16940204545529802,0.19397084902548806
SG_011356,1,0.1786010090497987,0.17556768234471934
SG_011358,0,0.12462616959623131,0.1845963970032883
SG_011359,1,0.1789230594679091,0.15826788723139837
SG_011362,1,0.17324569587138572,0.18325435642472984
SG_011363,1,0.16106154278518697,0.10768729167158747
SG_011364,1,0.14022498557277427,0.1758745279331612
SG_011365,0,0.17830347662140136,0.1683010111375893
SG_011366,0,0.16726660178475325,0.15801580282501676
SG_011368,0,0.1573591125190927,0.13618925463473783
SG_011369,0,0.17985871501747702,0.16041220317238647
SG_011370,0,0.18177139230979372,0.21393070255229585
SG_011372,1,0.16106154278518697,0.1177878833409919
SG_011373,0,0.16106154278518697,0.07146210203906735
SG_011374,0,0.22565530371191853,0.23617662099513817
SG_011375,0,0.14401771631247348,0.11915855426222795
SG_011378,0,0.194112513781577,0.22633642170881688
SG_011379,1,0.17278438644749103,0.1896159402974603
SG_011382,0,0.12497477094580767,0.1468612434665507
SG_011384,0,0.21987082637104446,0.21744473979394932
SG_011385,0,0.17814902226971008,0.2330512517823446
SG_011386,0,0.15157698178987755,0.18331766814262476
SG_011387,0,0.13061917298252682,0.15085988984226825
SG_011388,0,0.16466653510908247,0.1469502639403278
SG_011389,0,0.15069993655003017,0.13921228101533595
SG_011390,1,0.18273710595312725,0.2618266073725957
SG_011391,0,0.0780893541945177,0.09270850505909266
SG_011392,0,0.13855614665907096,0.11941350912337759
SG_011393,1,0.1853865615478129,0.2335843130401468
SG_011394,0,0.267058165088202,0.2614892280976978
SG_011395,0,0.27754549666301337,0.216661363598489
SG_011396,0,0.10505686525431679,0.11342407532340719
SG_011397,1,0.23968834670525677,0.21963387687297992
SG_011399,0,0.18762485597652986,0.19393799879533555
SG_011400,0,0.16731920624509494,0.1554081495658217
SG_011402,0,0.16882746463370635,0.16522762155220022
SG_011403,0,0.16178152517020142,0.19592868505487387
SG_011404,0,0.17605308160999475,0.2136395762438657
SG_011405,0,0.14914798142757293,0.17386944895467651
SG_011406,0,0.3818353664819162,0.3760256273089104
SG_011407,0,0.19621183411752663,0.2090246326557937
SG_011408,0,0.1078869038303347,0.13345660304157253
SG_011409,1,0.17296147442463594,0.21848594296306456
SG_011410,0,0.16631294621991566,0.132835502498217
SG_011411,0,0.15959388066551553,0.1545468527743719
SG_011412,1,0.18738619882820717,0.22927417898265384
SG_011414,0,0.171552359063063,0.2103883560394652
SG_011415,0,0.13563252933138992,0.14578335989560198
SG_011417,0,0.1757279240871342,0.1873126927228214
SG_011418,0,0.16106154278518697,0.08568281644182978
SG_011419,0,0.1631651076422049,0.11414138616940628
SG_011421,0,0.15077088148760984,0.14332634878318054
SG_011422,0,0.22290385355802442,0.24793691306526605
SG_011423,0,0.22498556886677645,0.19442991719543784
SG_011424,0,0.35331977198989295,0.29144111916547477
SG_011425,1,0.2547953816180122,0.24009055300466187
SG_011426,0,0.16259368780289757,0.08102545979966252
SG_011427,0,0.24075061245974327,0.19887941465248504
SG_011428,0,0.10679676380690752,0.13465443806283436
SG_011430,0,0.23389561671080095,0.20685124050567658
SG_011431,0,0.1505543869894971,0.16665659958326573
SG_011433,0,0.21108551578578988,0.22632611071290376
SG_011434,0,0.1584537727440375,0.16478433751864616
SG_011435,0,0.20698875118313362,0.22759432537425753
SG_011436,0,0.2047681363587579,0.2006396803294341
SG_011438,1,0.20908960067247168,0.20578833824808512
SG_011439,1,0.15232542014360556,0.1647432653200067
SG_011440,1,0.2620566296401043,0.21429809832732782
SG_011441,0,0.26619425268138647,0.23812069830113838
SG_011442,0,0.15503688715150726,0.1678154902314883
SG_011444,0,0.11722846614550395,0.1450739727224414
SG_011445,0,0.19368582350767813,0.19647179993229186
SG_011446,0,0.26799000393755484,0.2940513622169569
SG_011448,0,0.13035097875219814,0.15932621554996496
SG_011449,0,0.1385118500094289,0.13678966384193725
SG_011451,0,0.08630826162663426,0.0713456283683004
SG_011452,1,0.1825096481546779,0.19680251707882007
SG_011453,1,0.17293602937009742,0.20149468494106315
SG_011454,1,0.17097285633096665,0.19870340870742279
SG_011455,0,0.1277054430768076,0.14841709426117278
SG_011456,0,0.16224125428693514,0.12628494455974862
SG_011459,0,0.13548908600255177,0.12419078505948686
SG_011461,0,0.16259368780289757,0.15192799654032663
SG_011462,0,0.17316384374154795,0.20251583709135673
SG_011463,0,0.19173619659822203,0.21049745250751578
SG_011465,0,0.20972357587552076,0.16469820788765183
SG_011466,0,0.16791740396486401,0.2113903955898932
SG_011467,0,0.17280235008947448,0.15186732456619959
SG_011470,0,0.15094387978120813,0.12222622964904398
SG_011471,0,0.279813272359605,0.23738220958445444
SG_011472,0,0.19651638406770175,0.18884439594267086
SG_011474,0,0.13899049860664134,0.158339277993207
SG_011476,0,0.1418194093688895,0.16554820031084974
SG_011477,0,0.15827140421356975,0.14192063041756542
SG_011478,0,0.10292966068339271,0.12593643922254188
SG_011480,0,0.18016677413923587,0.2309663926542586
SG_011481,0,0.14407722349823282,0.1679128622376153
SG_011484,0,0.13187600664292817,0.11172557059442
SG_011485,0,0.09665378203319669,0.08923938274747427
SG_011486,0,0.1788218556496686,0.19464153930723005
SG_011487,0,0.11858414678957221,0.14241670389728173
SG_011488,0,0.17039264097200701,0.15236573473373857
SG_011489,0,0.19774424066012422,0.2589091527367619
SG_011490,1,0.19721547360290206,0.17739420514301413
SG_011491,0,0.25745338794897243,0.2170665759595875
SG_011494,0,0.1696775513890561,0.2006087813377077
SG_011495,0,0.20437219089586822,0.1849263551505067
SG_011496,1,0.188659735638585,0.27656299357719866
SG_011498,0,0.16505498530207724,0.16284495886257427
SG_011499,0,0.2008828009325838,0.2194190510786238
SG_011500,0,0.15208975184765408,0.18742567407572455
SG_011501,0,0.30104394457424843,0.2720253388234381
SG_011502,0,0.12061768190275633,0.12886095713727752
SG_011506,0,0.14384308387157616,0.13514985265029
SG_011507,0,0.1651630362739087,0.11315115167105576
SG_011508,0,0.1357679339645019,0.10183272411210038
SG_011509,0,0.16106154278518697,0.06220302639746594
SG_011510,1,0.23396025420651967,0.1672350422894283
SG_011511,0,0.1812920331618821,0.17605790199408472
SG_011513,0,0.10357749751588172,0.1144254394912765
SG_011514,1,0.30400062195363176,0.3024055283023608
SG_011515,0,0.22395036165225748,0.18735552705563918
SG_011516,1,0.17926593810869834,0.19103697473067857
SG_011517,0,0.12336528926282844,0.10487595033371674
SG_011518,0,0.14321385736458647,0.14340517911452758
SG_011520,0,0.15789518044537693,0.17378627431606503
SG_011521,0,0.16373201226935397,0.17726858418638936
SG_011522,0,0.17969097388666885,0.1605004087410247
SG_011523,0,0.1508291923634325,0.167761755535636
SG_011524,1,0.15543819222305227,0.1717508216537593
SG_011525,0,0.2131451709844406,0.23970230042308083
SG_011529,0,0.21649067611798145,0.17064276077190005
SG_011530,0,0.1587428282895164,0.15829769576357894
SG_011531,0,0.16833923484204863,0.17547340405407505
SG_011533,0,0.16771259468193941,0.16506680526624423
SG_011534,0,0.16259368780289757,0.1614244117231715
SG_011535,0,0.1765209736167761,0.21320380786033458
SG_011536,0,0.166413948336478,0.11578700053975748
SG_011537,0,0.10783966424258896,0.1281308421563724
SG_011538,0,0.27187764953473564,0.20419352140874483
SG_011539,0,0.1557281026270984,0.1624022221051419
SG_011540,0,0.11060028214331379,0.11526283806918941
SG_011542,0,0.19834037868510423,0.2206754828480012
SG_011543,1,0.17996187829767157,0.26687372233731604
SG_011545,0,0.12370726065510768,0.1198704860466771
SG_011546,0,0.20373546883226237,0.19321003594343367
SG_011549,0,0.20031376316319863,0.22589233293759448
SG_011550,0,0.10033578074522548,0.10933769047551077
SG_011551,0,0.18224118839112444,0.1790468346668568
SG_011553,0,0.25063648123127374,0.2710202000756381
SG_011554,0,0.12882041819468684,0.17700493997704103
SG_011555,0,0.13230445640474806,0.1069736053295573
SG_011556,0,0.10587484840024387,0.11793619813494419
SG_011557,0,0.17765103699370807,0.24971656943937826
SG_011558,0,0.1608162719237609,0.14708734191943723
SG_011559,0,0.12498721448508188,0.14677463445246505
SG_011560,0,0.19870534992899536,0.20289286267477197
SG_011561,0,0.12931339459488345,0.1612983544323773
SG_011562,0,0.16570816775947886,0.17576043495169297
SG_011563,0,0.16813774521274938,0.16663292427568827
SG_011564,0,0.24583037287667045,0.23915581345880127
SG_011565,0,0.16122988683837605,0.14316791291166195
SG_011568,1,0.16894982295238373,0.19213689275273144
SG_011570,0,0.1369311634109988,0.12600179099326866
SG_011571,1,0.19182075061064802,0.20343550092679735
SG_011572,0,0.2006090038473129,0.2441316063725587
SG_011573,0,0.19043281542303497,0.20650581916946942
SG_011574,0,0.12568984484941775,0.14266573945444322
SG_011578,0,0.22112415361524143,0.22351984333028854
SG_011579,0,0.15731588370390942,0.13832429382769465
SG_011580,0,0.169356891321875,0.14474718037980633
SG_011582,0,0.16513331878849385,0.17574335121783272
SG_011583,0,0.2461978622274765,0.23980836521233886
SG_011585,0,0.19192433738420286,0.23235073231024267
SG_011587,0,0.1467571173651288,0.16620942121974433
SG_011588,0,0.11388475087635619,0.13093627983428863
SG_011589,0,0.18482836627775157,0.1384870416968069
SG_011590,1,0.12109924192661171,0.12408373016637873
SG_011591,0,0.14758981171548247,0.13806119241886214
SG_011592,1,0.19616148816692827,0.20125392998568647
SG_011594,0,0.17684737897399314,0.2058644260312489
SG_011595,0,0.13735997198314717,0.1395580616300159
SG_011596,0,0.17785664220121108,0.19854727474485528
SG_011599,1,0.17677707285294028,0.27743117913049914
SG_011600,0,0.2132272385753248,0.18022262952776733
SG_011601,0,0.18208950625040232,0.1644084035111991
SG_011603,0,0.3073794965646988,0.26502535075978567
SG_011604,0,0.19410709753187988,0.19207107455221759
SG_011606,0,0.17788018458174631,0.16883269995710798
SG_011608,1,0.19929057261311744,0.2802513122954737
SG_011609,0,0.17426244294565785,0.1381750854077888
SG_011610,0,0.18455944656659246,0.18490564525297523
SG_011611,0,0.28453419441298955,0.27889302816130296
SG_011613,0,0.23994688064488265,0.20203556665303588
SG_011614,0,0.2092995243925983,0.2071366868631826
SG_011615,0,0.14169790182716083,0.18795051468497662
SG_011618,0,0.14605694057403046,0.13318740146347274
SG_011619,0,0.16556064875042742,0.18080279201585117
SG_011621,0,0.16106154278518697,0.09973181715671826
SG_011623,1,0.23799925908466651,0.18693223885343613
SG_011624,1,0.16663916435001191,0.1722962593170979
SG_011628,0,0.13524239141833083,0.14459271421615993
SG_011629,0,0.2184996565366727,0.20184532121849774
SG_011630,1,0.15329940337525155,0.1617425746870321
SG_011631,1,0.1414349130406639,0.12599686815042832
SG_011634,0,0.17555682322508312,0.19298793183209534
SG_011636,0,0.14602814649345713,0.12980853725929706
SG_011637,1,0.1431389286083977,0.12296544704866111
SG_011639,0,0.2686369114877023,0.20917123118978834
SG_011641,1,0.1763969360484369,0.1926221887936757
SG_011642,0,0.16144407453852289,0.1245273904943474
SG_011643,0,0.15549479185193288,0.15949633210173034
SG_011644,0,0.10382080752976218,0.10311869380713272
SG_011646,0,0.16566779172371887,0.18419643148426218
SG_011647,0,0.18016421196731708,0.24481530323484557
SG_011648,0,0.2807468087163699,0.22153138935961508
SG_011650,0,0.1599779833188091,0.1427912690639369
SG_011651,0,0.13892693966664302,0.11866558170136059
SG_011652,0,0.18299533991763878,0.21792938715362217
SG_011653,0,0.1742812220296646,0.18634662114828296
SG_011654,0,0.16595236607780295,0.1380572402846017
SG_011655,0,0.14695301147248518,0.12016519163211946
SG_011657,0,0.1397263371380143,0.12777407318562864
SG_011658,0,0.2480661983916392,0.2836596375325168
SG_011659,0,0.06319663567399755,0.07107199548064333
SG_011660,0,0.09898460181234268,0.1070115562644222
SG_011661,0,0.13064381994753985,0.07495951841047262
SG_011664,0,0.16679208457659334,0.12816836744553292
SG_011665,0,0.19142777743685005,0.1992610325540294
SG_011667,0,0.19939897660873904,0.23525230306733097
SG_011668,0,0.18689111486913756,0.21343482455899587
SG_011669,0,0.1321667846614314,0.10145702580337423
SG_011670,0,0.10070412404003978,0.08301424518475821
SG_011671,1,0.11733498753314849,0.1493143858969619
SG_011674,0,0.1504773210601246,0.1397423746155661
SG_011675,0,0.20914289699605207,0.20120551384976174
SG_011677,0,0.21868913164130568,0.19287279919213893
SG_011679,0,0.17160086132892846,0.19512913578286545
SG_011680,0,0.17863666669025777,0.19680524861066032
SG_011681,0,0.20581415757622978,0.22157451082577506
SG_011685,0,0.16491621737747472,0.15727363704863997
SG_011686,0,0.13363730964538115,0.12173670649245165
SG_011687,0,0.1751250959565377,0.18164895141159845
SG_011688,0,0.13731861188708216,0.13281586446951393
SG_011689,0,0.2443427837302558,0.1676239743298872
SG_011690,0,0.22460781012885783,0.1704423162494334
SG_011692,0,0.0933111360961415,0.061811165212442495
SG_011693,0,0.1820422750675337,0.2027396662046101
SG_011696,1,0.18607216332479398,0.17078197859451888
SG_011698,0,0.08703259847599473,0.08929780325865759
SG_011700,0,0.2019252309347588,0.23107777765059553
SG_011702,0,0.12222160984338845,0.15844971729970264
SG_011703,1,0.16985812179954438,0.19724106187599688
SG_011706,0,0.11555690746636568,0.12711366705623423
SG_011707,0,0.1447917716703133,0.13984096413928263
SG_011709,0,0.08056824572388432,0.11483776893341366
SG_011710,0,0.15272923064049096,0.11132571076113489
SG_011711,0,0.15917250698527663,0.1383475146632787
SG_011712,0,0.12916537994171448,0.1404655105840623
SG_011713,0,0.19935900578850574,0.222394618225452
SG_011716,0,0.0930345105991078,0.10527694374896321
SG_011717,0,0.1103631553934281,0.11576480198640215
SG_011718,0,0.12519072752748267,0.10903451605010268
SG_011719,0,0.17003690775396993,0.17194931429200297
SG_011722,1,0.1574512811602916,0.18337716166612528
SG_011723,0,0.17208426986575692,0.16809502680884295
SG_011724,0,0.1620436285944449,0.16612342399614471
SG_011725,0,0.16619103647942213,0.12600234582459263
SG_011726,0,0.2093760208719725,0.17547789388510032
SG_011730,0,0.14253653703204888,0.14241245503808225
SG_011732,0,0.15750888642871883,0.15424428335658336
SG_011733,0,0.2551063632140265,0.21504751070376116
SG_011734,0,0.13993597294413238,0.1507970408080255
SG_011735,0,0.09524391652256416,0.09884449678814644
SG_011738,0,0.11193302081298537,0.14592408735221493
SG_011739,0,0.16106154278518697,0.13780865541698442
SG_011740,0,0.08378543637972,0.10258924772285115
SG_011741,0,0.09427020491457641,0.0990696182720063
SG_011742,1,0.16324762473196786,0.17477609184961374
SG_011743,0,0.1385223330092699,0.17986439756114284
SG_011744,1,0.1337841247131264,0.12853915860556525
SG_011745,0,0.23913139854161353,0.19990599379976415
SG_011746,0,0.17550006692902478,0.17261421861129467
SG_011748,0,0.21477072711528494,0.21787627505228724
SG_011751,1,0.18143644059079253,0.1606907758210586
SG_011753,0,0.10689208316426187,0.13846557127177186
SG_011754,0,0.14292553237980316,0.1538111751201861
SG_011755,0,0.1697728639562001,0.1799785165964845
SG_011756,1,0.2044818735385093,0.17322322697242193
SG_011758,0,0.20554901283474228,0.2506350403290834
SG_011759,0,0.2798584424579393,0.2593474100095544
SG_011760,0,0.23957430343533773,0.2221243821627623
SG_011761,0,0.12150588919338336,0.1367985778542975
SG_011762,0,0.1050983056707696,0.0996915510619677
SG_011763,0,0.22969770651010382,0.254133959054644
SG_011765,0,0.18644375878672145,0.17410461135313687
SG_011766,0,0.2807997527642535,0.2752806822000879
SG_011768,0,0.15205232645309372,0.17287092710699323
SG_011771,0,0.08925600958722876,0.09098852895054862
SG_011774,0,0.16259368780289757,0.1441087865310501
SG_011775,0,0.17119177103095243,0.16265764143853076
SG_011776,1,0.1581932240147563,0.16276439516146804
SG_011778,0,0.16682742806764558,0.15579327903337625
SG_011781,0,0.2420189289063547,0.2003205069623316
SG_011782,0,0.17761681445215527,0.16840120689907606
SG_011783,0,0.18947367655795325,0.2250171909451897
SG_011784,0,0.1302372029531713,0.15216042852412318
SG_011785,1,0.17075285697095177,0.1851760477475478
SG_011788,0,0.16544854411939783,0.1585590444389522
SG_011790,0,0.21444958226626995,0.2332644687706004
SG_011791,0,0.1700721715312368,0.13287092091016633
SG_011792,0,0.10489436290645311,0.1105994038297554
SG_011793,1,0.09794685138130203,0.14819261549720425
SG_011794,0,0.1440602195504532,0.12709866040397416
SG_011795,0,0.1794391313645453,0.22441261981480415
SG_011797,0,0.18693029774724998,0.18041350305887738
SG_011798,1,0.23911046471484074,0.21534824142031328
SG_011800,0,0.11644358383363819,0.07853902814707339
SG_011803,0,0.16106154278518697,0.09206432992109044
SG_011804,0,0.15009380122778954,0.15917687059665434
SG_011805,0,0.2290140819851133,0.23688271408219025
SG_011807,0,0.3273437311973615,0.3266152588567659
SG_011808,0,0.19903334449706747,0.2059844832764807
SG_011809,1,0.14016025054787748,0.17038138934905206
SG_011810,0,0.17016276632415528,0.1251549668797005
SG_011811,0,0.15769029866534542,0.16771224338501498
SG_011813,0,0.16106154278518697,0.10804052010002956
SG_011817,1,0.11767342546322819,0.10426561114798505
SG_011818,0,0.18716443919583428,0.19016990606914952
SG_011819,0,0.17752085914842583,0.21390295981211913
SG_011820,0,0.15816616428862756,0.13860564880430953
SG_011821,1,0.17583143882535257,0.23384236787357274
SG_011822,0,0.1356788136284892,0.1468217501996887
SG_011823,0,0.14668919510144066,0.10654563469184691
SG_011824,1,0.10421044430253011,0.12537199811189034
SG_011825,0,0.16404010637123115,0.20119654987998845
SG_011826,0,0.2494069424093589,0.21619675729355925
SG_011827,0,0.17174006746076917,0.1796225542614172
SG_011828,0,0.1260360472969876,0.12987909956380075
SG_011829,0,0.08772270622304641,0.12226570358308658
SG_011831,0,0.18670944083730232,0.18209941682196906
SG_011832,0,0.1505732812994923,0.14399760893235028
SG_011834,1,0.17248626110823206,0.1825182674820532
SG_011835,0,0.09806885516813774,0.09402594267248066
SG_011836,0,0.1595014084444762,0.17506022977800112
SG_011837,0,0.15288127023375442,0.17131379048072817
SG_011838,1,0.2388838295289395,0.2438147018195383
SG_011839,0,0.14977716736330832,0.1503637092011942
SG_011840,0,0.1959527059122965,0.20507113347046416
SG_011841,0,0.16572882851605983,0.16108638949692322
SG_011842,0,0.21105003372814307,0.203434329629955
SG_011844,0,0.1740144621895689,0.17395173026158195
SG_011845,0,0.16320498970902833,0.11003551712923923
SG_011846,1,0.16109329423832625,0.19706119887261278
SG_011847,0,0.10089064732689042,0.09409070157331353
SG_011848,1,0.15151906124087125,0.10615674380686889
SG_011849,1,0.33920285884378587,0.3773780729813399
SG_011850,0,0.12759455309239928,0.13567769557107606
SG_011851,0,0.16862851819758085,0.15815266789639298
SG_011852,0,0.17623924489852333,0.1885585409601023
SG_011854,0,0.23218178943825873,0.21397124052606162
SG_011856,0,0.16728104762710666,0.13754062059541722
SG_011857,0,0.14722784047117934,0.1771387857935743
SG_011859,0,0.12059695938929048,0.11499055116565633
SG_011860,0,0.14188047581782634,0.11907048897595444
SG_011862,0,0.1467406955616563,0.14417021922298462
SG_011865,0,0.09607641076589073,0.10243698325935774
SG_011866,0,0.09338178890073123,0.09858560726827549
SG_011867,0,0.13336575500287587,0.1331404184052338
SG_011870,1,0.1638697966363214,0.17506326857916882
SG_011872,1,0.09180198685855832,0.08335345312051817
SG_011873,0,0.14956294035505197,0.18162186745456443
SG_011874,0,0.17365182412482466,0.10901681565864868
SG_011875,1,0.14523939192155713,0.13188774223364172
SG_011876,0,0.14666629270593443,0.12164815467891217
SG_011877,0,0.1756270592511057,0.16105182846793945
SG_011878,0,0.13937913659730675,0.12233213172790709
SG_011879,0,0.13008633387226673,0.20864578518253465
SG_011880,0,0.1839837201122613,0.21370505128200426
SG_011881,1,0.16144074259609406,0.17921988637453304
SG_011882,1,0.17694326543294958,0.16088880299626213
SG_011883,0,0.28057147994624637,0.2544628305278069
SG_011884,1,0.24266180486086045,0.2823475145942139
SG_011885,1,0.16196817740769748,0.17462450999501614
SG_011887,0,0.16106154278518697,0.10784147255345988
SG_011888,0,0.10743326223329364,0.13160247450917273
SG_011891,0,0.209047789756613,0.18902201451755152
SG_011892,0,0.1529398828475773,0.16687877022642306
SG_011893,1,0.18780861859154035,0.22786208736227492
SG_011895,0,0.16317057010336108,0.20242917543948305
SG_011897,0,0.11134545388116396,0.16489372937509558
SG_011899,0,0.16254049230095938,0.16336114647045122
SG_011901,1,0.16450213325245522,0.11013068192351881
SG_011902,0,0.21514298695270426,0.23753888939413864
SG_011903,0,0.16400477786627946,0.11197963574898732
SG_011904,1,0.18245833839445574,0.20458559789829378
SG_011905,0,0.13343351405456705,0.1522220299080491
SG_011906,0,0.13331050778523498,0.1506899764745689
SG_011907,0,0.10876175353563476,0.15668873222345528
SG_011908,0,0.26228452749141434,0.2532075856492091
SG_011909,0,0.14877963148194445,0.15988496272041824
SG_011910,0,0.13522949494298817,0.14293534975104782
SG_011911,0,0.1741605150070727,0.1993530397492981
SG_011912,0,0.1876464756255983,0.17682704081690723
SG_011913,1,0.19507253270347025,0.16049289238900957
SG_011914,0,0.32758095432858303,0.25667012577143966
SG_011915,0,0.13020296389485297,0.14849674589093678
SG_011916,0,0.16106154278518697,0.09223817040760761
SG_011917,0,0.17782836032869664,0.18626466743529416
SG_011919,0,0.11099935626563023,0.10761325653366466
SG_011920,0,0.17911963379446288,0.21167335912548754
SG_011921,0,0.17543241442790936,0.18196342342536032
SG_011923,0,0.15004025998825654,0.12632119085038632
SG_011924,0,0.16135836636201498,0.15449873367637237
SG_011928,1,0.15739657259151854,0.1568560114158188
SG_011929,0,0.14139662321726681,0.1574990865099831
SG_011930,0,0.1833809634469051,0.15385265597846917
SG_011932,1,0.17588937046987774,0.20654123012867706
SG_011934,0,0.16106154278518697,0.15862549556956015
SG_011935,0,0.23582487117416165,0.2278744374687836
SG_011937,0,0.1287721501609507,0.10487997011804624
SG_011938,0,0.1104025225533964,0.1084855092038864
SG_011941,0,0.16318678479993512,0.17767932073374193
SG_011942,0,0.1194852689465974,0.1260555230956012
SG_011943,0,0.14734598942349758,0.1573779288917783
SG_011944,0,0.19291268868606734,0.16990199361729744
SG_011945,0,0.2382724096095715,0.24612824948723624
SG_011946,0,0.08747683328543503,0.07046339941819346
SG_011947,0,0.14974498977356496,0.15359961846854972
SG_011948,0,0.16883709206708922,0.1646529747542068
SG_011949,0,0.13541904405727453,0.14590259784865456
SG_011950,0,0.1498299663137691,0.16974726143811295
SG_011951,1,0.16878994002163838,0.22383392166764032
SG_011952,0,0.10249875544044114,0.10391595438323491
SG_011954,0,0.1049607464464114,0.08446923593303622
SG_011957,0,0.17708400540388575,0.2487545776718854
SG_011958,0,0.13409638902038282,0.147876790984712
SG_011960,0,0.16342755281458107,0.16609932104392536
SG_011963,0,0.1743440863104725,0.22954456717232488
SG_011964,0,0.15168595090411935,0.1553225068271906
SG_011965,0,0.12441342813459001,0.1385808436983798
SG_011967,0,0.16951187488347516,0.19051768923997736
SG_011968,0,0.16406943834130153,0.13216157985136665
SG_011970,0,0.17175371033987563,0.1695089952019535
SG_011972,0,0.19304402391565625,0.16165314725401353
SG_011973,0,0.11945526739948233,0.12192020257533161
SG_011974,0,0.18794883752351876,0.19094159666267926
SG_011975,0,0.21896117711753785,0.18530352084005844
SG_011976,0,0.08343190775511351,0.06895622397385168
SG_011979,1,0.21381377105362182,0.19328954562748205
SG_011980,0,0.18054206448261423,0.18684191552708745
SG_011981,0,0.1651851022645464,0.16699520877603893
SG_011982,1,0.3964589087414787,0.36560819213016565
SG_011984,0,0.22099972110564706,0.1461973164765461
SG_011985,0,0.16106154278518697,0.06978940623230939
SG_011987,1,0.20057095480834417,0.20742069801718427
SG_011989,0,0.14259263891828897,0.13138830653283307
SG_011990,0,0.11055194886804197,0.10161797933493401
SG_011991,0,0.15638192782632238,0.15465374123522957
SG_011992,0,0.09503978692301406,0.08276483672049445
SG_011994,1,0.045169221379752045,0.05653241824421678
SG_011998,0,0.12965012500806078,0.11911456785889843
SG_011999,0,0.13738850322936416,0.1446412863995744
SG_012001,0,0.1146936945312006,0.14221658860993208
SG_012002,0,0.1643960641540027,0.09502677710708815
SG_012003,0,0.14508619488153954,0.1513622289647561
SG_012004,0,0.10437552405424233,0.10414123097069186
SG_012005,0,0.13008330916248756,0.1405593374806053
SG_012006,0,0.13655721995000003,0.1441176413210845
SG_012007,0,0.16776692184887432,0.16727906219985308
SG_012008,0,0.24633313523411693,0.23261556487088758
SG_012009,0,0.1011490924089044,0.09845569099595662
SG_012010,0,0.18307834341478835,0.17784089660503835
SG_012011,0,0.12649020634144434,0.15109612075182907
SG_012012,1,0.15661815837189466,0.17190945023178147
SG_012014,0,0.11603296568784274,0.11625776505345872
SG_012015,0,0.18910461504487933,0.17466333177854146
SG_012016,1,0.17756648802192268,0.181355265842284
SG_012017,0,0.17832476990366755,0.18667827512684476
SG_012021,0,0.15092253091707614,0.1433536571643709
SG_012023,0,0.08837786626493452,0.0837936442447599
SG_012024,1,0.14533640892474273,0.13881713567034992
SG_012025,0,0.1630981561221543,0.19591064661300603
SG_012026,0,0.17453570749296132,0.19336381112614148
SG_012027,0,0.1336459794592202,0.11798927667708595
SG_012028,1,0.1804477052947054,0.18131903489396994
SG_012029,1,0.23428272369429606,0.25424325684834675
SG_012030,0,0.16643857849443244,0.1457376354968722
SG_012032,0,0.15458937022393482,0.15437929361375236
SG_012033,0,0.1482643678543022,0.14424135410703218
SG_012034,0,0.16823715114721335,0.11893648235573563
SG_012035,0,0.17532884140681518,0.16764519755448418
SG_012036,0,0.2496884517668407,0.2213455011543606
SG_012037,0,0.17742793857794914,0.1121144688229751
SG_012038,1,0.1528331646210688,0.10834737972447432
SG_012039,1,0.1652209740591164,0.12609450175744932
SG_012042,1,0.19429273423404575,0.36417269118697587
SG_012043,0,0.18538140293185312,0.206316089763712
SG_012044,0,0.1689082105828675,0.1623455515899307
SG_012045,0,0.16576917266400776,0.19512885954690729
SG_012046,0,0.16106154278518697,0.06644197209289847
SG_012047,1,0.2305515428376636,0.2249842153158191
SG_012049,0,0.2232773434923455,0.2452832312983835
SG_012053,0,0.10085872447806662,0.10741190494341532
SG_012054,0,0.20732068906034942,0.21701535086324034
SG_012055,0,0.16106154278518697,0.10462629399267064
SG_012056,0,0.0992566058654707,0.10316310189506481
SG_012057,0,0.13885923837451492,0.1225418486405813
SG_012058,0,0.2068631563089814,0.18795573965369933
SG_012059,1,0.16772642469512658,0.179641275884651
SG_012060,1,0.16732527067545647,0.1330326523197669
SG_012061,0,0.15808673259059433,0.13121457322811383
SG_012062,0,0.13022139117146217,0.11868613073537386
SG_012063,0,0.3430590398574425,0.24886909000919125
SG_012065,0,0.15074505901289753,0.16476484913791378
SG_012067,1,0.1301217287179402,0.13663652108828087
SG_012069,1,0.20948308105488955,0.19482547374427042
SG_012070,0,0.16857972785754008,0.16451486990435776
SG_012071,1,0.2658778973932362,0.20686481566551954
SG_012072,0,0.1167310572026028,0.11529837290780702
SG_012073,0,0.17019077063296817,0.18921685239375022
SG_012074,0,0.10691663811094462,0.10865741898102878
SG_012075,0,0.05725041910190991,0.07868367355508436
SG_012083,0,0.09967011150065783,0.10414806410938882
SG_012084,0,0.16941986141906742,0.20842369247309006
SG_012085,0,0.19466289608626836,0.19922177958102255
SG_012087,1,0.2701709366131951,0.2129583724714461
SG_012088,1,0.19829422211094222,0.16307501436894237
SG_012090,0,0.17221107245920397,0.14916884018403787
SG_012091,1,0.17996316755156805,0.2037976869925568
SG_012092,0,0.22347399272654433,0.22517922792222791
SG_012093,0,0.10807953624767976,0.13571084545048237
SG_012094,0,0.18250922436658634,0.13541010778924423
SG_012095,0,0.13509382642554504,0.1479917635675443
SG_012096,0,0.16953937890590248,0.20358629693782684
SG_012098,0,0.13852094163130815,0.13343245891550806
SG_012099,0,0.1667565828510329,0.11310392918660399
SG_012100,1,0.19924518561977972,0.187105371380398
SG_012101,1,0.18312133401015582,0.1811389144454247
SG_012102,0,0.11365753526211862,0.1399365455667072
SG_012103,1,0.2629065059011891,0.21903946037398442
SG_012105,1,0.17309899997269232,0.1686117849830144
SG_012106,0,0.1620964049780632,0.16701284631428973
SG_012107,1,0.23651260978941058,0.17894006622385494
SG_012109,0,0.17570602731357274,0.21342008021874517
SG_012110,0,0.11588105631021646,0.11497941919426656
SG_012111,0,0.09968768406356382,0.08949676965464569
SG_012112,0,0.13688849871692504,0.10098887328598437
SG_012114,0,0.17687091094180266,0.1345749561230483
SG_012115,0,0.14622104404543293,0.1342173249251034
SG_012116,0,0.16106154278518697,0.11196754910240679
SG_012117,0,0.1829568693243791,0.23256421502454933
SG_012118,0,0.13933175396536987,0.14569322998618048
SG_012120,0,0.14924493385911067,0.15032078100476287
SG_012121,1,0.19190252345585937,0.18953428359989655
SG_012122,0,0.1800935306644749,0.18747384085136576
SG_012123,0,0.1802937967102461,0.19365125348657597
SG_012126,1,0.20348006040189068,0.1838813833770045
SG_012127,0,0.17319667895884333,0.18276475278036716
SG_012128,0,0.20320286385675873,0.2101961445291374
SG_012129,0,0.11164057270543537,0.09929405411168955
SG_012130,0,0.15160590286757228,0.14645667344422045
SG_012131,0,0.16876546928337705,0.1665738000714142
SG_012132,0,0.16583522417258725,0.15446907591845246
SG_012133,0,0.1821832432778954,0.21840491734270068
SG_012134,0,0.16106154278518697,0.0869492867311453
SG_012135,0,0.18220499433429982,0.20673330253628355
SG_012136,0,0.12142211696550137,0.12279847732862872
SG_012137,0,0.10448816707077754,0.13352934433099795
SG_012138,0,0.21536257788041213,0.23902158510559163
SG_012139,0,0.1816128953576296,0.2011786162658395
SG_012140,0,0.16928225401107766,0.14694203895217547
SG_012142,0,0.14940466849536596,0.14403852396828232
SG_012144,0,0.19479936925662952,0.1679311303166112
SG_012146,0,0.1307440465425963,0.09145899624777347
SG_012147,0,0.14218775036403863,0.11368419497519569
SG_012149,0,0.2617772760079229,0.23397350898111666
SG_012151,0,0.20955428018714836,0.19267624303156106
SG_012152,1,0.14325430280745208,0.1226633766151742
SG_012153,0,0.11303107844908943,0.0982211205315009
SG_012154,0,0.16769736641136854,0.19528369000011908
SG_012155,0,0.13734370402620943,0.1194114979984731
SG_012156,0,0.21634391763700053,0.19416124136722582
SG_012157,1,0.11243847482042667,0.12101426931546756
SG_012158,0,0.13220153704555715,0.14619148559209666
SG_012159,0,0.16672326606268412,0.12956655191583166
SG_012160,0,0.10267440915538552,0.10438953936763795
SG_012161,1,0.275120449438554,0.20746740697826715
SG_012163,0,0.13753869144676942,0.16159678788789755
SG_012164,1,0.1787867757142655,0.1818402767434611
SG_012171,0,0.2035022822035183,0.18117323960802936
SG_012172,0,0.11401750709090809,0.11161544466016576
SG_012173,0,0.12879041858147863,0.14832815358088874
SG_012174,0,0.31521466451005936,0.2452115469651101
SG_012178,0,0.1501837376534801,0.17639532276418612
SG_012179,1,0.16464143864537578,0.15165427828477057
SG_012180,0,0.16411242766473455,0.17552627797518588
SG_012182,0,0.14334797447365916,0.17755101748122082
SG_012183,0,0.14236310478642497,0.15175817756462318
SG_012184,0,0.10687932034489615,0.11943896071267954
SG_012185,0,0.16964881729969933,0.13758920856229023
SG_012187,1,0.2711520677588909,0.22342250585678247
SG_012188,1,0.1757861405102822,0.16127865808675146
SG_012189,0,0.16595236607780295,0.20970095794763502
SG_012191,0,0.14161662420579038,0.16360838022132965
SG_012193,0,0.19238446097764328,0.16756920986038468
SG_012196,0,0.125571425921457,0.12358617581220889
SG_012197,0,0.17663763648331446,0.18078470049433398
SG_012200,1,0.16967794397256739,0.14353055176116575
SG_012201,0,0.16722402676463347,0.13718695024759658
SG_012202,0,0.1509995100586657,0.13367209932460042
SG_012203,1,0.18670090294947364,0.17214609779522957
SG_012204,0,0.14719574518533549,0.12912444613532864
SG_012207,0,0.1953914382962027,0.1736478647115994
SG_012208,0,0.14879297585525578,0.14453816622861054
SG_012209,0,0.1700615088318769,0.19158434123625037
SG_012210,0,0.16796901821710886,0.13140438048234598
SG_012214,0,0.14014058111547067,0.12269736205998458
SG_012215,0,0.16106154278518697,0.10139882368883842
SG_012219,0,0.16106154278518697,0.06268466793951676
SG_012221,0,0.12311973525857993,0.11758224694545591
SG_012222,0,0.18202052908199284,0.25006437892169997
SG_012223,0,0.1805022425475245,0.16069475788514664
SG_012224,0,0.16619062728042258,0.20488230521330314
SG_012226,0,0.14018186740154753,0.13008749529059208
SG_012227,1,0.15483203413903493,0.15482572954510432
SG_012228,0,0.16106154278518697,0.1154263932476874
SG_012229,1,0.11196344079076165,0.10985481210782995
SG_012231,0,0.1443673720710219,0.18471550310950144
SG_012233,0,0.16764991059674103,0.19011060401398738
SG_012235,0,0.09794203838990181,0.11341975364584735
SG_012236,0,0.1709668827520911,0.1852100634183797
SG_012237,0,0.14184091556687906,0.16961064449836424
SG_012239,1,0.2209112015169417,0.2517056208029458
SG_012240,0,0.09760003801537229,0.11169372809421096
SG_012242,1,0.13366931822067443,0.11422311638715023
SG_012244,1,0.299691899777448,0.2968861489597232
SG_012245,0,0.13921654297289213,0.1482642958445395
SG_012246,0,0.15998017149252142,0.21271050488009607
SG_012248,0,0.19962972767106715,0.15289705133385936
SG_012249,0,0.17877334040377466,0.1506031232273239
SG_012250,0,0.1510962527378142,0.1520208866768172
SG_012251,0,0.17424665328062042,0.18862638989781522
SG_012252,0,0.1548710922347404,0.14395013405994447
SG_012254,0,0.10485532584173339,0.09016685119210617
SG_012255,0,0.15619189337888875,0.15634588745907524
SG_012256,0,0.12432925466980392,0.12531603407198266
SG_012257,0,0.14877711232160354,0.19135639955804717
SG_012259,0,0.1729447558204115,0.1776359437247929
SG_012261,0,0.18588345442031073,0.20754962978760347
SG_012262,0,0.10177988795923457,0.11698019295461858
SG_012265,0,0.10589433741221499,0.14863036906904467
SG_012267,0,0.23775054132222254,0.22316477283954242
SG_012268,0,0.08057698312066071,0.12052909437659594
SG_012269,0,0.3509864020546331,0.35897947788724266
SG_012271,0,0.1212645826462777,0.11675844261162469
SG_012273,0,0.19384277870023472,0.21793154242794893
SG_012274,0,0.10760200418884747,0.12644455169654603
SG_012275,0,0.17403547593403185,0.20593967367318908
SG_012282,0,0.23066121476256768,0.16510639938799418
SG_012286,1,0.19239092329737945,0.18262187775272382
SG_012287,0,0.16280403111222272,0.1578970004176229
SG_012288,1,0.19983187577157005,0.19858485729615408
SG_012289,0,0.2329372781134662,0.24914445886948952
SG_012291,0,0.16013682210179933,0.13010860865730245
SG_012292,0,0.10425455385067371,0.13238400486959034
SG_012294,0,0.158697133154354,0.177319611229701
SG_012295,0,0.17095933851895195,0.21158854563258472
SG_012296,0,0.24066391042132287,0.25386171084629006
SG_012297,1,0.17116820282608697,0.10242735453353215
SG_012298,0,0.16506821875197425,0.1415030621412062
SG_012299,0,0.1995925855222825,0.2214423439045284
SG_012300,1,0.2496364644102626,0.2879262784046037
SG_012302,1,0.13443923709502445,0.18394561661203912
SG_012303,0,0.21467143135426414,0.18894719613584832
SG_012304,1,0.14463394356058518,0.12309227929892508
SG_012306,0,0.16680240468560706,0.1746618671810242
SG_012309,0,0.16976196795424936,0.1749192824749935
SG_012311,0,0.18946771901018605,0.1828453949321465
SG_012314,1,0.16106154278518697,0.1232228790529163
SG_012315,0,0.1841158465102398,0.22869422313096877
SG_012317,0,0.16729816625336996,0.12955587887859266
SG_012318,1,0.15391086491558478,0.15549185293409148
SG_012319,0,0.1414224660421246,0.20291948146129068
SG_012320,1,0.19569349704211797,0.18545382690204723
SG_012323,0,0.1841480542984867,0.22146949712584976
SG_012324,0,0.17377585358376693,0.2057659025646264
SG_012325,0,0.22198153565127227,0.16829979377799897
SG_012327,0,0.15562465694432287,0.1543986344008883
SG_012328,0,0.09123620387609557,0.0899370745974373
SG_012329,0,0.1266521626644687,0.12263556611711338
SG_012330,1,0.22843780020719706,0.23780636628732452
SG_012331,0,0.23024096648116144,0.19931800579785977
SG_012332,1,0.2009755917333299,0.1902447676484628
SG_012333,1,0.24246855562295005,0.19781863552013149
SG_012335,0,0.08945977384740415,0.07580390283649817
SG_012338,0,0.15677664296963575,0.1521091779870586
SG_012341,0,0.12485853396028183,0.09212231480188358
SG_012342,1,0.19618672058640876,0.15829905858266313
SG_012343,0,0.2456283546007794,0.13281341282705028
SG_012344,0,0.22812866034034263,0.22552799637496848
SG_012346,0,0.16259522824017222,0.08356458979041065
SG_012347,1,0.23580487046753232,0.35180480392127095
SG_012348,1,0.19514156658904475,0.1905695416658584
SG_012349,0,0.19079469527630655,0.15167993198059188
SG_012350,0,0.2498726487674054,0.26120044276482657
SG_012351,0,0.18893792070104537,0.16787663424084034
SG_012352,0,0.11608452384218443,0.13396386730694926
SG_012353,0,0.13614955843464333,0.13292982733649322
SG_012354,0,0.16550747643738453,0.13900516222203194
SG_012356,1,0.11375277975413582,0.13020125118097622
SG_012357,0,0.1548569113819364,0.12238763306850697
SG_012358,1,0.27625621621237073,0.20941152017246537
SG_012359,0,0.19745371306113443,0.1721527242212395
SG_012360,0,0.19730303194739732,0.24893975873717225
SG_012361,0,0.14370299708092538,0.12367929852784482
SG_012364,0,0.1727710778130687,0.14655821938040056
SG_012365,0,0.09102331412463963,0.08947589322710162
SG_012366,0,0.17292250560183964,0.16099965532440844
SG_012367,0,0.14004134437382906,0.1315159673214607
SG_012369,1,0.16631624882779575,0.20410311846086024
SG_012370,0,0.16643773765227898,0.1356363099304075
SG_012371,0,0.1338747289527313,0.1666350427218319
SG_012372,0,0.18726390056216924,0.24194220553476387
SG_012373,0,0.1503970379801368,0.2202078819562968
SG_012374,0,0.22457569017551104,0.23550858391982155
SG_012376,0,0.21637418470378636,0.22278262842069346
SG_012377,1,0.17595894734919157,0.23024948501520143
SG_012379,1,0.18847851954632788,0.17183726541729077
SG_012380,0,0.16512202274106647,0.1893038486320073
SG_012382,1,0.17621610751446845,0.15136974062704497
SG_012383,0,0.3520071278771541,0.2957092326814869
SG_012385,0,0.10192931575390901,0.13692700646796602
SG_012386,0,0.16669245505084404,0.15125758188092242
SG_012387,0,0.10844773556521926,0.08446360236143077
SG_012388,1,0.2575160863180113,0.24248817923826949
SG_012389,0,0.11671743157028586,0.11065150517297484
SG_012391,0,0.17649623261683245,0.2989004647030656
SG_012392,0,0.2373866101322515,0.20534478889782815
SG_012394,0,0.16106154278518697,0.0904841764102452
SG_012395,0,0.14313433078953744,0.11820861642082219
SG_012396,0,0.1737186996435406,0.22905311276340287
SG_012398,1,0.18142476273310632,0.1763095642920902
SG_012399,1,0.16747188852675263,0.12332246907378754
SG_012401,0,0.17667964691826243,0.18981527654535962
SG_012403,0,0.19932050243677377,0.17971883470586644
SG_012404,0,0.18029253584716232,0.19114732231227158
SG_012405,0,0.22554859901546098,0.2539142140840608
SG_012406,0,0.1585529472792182,0.16301298796113872
SG_012407,0,0.3465266535154924,0.2959320912350091
SG_012408,0,0.11235657809352824,0.14044473018672507
SG_012409,0,0.17577498340652448,0.19558447807911056
SG_012411,0,0.1819954101808407,0.16140226073662342
SG_012412,0,0.16680240468560706,0.1158476911223977
SG_012413,0,0.17672316881557493,0.2424902422728871
SG_012415,1,0.24896691961874914,0.30235415488599215
SG_012416,0,0.11718180439053202,0.1587695869618225
SG_012417,0,0.22042961021865073,0.18986402023355475
SG_012418,1,0.15768149735230538,0.12036051446094093
SG_012421,0,0.21020417363167473,0.1798987492133191
SG_012425,0,0.1698816803803362,0.19376859606890598
SG_012426,0,0.1799551623082079,0.1758322186991719
SG_012428,0,0.14960477062067049,0.14914671575678368
SG_012429,1,0.21567417488731083,0.188336058931926
SG_012430,0,0.1524065482513767,0.1450661309352165
SG_012431,1,0.11220422429773605,0.10003804636169314
SG_012433,0,0.20888735468271968,0.17973329273642955
SG_012434,1,0.1812303880181324,0.1681111115757553
SG_012435,0,0.13119209469458623,0.1467734575042904
SG_012439,0,0.148546204087715,0.15906461471612673
SG_012440,0,0.19900103546181702,0.224455097239002
SG_012441,0,0.1727543102991148,0.16935075392643195
SG_012442,0,0.11005978012481878,0.12067315843200561
SG_012443,0,0.15291729424208947,0.19943389706262135
SG_012445,0,0.16106154278518697,0.1399550881874443
SG_012447,0,0.164472000115196,0.10660814674906399
SG_012448,0,0.13768935695685533,0.11398465103984812
SG_012449,0,0.1251943301474171,0.09099591766953002
SG_012450,1,0.12584754792185682,0.12262806694698367
SG_012451,0,0.17652284818507066,0.21407384732602228
SG_012454,0,0.16818486637677063,0.16170108152384421
SG_012455,0,0.15002520440225933,0.1710548464831402
SG_012457,1,0.17592318526332068,0.19392154868520614
SG_012458,0,0.25283899705237856,0.20969999883877302
SG_012460,0,0.14592467923593333,0.1655056565830293
SG_012461,1,0.15121141212326936,0.18948124917251907
SG_012462,0,0.13182647393953617,0.11359740414059602
SG_012463,0,0.1799821930646918,0.16468722471085073
SG_012464,0,0.23520659739703054,0.20836690404384717
SG_012465,0,0.09036218949645859,0.0886829090583634
SG_012466,1,0.21382598023622207,0.1880158904480983
SG_012467,0,0.15114914594812803,0.18331330839513074
SG_012469,1,0.11357517510475039,0.09271337238865347
SG_012471,0,0.15352068167173008,0.16571969398805436
SG_012472,0,0.2391415864127816,0.17850175881672492
SG_012473,0,0.16757632058262173,0.14598518262278148
SG_012474,0,0.14152333832321984,0.15749614356824101
SG_012475,0,0.22092215984018732,0.21773930864895022
SG_012476,0,0.13420808488007455,0.1422022473623977
SG_012477,0,0.1333892337665421,0.10553672598991036
SG_012478,0,0.09945430763596416,0.1010984039147643
SG_012479,0,0.16810636129744508,0.17205841884950376
SG_012481,1,0.28001893464608985,0.2230118180631984
SG_012482,1,0.10389750522151246,0.13724769568762046
SG_012483,0,0.2504789711187094,0.20407205110763066
SG_012485,1,0.16406037591703743,0.16414894145723954
SG_012486,1,0.18398779765040724,0.21528078474744747
SG_012487,0,0.14089987977262952,0.15116570929101414
SG_012488,0,0.1357443257112193,0.1290461656545416
SG_012490,0,0.13881686744580254,0.2110976538645812
SG_012491,0,0.13341593207509378,0.09640709192608173
SG_012492,0,0.2289998324493734,0.186133859033533
SG_012494,0,0.15413686582473984,0.18550887523600265
SG_012496,0,0.0801576140342398,0.10033486562034036
SG_012497,0,0.19934416667621682,0.16662791881313033
SG_012498,1,0.23013897406474187,0.22039108702527488
SG_012500,0,0.15524860329624277,0.1599302777337271
SG_012503,0,0.1720582921540039,0.18661284550459933
SG_012505,1,0.21062138456431911,0.17278564802440285
SG_012507,1,0.19216584328661557,0.16284391988094882
SG_012508,1,0.11290355221301318,0.10205244088501807
SG_012511,0,0.07966339806783072,0.08384232664710549
SG_012512,0,0.19939219426121005,0.20907123400165545
SG_012514,0,0.23861533313254105,0.24381298711001886
SG_012515,0,0.1686088570784828,0.15508470740002522
SG_012516,0,0.26022406704879036,0.2528789493085596
SG_012517,0,0.11924440190674016,0.1229237548801812
SG_012518,0,0.16418725538411322,0.1263761740173544
SG_012522,0,0.13240047430748447,0.2043643438880548
SG_012523,0,0.09969380321105727,0.1369675547362385
SG_012524,0,0.14470476610993516,0.12358686819930505
SG_012526,0,0.14988931973715405,0.14447765130517132
SG_012528,0,0.16106154278518697,0.07723522776697146
SG_012529,0,0.12817889531143464,0.12356672699912769
SG_012530,0,0.11476835296053396,0.13954362811440965
SG_012532,0,0.19297195046091606,0.1883999695957667
SG_012534,0,0.14545077341264842,0.19354729737633664
SG_012535,0,0.1700451496493298,0.149000152781712
SG_012536,0,0.1697386090260754,0.1422428869644326
SG_012537,1,0.17914177314272764,0.18366907324713505
SG_012540,0,0.16530896011716367,0.17626211860657087
SG_012541,0,0.16708042570852513,0.13174403800722512
SG_012542,1,0.2214790490493536,0.175900069721101
SG_012543,0,0.1663554117593714,0.13946781190894386
SG_012544,0,0.10618327036852798,0.11236859109668244
SG_012545,0,0.17058677456914526,0.18216745358378014
SG_012546,0,0.1144969126124204,0.1348941841753286
SG_012547,0,0.16701440875342197,0.15418751070494596
SG_012549,0,0.11579782479768992,0.1488171703738108
SG_012551,0,0.31758035933267514,0.2593032231681679
SG_012553,1,0.19646106575555067,0.17635276283352966
SG_012554,0,0.09952694810199274,0.08760971087424159
SG_012555,0,0.11205117893161987,0.09256987678757286
SG_012557,0,0.12084250648641985,0.08487786672577564
SG_012558,0,0.1539451300351333,0.18171903562930491
SG_012559,0,0.16757632058262173,0.14098873218414115
SG_012560,0,0.1372602357476817,0.17274023986348291
SG_012565,0,0.11456273200878998,0.11394483509157001
SG_012566,0,0.178028226560733,0.16903111553132677
SG_012569,0,0.24758406171173897,0.2371591941032398
SG_012570,1,0.2790929016676192,0.19468684805797792
SG_012572,0,0.15551166822138976,0.16525514602835464
SG_012573,0,0.20317196007215985,0.1416421059558013
SG_012574,0,0.13837256166744127,0.14005447593719889
SG_012576,0,0.1345806292078251,0.08906362116541493
SG_012577,0,0.16070366286772386,0.16332814750015245
SG_012578,1,0.1998583978818703,0.23827922345156907
SG_012580,0,0.22956586880842694,0.20799686192336336
SG_012581,0,0.16925413777162457,0.18546612313517308
SG_012582,0,0.1803797381982203,0.15666266969472278
SG_012583,0,0.17053010503498245,0.19086147345598797
SG_012584,1,0.16940331144849816,0.195177962944449
SG_012585,1,0.22063677336529525,0.14345729617207165
SG_012586,0,0.12259379747520373,0.15867534033395153
SG_012587,0,0.27017034495403025,0.22734355517127866
SG_012589,0,0.16853189773242105,0.15303062385680408
SG_012590,0,0.16634337840742666,0.162298867673048
SG_012592,1,0.17648101988703374,0.1830721859173617
SG_012593,1,0.3576276300656,0.2968932514901418
SG_012595,0,0.17365182412482466,0.12483731591037452
SG_012597,0,0.1366339356940457,0.1615964435568064
SG_012598,0,0.14639934217750106,0.17367181635092246
SG_012599,0,0.11098907186228682,0.16640569546364894
SG_012602,0,0.25455947367158305,0.2119907364628218
SG_012604,0,0.14868643737536583,0.12273205761334284
SG_012605,0,0.17335908031428818,0.20253037289611217
SG_012607,0,0.19329827151482332,0.18727930030232598
SG_012608,0,0.16464412020640876,0.19044249129594584
SG_012611,0,0.16811910696487486,0.15382847912045702
SG_012612,0,0.16131342640949492,0.14698045994271663
SG_012613,0,0.16906192596030978,0.20147946864953337
SG_012614,0,0.254950914394373,0.2701892909953658
SG_012617,1,0.19273199134563349,0.2756238132580154
SG_012618,0,0.24365305967791995,0.22832359770571184
SG_012620,0,0.19181009793596002,0.22960367576900081
SG_012621,0,0.14525653027009192,0.10995475708723977
SG_012622,1,0.1921916803997709,0.17278486296912884
SG_012624,1,0.19603064553500044,0.23983810492484797
SG_012625,1,0.15175853196313574,0.17155068779988453
SG_012626,0,0.18398038932685962,0.15026211651562038
SG_012627,0,0.24711820138148002,0.24310461912830397
SG_012629,0,0.135037725523692,0.14692559207621372
SG_012631,0,0.07847293772609688,0.09038573650538669
SG_012633,0,0.2168554017003406,0.21016258350470066
SG_012634,0,0.17311243192291342,0.20884586690052948
SG_012635,0,0.16746036984269536,0.17429501885310433
SG_012637,0,0.16257826410353876,0.1863077492544966
SG_012638,0,0.178497835588249,0.20883176982870963
SG_012639,1,0.26931557626998454,0.2544032201384461
SG_012641,0,0.10643951424509382,0.15094479697110086
SG_012642,0,0.17487863570658532,0.15967713930359032
SG_012644,0,0.21860823187845463,0.18332699984156317
SG_012645,0,0.23354195975830633,0.214978722868263
SG_012646,0,0.09973478645111135,0.1252633562132544
SG_012647,0,0.12309987990615337,0.10710499936630244
SG_012649,0,0.17577791337759216,0.20788437407413038
SG_012650,1,0.19124247895188912,0.18067878903472662
SG_012652,0,0.09399709047480248,0.10345046210631258
SG_012653,1,0.22246904127331657,0.2004505074304579
SG_012655,0,0.10904555068964313,0.14945204689480368
SG_012656,0,0.23788050207279662,0.2352507219811184
SG_012657,0,0.07422938310201342,0.0563059750933264
SG_012658,1,0.2126653287409153,0.18930101866495877
SG_012659,0,0.11803335562106604,0.12480703247191914
SG_012662,0,0.20834289156685473,0.2068595715645944
SG_012664,0,0.15021301567604156,0.18415958543081434
SG_012665,0,0.2709447091267919,0.2128468208499562
SG_012666,0,0.16751481341804703,0.17352410601276583
SG_012667,1,0.20590601225854038,0.22389365999670896
SG_012668,0,0.12317400595906713,0.13004702160904244
SG_012670,0,0.195680481150776,0.2611646629894167
SG_012671,0,0.12050036121710024,0.13699515747361646
SG_012672,0,0.18554859992459644,0.2031609501963217
SG_012673,0,0.16646760307375744,0.1510455287759646
SG_012675,0,0.1786681412632654,0.1802270099947655
SG_012676,1,0.16878504037247713,0.14462794246045566
SG_012677,0,0.10927678356284812,0.10134992735018081
SG_012678,0,0.21347937801980257,0.1975914081386673
SG_012679,0,0.09393373257607841,0.095002907253998
SG_012681,0,0.13164515882992273,0.12682911036997507
SG_012682,0,0.1398734119868292,0.16657202816317165
SG_012683,0,0.21530347004580677,0.19035867146299632
SG_012685,0,0.271295626423078,0.2927663812228182
SG_012686,0,0.17617402761066184,0.13362204665680064
SG_012687,0,0.13713853047113078,0.12923377083901033
SG_012689,0,0.184811325614185,0.14450860935643167
SG_012691,0,0.13064381994753985,0.1088724358798139
SG_012692,0,0.12846668462344715,0.17976333729892466
SG_012693,0,0.10767793212166571,0.102105538300408
SG_012694,0,0.12775243053462593,0.10872686604389806
SG_012695,1,0.14822462803309155,0.16942574804672186
SG_012696,0,0.1856446799420969,0.18435314510930587
SG_012698,0,0.15005351143721454,0.1586458435381034
SG_012700,0,0.20150879336959004,0.2388025982231795
SG_012702,0,0.1654719439459039,0.1323656581231809
SG_012703,0,0.25224139800687856,0.21383738821378254
SG_012704,1,0.21801542024027307,0.24454935669696412
SG_012706,1,0.19491513784004777,0.21652475712168662
SG_012707,1,0.1955725271514508,0.15961041146255409
SG_012708,1,0.16680240468560706,0.142912267742136
SG_012711,0,0.19420824658789462,0.26611896550759384
SG_012712,0,0.08394178595623432,0.10628423034825636
SG_012713,0,0.17122814517868598,0.21080302722992353
SG_012714,0,0.1670370388911952,0.13482746468884063
SG_012717,0,0.17949051024208654,0.1537119106043181
SG_012719,1,0.11878184293494996,0.08371755878240504
SG_012720,0,0.11939172412886907,0.10591096511218374
SG_012721,0,0.1670214976011017,0.14755511152945147
SG_012722,0,0.10382029599976104,0.1110201942711205
SG_012725,0,0.27733040888454524,0.24316698882610788
SG_012726,0,0.17631329541956517,0.21740950937544573
SG_012727,0,0.29443073770167144,0.23185768459689748
SG_012728,0,0.14394211746883862,0.1565554176999748
SG_012729,0,0.1745852944773301,0.20967880920863904
SG_012731,0,0.24371740360690938,0.22583295803993458
SG_012732,0,0.2681877082524876,0.23227669566104142
SG_012733,0,0.16129653557264145,0.1712271144044762
SG_012735,0,0.1812543959484507,0.23032693453291997
SG_012737,0,0.23912917130714462,0.24123773014701222
SG_012739,0,0.20053803643698923,0.21900991067201594
SG_012740,0,0.1896933336766814,0.196902760983745
SG_012741,0,0.11998216625928898,0.12825586511256667
SG_012742,0,0.19130512691719356,0.16971728190957466
SG_012743,0,0.22295403573615238,0.21389122370326755
SG_012744,0,0.1823664305219806,0.16859940295172982
SG_012745,0,0.16259368780289757,0.10513501103109264
SG_012746,1,0.1681173513499762,0.15981164584363952
SG_012748,0,0.16800999367810168,0.141531848767322
SG_012751,0,0.1067508619960725,0.13232109516174498
SG_012752,0,0.1813962056239047,0.14764498099938328
SG_012755,1,0.16827077964050224,0.16999897793826113
SG_012756,0,0.08284299513000731,0.08447668055846952
SG_012758,1,0.164715902115066,0.1619576835645716
SG_012759,0,0.16530446803769497,0.13830883729608226
SG_012760,0,0.23576083555336366,0.2259927765709702
SG_012761,0,0.1755286511868611,0.19061196672751812
SG_012762,0,0.1722742572945502,0.18916684273765458
SG_012765,0,0.1123196390097915,0.08929766160512238
SG_012766,0,0.1465219126298623,0.12222916427561144
SG_012769,0,0.23113171142693886,0.29229072954212115
SG_012770,0,0.23160655604383648,0.23739612769477417
SG_012771,0,0.27545109015593805,0.21756352896529188
SG_012772,1,0.21502571758696357,0.24913349316730068
SG_012774,0,0.17360305219101807,0.173002931159238
SG_012776,0,0.18557641323502685,0.17298859778263476
SG_012778,0,0.223630995115143,0.2018332345447321
SG_012779,1,0.29095473359304985,0.2522602431699263
SG_012780,1,0.20552073387906056,0.2026540001161549
SG_012781,0,0.13028317467497108,0.15024669311550015
SG_012782,0,0.18327957581544965,0.18417721408584625
SG_012783,0,0.16639076211861184,0.11337321390543875
SG_012784,0,0.1803791628756488,0.2176553384582787
SG_012785,1,0.1376931625794962,0.1621289336059932
SG_012788,1,0.15344540715577495,0.1467487106659551
SG_012789,0,0.19516756983385952,0.17068217490859028
SG_012790,1,0.20098017152899533,0.22910490621132187
SG_012791,1,0.24595949274324086,0.2433036790788009
SG_012793,0,0.11663859864699304,0.14081519639022963
SG_012794,0,0.19779453504441782,0.17175655185479102
SG_012795,0,0.10464055031172277,0.13281253316559777
SG_012796,0,0.17023605854107654,0.14218184273824883
SG_012798,0,0.126197733943526,0.17780148446745705
SG_012799,0,0.1479615253076489,0.1631900399872451
SG_012800,1,0.14475988336972806,0.20048682235208407
SG_012801,0,0.14504822435629333,0.13349748315856025
SG_012802,0,0.14041677877066855,0.10712489988854132
SG_012803,0,0.13472921308145677,0.11755434724644316
SG_012804,0,0.16704759070373862,0.12543265024299047
SG_012806,0,0.16785892088702375,0.20278088416191253
SG_012807,1,0.23036308174602002,0.22706512272641632
SG_012809,0,0.1575291454597252,0.16662243791425477
SG_012811,0,0.10552655160872434,0.09784243169551587
SG_012812,0,0.16771533103337943,0.19515961388890413
SG_012813,0,0.18281333714896805,0.2041361074855692
SG_012814,0,0.18170181030331298,0.1918190031014143
SG_012815,0,0.1385134958257938,0.1306088844818402
SG_012816,0,0.26361762056604626,0.1849207305402632
SG_012817,0,0.15017553720828478,0.14633942728879384
SG_012818,0,0.1636493502340645,0.1428575574740367
SG_012820,0,0.3529594317228419,0.29161425722453005
SG_012823,0,0.2244169169099411,0.1784617279932463
SG_012824,1,0.1698812998021742,0.17495970685755308
SG_012825,0,0.17540880815330565,0.1863328539945251
SG_012826,0,0.13312849901407584,0.1616396370966403
SG_012827,0,0.1676104873226312,0.19536487234180583
SG_012828,0,0.17088289082799316,0.22792986899781628
SG_012829,0,0.11789452285447938,0.12165374690016238
SG_012830,0,0.23344709068227704,0.1801424985763409
SG_012832,0,0.1691366002835795,0.1318650076933274
SG_012833,0,0.17415483091589126,0.1950003371002431
SG_012834,0,0.14535446010251582,0.12290958086151327
SG_012835,0,0.14097271283881666,0.12631638384270594
SG_012836,0,0.16106154278518697,0.05587123857784297
SG_012837,0,0.16302127278591405,0.16584180021845432
SG_012838,0,0.13161073175106325,0.17604408749828093
SG_012839,0,0.27701491088562996,0.25796371405654067
SG_012840,0,0.1303204132921821,0.13617083987171158
SG_012841,0,0.1757357832587442,0.16452468978121504
SG_012842,0,0.14225901868507623,0.16183619507186844
SG_012843,0,0.16106154278518697,0.07391172671311756
SG_012846,0,0.07730847269002251,0.1202642047614211
SG_012847,0,0.1673495891257472,0.09358965753513572
SG_012850,0,0.11483027833530593,0.13052197065443513
SG_012852,0,0.17876982220660098,0.21087666038713654
SG_012853,0,0.10629026922303333,0.13328293985894435
SG_012854,1,0.16987188870100844,0.1689371125796147
SG_012855,0,0.2249437627847707,0.15647176714988378
SG_012856,0,0.324992915819195,0.2694301326139217
SG_012857,0,0.15756775074898688,0.15427670283312975
SG_012858,0,0.15903587138398623,0.1517611511589679
SG_012860,0,0.18228457111799257,0.21945609509816782
SG_012862,0,0.15403324181024505,0.10603253537843228
SG_012863,0,0.16259368780289757,0.0972335413361983
SG_012864,0,0.1522809301671205,0.11792802585794017
SG_012865,0,0.18976760202481135,0.20465250544284275
SG_012866,0,0.10796217267254628,0.10722892984238218
SG_012867,0,0.14172271717876778,0.1304493321690674
SG_012868,0,0.20616664242867155,0.2197845883445031
SG_012871,0,0.11648817164448727,0.12529375467377946
SG_012872,0,0.10407647189173132,0.09506145029181762
SG_012875,1,0.23168524752821043,0.22706465267308856
SG_012876,0,0.1716816243286326,0.14689930471268028
SG_012877,0,0.09446443765144967,0.10957251433445842
SG_012878,0,0.16106154278518697,0.11290855846073336
SG_012879,1,0.1658052735672136,0.14463836311377923
SG_012880,0,0.1658231032536851,0.09067274849057107
SG_012881,1,0.2066638287128547,0.18005026604626512
SG_012882,1,0.17460640891505777,0.17676610085603214
SG_012884,0,0.10834153852937461,0.08736744349127092
SG_012885,0,0.07664718842565026,0.08380559768102364
SG_012889,0,0.1701934217282747,0.16337345504729064
SG_012890,0,0.1554768640396619,0.2284375453636701
SG_012892,0,0.13307696858507745,0.12074786348759771
SG_012893,0,0.14499319677603342,0.16036862726865694
SG_012894,0,0.1477031818751523,0.1720803451048209
SG_012895,0,0.1341102248285997,0.12631034939662084
SG_012896,0,0.16261133927399155,0.16492983516144621
SG_012897,0,0.16106154278518697,0.08600130841662212
SG_012899,0,0.10671318606892771,0.1292737352018314
SG_012900,1,0.20615235540854215,0.2147856057180593
SG_012901,0,0.21160575066383616,0.21003762985397806
SG_012902,0,0.1394914690762701,0.15409924024835628
SG_012903,0,0.12461044498189505,0.15082043455129862
SG_012904,0,0.18629546822511467,0.34479492763131225
SG_012906,0,0.11243918046990044,0.1356625179059656
SG_012907,0,0.10938757599429727,0.08906469046293028
SG_012908,1,0.1732158532753522,0.18892689271900712
SG_012909,0,0.17281426808508574,0.2049920303788929
SG_012911,0,0.16617791483519986,0.1864272950055448
SG_012912,0,0.1974104433210467,0.20947549978735375
SG_012914,0,0.140775662067616,0.14240945082249892
SG_012915,0,0.16809152512695555,0.15477051928041216
SG_012916,1,0.22153497415307954,0.20984130800619374
SG_012917,0,0.14352025504491503,0.11538561517444311
SG_012921,0,0.16697332942251866,0.1505794252505436
SG_012922,0,0.12006766770423181,0.14736464930496804
SG_012925,1,0.14620810754035038,0.18944239440144137
SG_012927,0,0.14683045037818948,0.1856042262918851
SG_012928,0,0.1515838821519849,0.1315982174658611
SG_012929,0,0.2739696778439259,0.2906707548131836
SG_012930,0,0.12282022330552554,0.1543829135283304
SG_012931,0,0.13750995203775557,0.09602420310101163
SG_012932,0,0.17781089020445043,0.19337939567529644
SG_012933,0,0.19344339474301783,0.1707588365694881
SG_012934,0,0.18531533493823935,0.24014612218143624
SG_012935,0,0.19762826160809221,0.19285179158673801
SG_012937,0,0.1415447974495368,0.15595738450698338
SG_012939,0,0.10569788468056138,0.10090010541465012
SG_012941,0,0.2900695867617136,0.2698565072385291
SG_012942,0,0.11351641957583353,0.09544789435235213
SG_012943,0,0.18040389341568688,0.18800465106471365
SG_012944,0,0.18300136478819118,0.21299031851735042
SG_012946,0,0.16746856878137345,0.1675273639883886
SG_012947,0,0.24246501951052873,0.21338545954031596
SG_012948,1,0.16573406091570408,0.1229283962222408
SG_012950,1,0.228819608667626,0.21892384776939797
SG_012951,0,0.11383578709417597,0.11096724800059407
SG_012952,0,0.16914151069051075,0.12649553322420043
SG_012953,0,0.21594804928911354,0.18314902364805222
SG_012954,0,0.13959554254492215,0.1723576945083168
SG_012955,0,0.11486000065377755,0.13864056592278154
SG_012956,0,0.13644121551746183,0.1420615909815903
SG_012957,0,0.1827057821562205,0.21033058215338124
SG_012959,0,0.1643327301803195,0.12267832069243885
SG_012960,0,0.2706083198405939,0.2571631021346106
SG_012961,0,0.19982236294941969,0.21275345643221188
SG_012963,1,0.28546124048361454,0.23595338573621225
SG_012964,0,0.14937236167708282,0.18367115496266218
SG_012965,0,0.14410702762194846,0.16862069571494476
SG_012966,0,0.16106154278518697,0.12964837932845516
SG_012969,0,0.16385483089679145,0.2021054975526391
SG_012971,0,0.08255926677393152,0.08160848312357699
SG_012973,1,0.15550597800402335,0.20014210542148336
SG_012974,0,0.16362761479655505,0.15986395359310943
SG_012975,0,0.11902386463684644,0.13454628899061857
SG_012976,0,0.1842163143765355,0.27827803404384865
SG_012977,0,0.15128164330445776,0.17083164785058916
SG_012982,1,0.17087539756713646,0.2151259178001092
SG_012985,0,0.11213363462189443,0.1255099210412942
SG_012986,0,0.13668024879712784,0.11697261422838635
SG_012987,0,0.145256616020444,0.1597198930472835
SG_012988,0,0.17154985191626587,0.17335319510388233
SG_012990,0,0.16909917227503912,0.16983051563806292
SG_012991,0,0.12569561276825358,0.15551673679616854
SG_012992,0,0.14711399025976726,0.11726421446154794
SG_012993,0,0.2235877748120849,0.20973386552436193
SG_012995,0,0.18569112886901232,0.21297404586473495
SG_012996,0,0.15961622152238317,0.14880343156290238
SG_012998,0,0.15439323191953572,0.18399869175936218
SG_012999,0,0.2061896103038931,0.13754106475352806
SG_013000,0,0.12750863311690308,0.11075568584197092
SG_013001,0,0.19180477301943472,0.17198093074748472
SG_013003,0,0.1330114888946484,0.171347773403481
SG_013004,0,0.167412515681958,0.151049197830793
SG_013005,0,0.11038941214903884,0.13147010557790426
SG_013006,0,0.19037309015209106,0.1678370168217896
SG_013007,0,0.16190353124805476,0.13775748537538549
SG_013008,0,0.22562314644629466,0.22320884156193618
SG_013010,0,0.21785794338904874,0.20349927368273268
SG_013011,0,0.16106154278518697,0.14930270498055745
SG_013012,0,0.1472275945655516,0.14835544616897947
SG_013013,0,0.18937392839669434,0.17790544707420008
SG_013014,0,0.10334768674095766,0.0761702889531584
SG_013015,0,0.16267421942547267,0.17290208196362708
SG_013016,0,0.17195292365538856,0.17327698060080182
SG_013018,0,0.16259368780289757,0.17380665604297438
SG_013019,0,0.16407748375508122,0.12346937780229544
SG_013020,0,0.11436871776063215,0.12489958269673429
SG_013021,0,0.14933117700293783,0.1370574348560685
SG_013022,0,0.19397615657067677,0.15287535586923112
SG_013024,0,0.16106154278518697,0.0703950546421124
SG_013025,0,0.26252851850934444,0.2465118117634473
SG_013026,0,0.12628759284942717,0.13572132308224377
SG_013027,1,0.16569375083210255,0.14106530969731107
SG_013029,0,0.13190309938081243,0.1785797912949674
SG_013031,0,0.1152007764921665,0.13617804760033514
SG_013032,0,0.10257504241305612,0.12550105771656336
SG_013034,1,0.20517029673725712,0.21813665733753346
SG_013035,0,0.16259368780289757,0.1257079294936886
SG_013036,1,0.12856718925507793,0.08795424442346286
SG_013037,0,0.10828164674120123,0.1257867411486276
SG_013038,0,0.14199171669039562,0.15286355564337642
SG_013039,0,0.12953069443139312,0.10064208613947917
SG_013040,0,0.15225396034373545,0.18839936131824853
SG_013041,0,0.1414101498613673,0.14070997208192246
SG_013044,0,0.20816821110580017,0.19726741070602138
SG_013046,0,0.16737629839302723,0.12617840002359915
SG_013047,0,0.16276232263856413,0.19494966184735257
SG_013048,0,0.1654439985281333,0.10329185674819473
SG_013049,0,0.1187304038453556,0.12872480970995437
SG_013050,0,0.1924444680108136,0.16383245740750177
SG_013051,0,0.13807265523912052,0.13356786057950323
SG_013052,1,0.13153466959291985,0.15073609714960753
SG_013053,0,0.1331335982292823,0.12435478382552931
SG_013054,0,0.16259368780289757,0.060281564809005546
SG_013055,0,0.16910772293288553,0.1557956791118412
SG_013056,0,0.18594066809722426,0.2769243647478929
SG_013057,1,0.17402504426630358,0.18930722109842218
SG_013058,0,0.17638376183092605,0.13551164316651684
SG_013059,0,0.10691420977280722,0.08143061000098938
SG_013060,0,0.1406185136706138,0.14897443842378785
SG_013061,0,0.15734754408572546,0.20836541696957483
SG_013062,0,0.163441887788951,0.16727105099759806
SG_013066,0,0.24265242856834035,0.17738526552790534
SG_013067,0,0.21285288720655632,0.2222200316011681
SG_013069,0,0.20289396633535794,0.1896844877863824
SG_013073,1,0.2244719690631693,0.20650938184131487
SG_013074,0,0.17578952480680338,0.15266996071806038
SG_013075,0,0.2699751310371902,0.2699975899777978
SG_013076,0,0.24066834601635329,0.20765230668119797
SG_013078,0,0.05268465041304943,0.06308337675213394
SG_013079,0,0.19836366103843023,0.1659915249811952
SG_013081,1,0.169868611929581,0.12515119179495968
SG_013084,0,0.12060900430475134,0.14599080010128207
SG_013087,0,0.19797574994448258,0.23313849720524166
SG_013088,1,0.16914316374155494,0.1786314050630903
SG_013089,0,0.11713502247702963,0.12646853161896748
SG_013090,1,0.28201548740898996,0.289462256160699
SG_013091,0,0.17708442463692653,0.19584306081843397
SG_013092,0,0.14483800371236016,0.15987877546240328
SG_013095,0,0.13125361421307644,0.1056851980359205
SG_013097,0,0.1345329548055915,0.09596908507484339
SG_013098,0,0.11162160833896367,0.09645495517102882
SG_013099,0,0.1193741974534886,0.13446188036028708
SG_013100,0,0.272796897961264,0.23678182990849714
SG_013101,0,0.17462985598728728,0.1952207622624641
SG_013102,0,0.18585945904158468,0.21038614816112827
SG_013103,1,0.2643595312781383,0.24389753348777854
SG_013105,1,0.26775950791611147,0.2122581188435809
SG_013106,0,0.1591225501367881,0.15441669347041337
SG_013107,0,0.16452215086497757,0.11321910395036441
SG_013109,0,0.18916299711847834,0.15946745494578382
SG_013110,0,0.19695346267791788,0.19863565275679115
SG_013113,0,0.19854333249849085,0.21688833227737547
SG_013114,0,0.16247867930227447,0.14412446699421272
SG_013116,0,0.1912795694209287,0.22754465491552353
SG_013118,1,0.23270051863860877,0.2202615292248914
SG_013119,0,0.23585829143034523,0.2023502437826169
SG_013120,0,0.1558141198563395,0.13859022444324812
SG_013121,0,0.20977546920097856,0.1824988025946157
SG_013122,0,0.14990255184549223,0.15932624212503924
SG_013123,0,0.18693875891541623,0.273969838660371
SG_013124,0,0.0919153710217036,0.12958664728457434
SG_013126,0,0.17675672223760894,0.16324026275322961
SG_013128,0,0.09280397363588805,0.09983322932253727
SG_013129,0,0.09671548840917674,0.12215751577794932
SG_013130,0,0.31355670517654755,0.29067784738996416
SG_013131,0,0.1506828964616239,0.12827457811936063
SG_013132,0,0.16807200018221116,0.16806161785175733
SG_013133,1,0.19620478120933635,0.2038814885428524
SG_013134,0,0.16390843219390655,0.12283775857156579
SG_013136,1,0.17911573628457064,0.1724019666763001
SG_013137,1,0.17727281887245952,0.18889300886241953
SG_013140,0,0.08402883847228317,0.07786845608935063
SG_013142,1,0.18740383428891486,0.219659238135129
SG_013143,0,0.1337826790557825,0.1656071082674042
SG_013144,0,0.16886343348347022,0.18867770858845642
SG_013145,0,0.07156687329916851,0.06014938824836612
SG_013146,0,0.15665628716930666,0.14660185367216322
SG_013147,0,0.09207169491682178,0.11492210110556678
SG_013148,0,0.17118615840019735,0.19336648881920498
SG_013151,0,0.1908041724392133,0.20301828807862757
SG_013152,0,0.16106154278518697,0.0634541232398216
SG_013153,0,0.2428695412627223,0.25360097599599607
SG_013154,1,0.17478601366048832,0.19149558862669147
SG_013155,0,0.25485262188523294,0.257559471263779
SG_013156,0,0.16788483645126362,0.13041747448624935
SG_013158,0,0.16801904096919,0.17198345420525848
SG_013160,0,0.21623616488798278,0.1471634869641469
SG_013161,0,0.184910713154823,0.21547893634656537
SG_013162,0,0.19601556941581436,0.25922343075145476
SG_013163,0,0.2332923019897951,0.1987138644109541
SG_013164,0,0.19003623663322852,0.18785272844756273
SG_013165,1,0.16485998930546286,0.1647011297048214
SG_013167,0,0.1800393080157168,0.20770682551055078
SG_013168,0,0.13035866448366387,0.12071597854199512
SG_013169,0,0.11347662942652778,0.12435132123322393
SG_013170,0,0.15677838010680312,0.1357400572320835
SG_013171,0,0.2775330832186953,0.2568150874301975
SG_013173,0,0.13541947775910737,0.1391814365241634
SG_013174,0,0.09203911261069588,0.10519675538596235
SG_013175,1,0.13826393298698603,0.12791112006069316
SG_013176,0,0.19161903301831903,0.23227850800263714
SG_013179,0,0.20103802543253613,0.20990096748322548
SG_013180,0,0.1771999450024674,0.1870163638670242
SG_013181,0,0.14228637884609174,0.10358712266117696
SG_013182,0,0.16480102214680936,0.1850611843570368
SG_013183,0,0.290826647778794,0.2418255796196102
SG_013184,1,0.3358328777850348,0.30972182581803065
SG_013185,1,0.18753861511943765,0.21078625958678926
SG_013186,0,0.1648425000200803,0.16094416960125224
SG_013188,0,0.17377019509066932,0.17912371903781948
SG_013189,1,0.20582212236680786,0.2381693211977702
SG_013190,0,0.17210679198108256,0.15557813615522656
SG_013191,0,0.16219826622737896,0.18022854458552467
SG_013192,0,0.18426027119395486,0.23424833577563384
SG_013193,0,0.1141364222091473,0.14826363386750602
SG_013194,0,0.1380438310706601,0.14694878853230922
SG_013195,0,0.16068773712802528,0.1865381463421689
SG_013197,0,0.16723660981265298,0.17773776101783736
SG_013198,1,0.3422777534756565,0.3682137369230024
SG_013199,0,0.1664349665094709,0.12110478769409302
SG_013200,0,0.21656653516398466,0.19731783525010446
SG_013203,0,0.14914754759479307,0.1355272517275569
SG_013204,0,0.1775239122835836,0.18013344261827555
SG_013205,0,0.11366142330882227,0.14755062930649931
SG_013206,0,0.25287543929618855,0.23013011983564036
SG_013207,0,0.12664389548567642,0.14533195922886125
SG_013208,0,0.15157005239152743,0.22446849811677974
SG_013209,1,0.14181262743118497,0.14777434200218495
SG_013210,0,0.09595200083603461,0.0955399745471464
SG_013211,0,0.13616027958766627,0.13414782422476598
SG_013213,0,0.1299518743055937,0.1320813029044152
SG_013214,0,0.10863960252735134,0.13106082432234717
SG_013215,0,0.14592444750634245,0.1384942602711236
SG_013216,0,0.1595232374530939,0.17188077818074465
SG_013217,0,0.1920878001346559,0.1685940806838179
SG_013218,0,0.18796853511870384,0.18131786896543137
SG_013220,0,0.1324436097075327,0.1251810956487638
SG_013221,0,0.08966911344476539,0.10650823402830599
SG_013225,0,0.1918062110014655,0.2175514236641596
SG_013226,1,0.11367687514163476,0.11490840254995965
SG_013227,0,0.2646533193012948,0.22027376231131754
SG_013228,0,0.11308050473847336,0.12824063562403198
SG_013229,0,0.1819650598616335,0.17674655884117227
SG_013230,0,0.17060541446832528,0.14331156808162718
SG_013231,1,0.1961124968534687,0.15928699358798545
SG_013232,0,0.2039280819393342,0.22566631135811624
SG_013234,0,0.13609829257319048,0.13144784946210353
SG_013235,0,0.09737196849009291,0.1265429178653412
SG_013236,0,0.15331693373895985,0.18474930569425213
SG_013238,0,0.1332638607251527,0.1242780389819839
SG_013239,1,0.1497650848367371,0.19229050222440602
SG_013240,0,0.0854058146293612,0.12475223673181458
SG_013241,0,0.17139238610371216,0.1692963123182835
SG_013242,0,0.24267768272558887,0.24250048399822052
SG_013243,1,0.18291422714628183,0.17757327206597817
SG_013244,0,0.14823284030857442,0.19065665993922074
SG_013246,1,0.19417404644813252,0.16014365183733698
SG_013247,0,0.13055684510685014,0.1207071328615853
SG_013248,1,0.10137717196205494,0.10632236928031331
SG_013251,1,0.1750438118148969,0.2030761760249996
SG_013252,0,0.1637356514384536,0.142323399574266
SG_013253,0,0.1920340046213369,0.16567591953028546
SG_013254,0,0.16106154278518697,0.12118654258703172
SG_013255,0,0.14539838234315905,0.15244428918587027
SG_013256,0,0.1754028523561602,0.2091235504144409
SG_013257,0,0.13781600482972306,0.1378955826585322
SG_013258,0,0.1554685615108834,0.13823131114836618
SG_013259,0,0.2488289558456148,0.19192753226170334
SG_013261,0,0.1450358566294307,0.1579680939717421
SG_013262,1,0.14028647547947,0.14646498840366637
SG_013263,0,0.12047101899069612,0.1138928448771919
SG_013265,0,0.11994343805188694,0.1338113725992348
SG_013268,0,0.17189770525563,0.16522344624612695
SG_013270,0,0.19675772825482427,0.22853867530937289
SG_013271,0,0.2410642770347907,0.2712499185871755
SG_013272,0,0.17131337399646535,0.16609929967088188
SG_013274,1,0.22000528395827196,0.15947876430702582
SG_013275,0,0.18016281939143053,0.19501820464159486
SG_013277,0,0.23483654319076203,0.22029160538499762
SG_013278,0,0.13762840838121593,0.15898912112759123
SG_013279,0,0.1417328892492769,0.13241144394817
SG_013283,1,0.1529881338323303,0.16510462713432453
SG_013284,1,0.13392621187219225,0.12366078430825515
SG_013285,1,0.1773964407627956,0.1966548076537179
SG_013286,0,0.18390069084630684,0.1904314866185647
SG_013287,1,0.20415640857853626,0.19819422949599147
SG_013289,0,0.15763521577199813,0.1471835526544698
SG_013290,0,0.18180724804860193,0.1882422394515567
SG_013291,0,0.10635477314782445,0.13042076076803974
SG_013293,0,0.16622902455321842,0.20853684380874446
SG_013295,1,0.2571793304372071,0.19794383886237038
SG_013296,0,0.19053552792392633,0.269093523993398
SG_013298,0,0.1712065728978341,0.164406404019525
SG_013299,0,0.17482946807228422,0.16068542618477052
SG_013300,0,0.16243214463602987,0.14387958173940135
SG_013301,0,0.16953807023290882,0.16416315909211943
SG_013302,0,0.16259368780289757,0.12014793132093127
SG_013303,0,0.11648180119294516,0.11230059934467486
SG_013305,0,0.16460548159270924,0.14934726863423445
SG_013306,0,0.16520076636707068,0.10655027914298272
SG_013307,0,0.1464572448549134,0.1716716410947262
SG_013308,0,0.16317449433162645,0.14858529663481618
SG_013309,0,0.28339926845571334,0.20142761498307007
SG_013310,0,0.1453313523210557,0.16817613696687211
SG_013312,1,0.17523168370189893,0.14804059045649107
SG_013316,0,0.14325812848981404,0.1472915121305841
SG_013318,0,0.1891355929878852,0.19778060061392513
SG_013319,0,0.19209988453652269,0.2318107546688111
SG_013320,0,0.1518752934064843,0.10700628075233427
SG_013322,1,0.10219560889472355,0.11359843046913021
SG_013324,1,0.11256182107356184,0.12813867792977696
SG_013325,1,0.16670235675523873,0.1751453405027174
SG_013326,0,0.261012848915841,0.20109078528435784
SG_013329,0,0.31892171776203965,0.2732503976263416
SG_013330,0,0.20701655039373457,0.14584528686659842
SG_013331,0,0.2198488821056996,0.1993748114111734
SG_013333,0,0.13845773080944174,0.1599844389641494
SG_013334,0,0.19899354245101653,0.15557607880586302
SG_013335,0,0.14325412010044342,0.1589345116915269
SG_013336,0,0.10093940730520459,0.1181560106519995
SG_013341,0,0.16713839955302678,0.11887546828224957
SG_013343,0,0.1192797480004718,0.09207727801182612
SG_013346,0,0.17892013715717558,0.15455182426020445
SG_013349,0,0.12578043792102825,0.12504066704561573
SG_013350,1,0.17959804823245834,0.24073932445580745
SG_013351,0,0.14847796557992762,0.14750701773558134
SG_013352,0,0.11896219695832744,0.11061444800437925
SG_013353,1,0.19054829842435222,0.2183793084816773
SG_013354,0,0.24699652203956055,0.20055121804188902
SG_013355,0,0.10319075795256188,0.1310580440797228
SG_013357,1,0.20890241715585967,0.2057650525181234
SG_013363,1,0.11148804309120387,0.12102154003660599
SG_013364,1,0.26133277129570337,0.2661315940115494
SG_013365,0,0.16252721079161545,0.18710330979954826
SG_013367,0,0.1988124300495694,0.19635353569586605
SG_013368,0,0.17119850927211494,0.19350108797035198
SG_013369,0,0.12572610100909729,0.12540213038224385
SG_013370,0,0.25988287938232996,0.18804502802964407
SG_013373,0,0.16718589115314839,0.18186214782426868
SG_013375,0,0.08045104410432019,0.127574660013588
SG_013376,0,0.17155513527846022,0.19602968428811585
SG_013377,0,0.16098453826238465,0.18875533562596297
SG_013378,1,0.428171042986133,0.3330635654256992
SG_013379,0,0.1814999715671461,0.2238826778847773
SG_013381,0,0.10572233837526836,0.1822597844231265
SG_013382,0,0.13980017452705512,0.10495857800360997
SG_013385,0,0.16397752954044917,0.19235338119934442
SG_013386,1,0.23614021649907319,0.21013034615597057
SG_013387,0,0.13446684360948274,0.12992361387445922
SG_013388,0,0.17040222374351793,0.19580069326554356
SG_013389,0,0.1324587913829512,0.10258296623653668
SG_013390,0,0.1250471983480765,0.09029879268328889
SG_013394,0,0.12169167824283895,0.17553233778590407
SG_013395,0,0.12873515711675923,0.13182681844383592
SG_013397,1,0.16674558504310893,0.2024641721032219
SG_013398,0,0.16106154278518697,0.12426304807218305
SG_013399,0,0.16276318905655815,0.1113724699034286
SG_013401,0,0.132731565544045,0.14232584226134543
SG_013402,0,0.21483292892058647,0.2074943329845883
SG_013403,0,0.1428406416990084,0.15709539295249206
SG_013405,0,0.271208002763815,0.20441895398331164
SG_013406,0,0.16537107648364135,0.14360041078597655
SG_013407,0,0.10380783698817932,0.14651964279888588
SG_013408,0,0.1745910883058777,0.18639985039519816
SG_013409,0,0.16203401379821344,0.1338120494947929
SG_013410,0,0.12229587806815871,0.08844815803292498
SG_013411,0,0.16893485048324372,0.1669738016636195
SG_013415,0,0.23038904300796467,0.24810557108421483
SG_013416,0,0.1794988497952021,0.19367239828292512
SG_013417,0,0.29102806507207557,0.22318934758266845
SG_013419,0,0.22863273574663925,0.21692784187946448
SG_013422,0,0.1607326774883096,0.1567656771735356
SG_013423,0,0.1470745249801055,0.13727011600125263
SG_013425,0,0.1721972172390616,0.1524675164655547
SG_013426,0,0.1635037018499731,0.17188597749460477
SG_013428,0,0.1318472247540749,0.16265034351271968
SG_013429,0,0.16782945679665834,0.160246040520316
SG_013431,0,0.18727558167558797,0.2657902275537951
SG_013432,0,0.18272311969096589,0.17990308499594976
SG_013433,1,0.1669979644596324,0.13489922416743158
SG_013434,0,0.17584008083589062,0.1915177004804712
SG_013436,1,0.16643857849443244,0.1386774061833471
SG_013437,0,0.16106154278518697,0.14534092536157545
SG_013439,0,0.19129167498644942,0.20950231853514348
SG_013441,0,0.15403513019188655,0.1187783440306074
SG_013442,0,0.1644071887017087,0.18646723108972219
SG_013445,0,0.150480248384428,0.18127243198207052
SG_013448,0,0.17006175689408,0.15140620986972153
SG_013449,0,0.1360791813197364,0.13448869523018955
SG_013450,0,0.17750465232826468,0.20934706687497412
SG_013451,0,0.1741570682499493,0.2121003596221727
SG_013453,0,0.17215141052780814,0.16704024093722822
SG_013455,0,0.16416126386263014,0.17526970489031327
SG_013457,0,0.1670170988651079,0.1472917282310571
SG_013458,0,0.18142844529894955,0.21046932441209706
SG_013459,0,0.16106154278518697,0.13006032195656728
SG_013460,0,0.17890279324979427,0.19372091133950362
SG_013461,0,0.14982412185438818,0.15343349857473784
SG_013465,1,0.22907678222532984,0.27656827984539684
SG_013466,0,0.07176112543027001,0.06679452690773467
SG_013467,0,0.1415846496984402,0.14840198925198272
SG_013469,0,0.17053917452768774,0.18187163758182995
SG_013470,0,0.15687440759003182,0.1608870273879288
SG_013471,0,0.15011038780756633,0.15184032840429337
SG_013473,0,0.1896484149656208,0.1952982531655301
SG_013475,0,0.10119597001088626,0.11137073552698375
SG_013476,0,0.22042833101045378,0.248551148666608
SG_013478,0,0.22169758273523915,0.24786831166623158
SG_013479,0,0.14941081627290587,0.17973655004782682
SG_013481,0,0.2244170303861681,0.21763539966766707
SG_013482,0,0.24933973924759087,0.19589670534436623
SG_013483,0,0.20728492943011512,0.21603853476213794
SG_013484,0,0.17898653272447748,0.18916484995292931
SG_013488,0,0.16259368780289757,0.11337322923930573
SG_013489,1,0.17106915186783497,0.1809820472872112
SG_013490,0,0.17315228871742622,0.150162973484443
SG_013492,0,0.17037095246489856,0.16348395851119313
SG_013493,0,0.0935537468015557,0.07929919560599226
SG_013494,0,0.20275109824957818,0.17046024311223165
SG_013496,0,0.17289840863423273,0.18674609989302363
SG_013497,1,0.18199622519335085,0.21386089949942286
SG_013498,0,0.21026407938479058,0.1866951347269754
SG_013500,1,0.16990112580232974,0.1704057128515584
SG_013501,0,0.16555509645019373,0.17452317268494397
SG_013502,0,0.10541698801123393,0.1401675947022683
SG_013503,1,0.22399907502923896,0.2502588010637976
SG_013505,1,0.214000124363264,0.17218430255957
SG_013506,1,0.16106154278518697,0.07587150547229096
SG_013507,0,0.1121561283902241,0.07145768210452935
SG_013510,0,0.16571549397296736,0.18951283471392436
SG_013511,0,0.17689302424239592,0.22905890747659352
SG_013512,0,0.17789327128895666,0.21126644704514544
SG_013513,0,0.17408050814247902,0.21401375282761054
SG_013514,0,0.1286843538308297,0.10060771158619797
SG_013516,0,0.30801545352611376,0.27776210934879864
SG_013517,0,0.12736622503560655,0.13716616947889304
SG_013518,1,0.09481972365476823,0.13363491924094764
SG_013519,0,0.20378394744724554,0.2250822087488865
SG_013520,0,0.2198069499595812,0.17653152038503958
SG_013521,0,0.14317966679614919,0.15669803077352767
SG_013522,1,0.23643329547724654,0.21125930170095536
SG_013524,0,0.27417070157383605,0.20932955609489298
SG_013525,0,0.15060637202764715,0.14999781358629347
SG_013526,0,0.2188325630004079,0.16227184299712966
SG_013527,0,0.17234544855020595,0.1897550869456783
SG_013529,0,0.1673495891257472,0.138188723562707
SG_013530,0,0.13440502818756478,0.0909693069909746
SG_013531,0,0.1588213100414532,0.15746249935653192
SG_013532,0,0.26348568834231095,0.2402751596330148
SG_013533,0,0.08790391416484326,0.11040337476062334
SG_013534,0,0.1213122003012068,0.11517626946295641
SG_013535,0,0.08335295872577152,0.08777981911280076
SG_013536,0,0.16005108386510059,0.18758943025132221
SG_013537,0,0.11487396858404689,0.09884737991603257
SG_013539,1,0.17099898314980963,0.19187302935779565
SG_013540,0,0.16471598555263242,0.22334921408759614
SG_013541,0,0.1419064226105764,0.15836634410022615
SG_013547,0,0.15732007692690791,0.16724926321339256
SG_013550,0,0.32036859119554206,0.30786176363739837
SG_013551,0,0.14128696125377527,0.10282829058893209
SG_013555,1,0.30447119379989596,0.2619535202810869
SG_013556,0,0.2502062305210143,0.21517842742459153
SG_013559,0,0.16498654071896712,0.1724760839805507
SG_013560,0,0.12782398198890965,0.1557604095013087
SG_013562,1,0.1785428249319742,0.1925653510690915
SG_013564,0,0.16106154278518697,0.10238103892236924
SG_013566,0,0.13188011920019244,0.16275529321481413
SG_013569,0,0.16595236607780295,0.10186598050699991
SG_013570,0,0.16621656324710082,0.1760225234459447
SG_013572,0,0.17346606658308958,0.19358297849009828
SG_013573,0,0.17585449789758487,0.21199275738475815
SG_013576,1,0.1810204017499206,0.20540058835501937
SG_013577,0,0.19642626175524935,0.1305988709668854
SG_013581,0,0.21839325393179954,0.22975643489085937
SG_013582,0,0.1459521389016158,0.16514150333902786
SG_013583,0,0.21507970920415062,0.22850236988130782
SG_013584,0,0.13750020862648613,0.17404587923218018
SG_013585,1,0.219798330763167,0.2196644330326784
SG_013587,0,0.19482900683282292,0.22639344644876938
SG_013589,0,0.09945164408441784,0.1054661157594285
SG_013590,0,0.17467815780838247,0.22927653053344949
SG_013592,1,0.16703705091336116,0.16202500274302425
SG_013593,0,0.17649573833696267,0.19982778464498488
SG_013594,0,0.14241365614095006,0.17201250353962905
SG_013595,0,0.07471348167774189,0.08359717765551798
SG_013596,1,0.09234203834765678,0.09104837032830486
SG_013597,0,0.18043016072683188,0.2360300772266236
SG_013599,0,0.09145370222480283,0.1274140750066267
SG_013600,0,0.09164040823399117,0.1046345168382767
SG_013603,0,0.17242490092176052,0.16551554590486253
SG_013605,0,0.11171171198201542,0.11007750751368284
SG_013606,0,0.18856960104017478,0.15693743178821384
SG_013607,0,0.1317176861940506,0.13939911338493402
SG_013609,0,0.16539652384611053,0.12486564787177504
SG_013611,0,0.13236707910566514,0.15372022883843148
SG_013614,0,0.1052692346763361,0.12423504711277344
SG_013615,1,0.16106154278518697,0.0970785118668315
SG_013617,0,0.18907851816125,0.17642708966332135
SG_013618,0,0.1726077701789109,0.17723686584570314
SG_013620,0,0.15658105859357316,0.13530821198300133
SG_013621,0,0.1655057613219739,0.14735320289985954
SG_013622,0,0.13640770540533217,0.16305698965573656
SG_013623,1,0.17006700548709722,0.16126384429352725
SG_013625,0,0.14626272152592304,0.14892132556444806
SG_013627,0,0.17028595832805776,0.17293114742525634
SG_013630,0,0.14713837588367484,0.15001957712786493
SG_013631,0,0.16126077577432887,0.15814850563994928
SG_013632,0,0.14440291776974631,0.14644639165365414
SG_013634,0,0.17035222277853804,0.13786198769126334
SG_013636,0,0.187144140833158,0.19656841584063373
SG_013640,0,0.15131000737643707,0.15481340893001272
SG_013642,0,0.08737584735264933,0.07868294850536259
SG_013643,0,0.11476821937755206,0.09232714109120009
SG_013644,0,0.16906864828936213,0.17962818689083349
SG_013645,0,0.3169586868193524,0.26808323319997446
SG_013647,0,0.17383572559014274,0.1806807100321069
SG_013648,0,0.16106154278518697,0.10452796939008825
SG_013649,0,0.16631707253571876,0.10810930398779635
SG_013650,0,0.16939705998700594,0.1788619736406363
SG_013651,0,0.22325787713440748,0.26929496686673177
SG_013652,0,0.16028059282974433,0.1357877734199033
SG_013654,0,0.17208643079514893,0.22710081097358223
SG_013655,0,0.15670908544616244,0.1838602039333559
SG_013656,0,0.16637043534486612,0.24333702698916923
SG_013657,0,0.11918339727549086,0.11902149517796504
SG_013658,0,0.16517027114738625,0.17087257780736412
SG_013659,0,0.1896736194891166,0.1926315834187682
SG_013660,1,0.16106154278518697,0.10612819355704839
SG_013661,0,0.21828812561896915,0.1933678479515197
SG_013662,0,0.148919029389085,0.13618573491511693
SG_013663,0,0.16927600142915747,0.18223726998444822
SG_013664,0,0.19243189205385464,0.2500302548988519
SG_013665,0,0.20374260540199082,0.23068549504838712
SG_013666,0,0.16799682529025078,0.13531600615208053
SG_013669,0,0.19701530277360269,0.1995589396563218
SG_013671,0,0.08892028630016621,0.08812748477553678
SG_013672,1,0.18331757215146302,0.25671817612762887
SG_013673,0,0.1520271277633498,0.1756294403426104
SG_013674,1,0.1390515900319965,0.14535366234345737
SG_013676,0,0.32824236384455663,0.2725980793093233
SG_013679,0,0.15237448214734142,0.18652893155574307
SG_013680,0,0.22586835229813887,0.25314711511597693
SG_013687,0,0.17794476947840818,0.18980872054103443
SG_013688,0,0.3575481618929288,0.3875603580509077
SG_013689,0,0.13896075301175223,0.14707154531229097
SG_013691,0,0.2534408005802741,0.21647207004629743
SG_013692,0,0.15548531719867137,0.15043935674271017
SG_013693,0,0.16930557905355936,0.15366965404562546
SG_013694,0,0.1757089331170265,0.16505034183437128
SG_013696,0,0.1645312690547987,0.20371084798884515
SG_013697,0,0.2376963756784806,0.22323107934767608
SG_013698,1,0.1591773635530891,0.16639558965410714
SG_013699,0,0.16436045934175658,0.14282541615726685
SG_013700,0,0.13363730964538115,0.12085851836553761
SG_013701,0,0.1219430341149233,0.16051028720381083
SG_013702,1,0.1734423256652882,0.18780531468675404
SG_013703,0,0.19810215731559316,0.254026476921234
SG_013704,0,0.17791910091519833,0.16323504524892893
SG_013707,1,0.19100168650236762,0.26829362486000397
SG_013709,1,0.18327864567877522,0.17275292294818137
SG_013710,0,0.18042034179141322,0.18401184321283826
SG_013712,0,0.1921287324828932,0.1961372477193596
SG_013714,0,0.16168355327927666,0.17712975025452155
SG_013717,0,0.1182834539228531,0.10255208266740512
SG_013718,0,0.32758086120761587,0.2812215317635502
SG_013719,0,0.1747930230999966,0.18106616512705662
SG_013720,0,0.15709770277192311,0.15213144178923185
SG_013721,0,0.23891164434891057,0.2088451517186835
SG_013722,0,0.18333182926161962,0.27969036433429956
SG_013723,0,0.194937751001471,0.27879444695664646
SG_013724,0,0.1732083437041781,0.21267847989393532
SG_013725,1,0.3051599628269227,0.2511018279713678
SG_013729,0,0.07643261253728954,0.10156708443567487
SG_013730,0,0.09907880725074657,0.11783811319782421
SG_013732,0,0.13842084601236562,0.1857505209870272
SG_013734,1,0.20310428282499843,0.2218883388007778
SG_013735,0,0.1305023657143807,0.10086877820170477
SG_013736,0,0.16897834061473177,0.14394303466812491
SG_013738,0,0.1506241212404014,0.16418153829948726
SG_013739,1,0.10060863408461956,0.1107729721632401
SG_013742,1,0.24924074210567165,0.19906218802742634
SG_013743,0,0.13141231732202563,0.13415731057011365
SG_013748,0,0.13541229133966876,0.12349281830710455
SG_013750,0,0.18811672350620132,0.2030462669357625
SG_013751,1,0.17136484411221126,0.21627345602003292
SG_013752,0,0.16533833478141985,0.1944571194716634
SG_013753,0,0.09933570376467155,0.10453122667770046
SG_013754,0,0.18205475992815842,0.2097503919805033
SG_013756,1,0.2820635932186369,0.25460119573898193
SG_013757,0,0.14034662615680712,0.1262391346297198
SG_013758,0,0.3328957874941958,0.23728800276185158
SG_013760,0,0.11023729593802267,0.10198877803615851
SG_013761,0,0.2251337980170043,0.2202998234598592
SG_013762,1,0.20235534251269793,0.20413998023193008
SG_013763,0,0.08895083177046453,0.043664978782814154
SG_013764,0,0.20744091138936446,0.20464279413239192
SG_013767,0,0.18323672144929146,0.2244709751180834
SG_013768,0,0.12886775547278834,0.15444268667780212
SG_013770,0,0.06854041779547888,0.08143428313617289
SG_013771,0,0.12361337827415808,0.11691746306841287
SG_013772,0,0.23399061141206512,0.20292923010530928
SG_013774,0,0.07269717310930582,0.057719058161288674
SG_013775,0,0.1795669219383414,0.19911026031202003
SG_013776,0,0.19004994495525185,0.2980272364481534
SG_013777,0,0.11941442085464901,0.11431652158121938
SG_013778,0,0.22737252582172654,0.24007635607543706
SG_013779,0,0.1837956626157901,0.16198447974547417
SG_013780,0,0.15581612640375236,0.1860695377068062
SG_013781,0,0.1695342742611313,0.1843157232492952
SG_013782,0,0.14644841097694336,0.17201757383515215
SG_013783,0,0.16405269907912887,0.207719138877496
SG_013784,0,0.16259368780289757,0.10213012141933933
SG_013786,0,0.20205428740350834,0.23096719045994774
SG_013787,0,0.12700147919672572,0.13834683400766506
SG_013788,0,0.0932292074748147,0.0948898168893755
SG_013789,0,0.18780552982098594,0.1435576819939197
SG_013790,0,0.17059482556211936,0.18871956624780556
SG_013791,0,0.18391025687047124,0.223266921289339
SG_013792,1,0.20517666104122723,0.19358538769298692
SG_013794,0,0.22880123352149417,0.21465890682886152
SG_013795,0,0.21895884520821524,0.22166563585309862
SG_013796,0,0.16976628396008442,0.20360318200613567
SG_013797,0,0.2602660475920223,0.23745235579752172
SG_013798,0,0.14674935959545748,0.1938154464405365
SG_013799,0,0.13676278099531497,0.11968743737060167
SG_013801,0,0.16026148214828992,0.2199842667272037
SG_013802,0,0.17486915470255057,0.15352560993919045
SG_013803,0,0.19872926007037528,0.18027792000830867
SG_013804,0,0.21703162398379097,0.22503826343972316
SG_013805,0,0.20843223686324558,0.2226358378582099
SG_013806,1,0.11822031179583045,0.08909727601052642
SG_013807,0,0.11587042280846822,0.12251463934107025
SG_013809,0,0.14191911612105482,0.12924430279687416
SG_013810,0,0.2011855687114884,0.19253419274730038
SG_013811,1,0.12604640282266522,0.12282010107016159
SG_013812,0,0.15912930353177773,0.19356176719854803
SG_013813,0,0.1757829441023158,0.16744429339042904
SG_013814,0,0.1448462996625273,0.18468227916961988
SG_013816,0,0.26758444564440975,0.21721027425013997
SG_013817,0,0.16106154278518697,0.12742746817901363
SG_013818,0,0.12922963257707376,0.13124101083574888
SG_013819,0,0.2033935890438493,0.1854794276542627
SG_013820,1,0.11840453071176378,0.12856816607061103
SG_013821,0,0.16259522824017222,0.07456087249660921
SG_013822,0,0.1766377702429121,0.1996700228287843
SG_013823,1,0.13325809095127314,0.08357218176233878
SG_013824,0,0.23063338768836988,0.2209201557347175
SG_013825,0,0.24449366326961855,0.22407086375963917
SG_013826,0,0.14574976204741144,0.1471104525849216
SG_013828,0,0.13229690635884234,0.15957412634282914
SG_013829,1,0.0909747891733416,0.09499905678355042
SG_013830,1,0.16497539484207357,0.19566790725956085
SG_013831,0,0.1822434933702989,0.21649349945411556
SG_013832,0,0.16881443928005602,0.14031315572127204
SG_013833,1,0.19349398610502128,0.15655462939001497
SG_013834,0,0.19501143291887946,0.2984853902933922
SG_013835,1,0.17218088477093904,0.18537806693432798
SG_013836,0,0.09347827074020935,0.1238856200225407
SG_013837,0,0.1323680529381607,0.09945588881018157
SG_013838,0,0.2399257293215656,0.2358530508323784
SG_013839,0,0.16498493722409135,0.13164975731205458
SG_013843,0,0.21562627927064196,0.21241304425455368
SG_013846,0,0.08968553852749236,0.08625389480675737
SG_013847,0,0.15347851324752687,0.12878726208406074
SG_013848,0,0.12581890875698767,0.0945626959166929
SG_013852,0,0.19080764953929927,0.17827767131493583
SG_013856,0,0.16106154278518697,0.08599618387128612
SG_013858,0,0.1929276027422371,0.20629708928185578
SG_013859,0,0.1764861510994925,0.2226701829816427
SG_013861,0,0.1810972460719715,0.2041626881347774
SG_013863,0,0.14668767326247936,0.1502009170566893
SG_013864,1,0.19017408059819274,0.1827632953315384
SG_013865,0,0.19453497497680863,0.18242252164026102
SG_013866,0,0.15016764762337406,0.14042144246768817
SG_013869,0,0.13903865060675916,0.1484097031073755
SG_013871,0,0.11339373923966746,0.1281000138010433
SG_013872,0,0.1764331190471108,0.1925791726051682
SG_013873,1,0.19042027647217763,0.186378130851472
SG_013874,0,0.09857725617111972,0.1108922293995987
SG_013875,0,0.11282312161146368,0.12931088678316577
SG_013876,0,0.16568277370031864,0.21599936199271225
SG_013877,0,0.12350748874218566,0.13495537730482246
SG_013878,0,0.1047848140043499,0.11680479590089163
SG_013879,0,0.16684066883931076,0.1585314730986083
SG_013880,0,0.11975451537504293,0.12760846682905355
SG_013881,0,0.17644309191034963,0.23040864292332938
SG_013882,0,0.14580403740522987,0.13965067885175814
SG_013886,0,0.1667624380134411,0.14602222284313154
SG_013887,0,0.1560922027431439,0.2130812998031156
SG_013888,1,0.15983040824105121,0.12910119104109735
SG_013889,0,0.16259368780289757,0.1625719517957926
SG_013890,0,0.20237018619071193,0.18034670201200403
SG_013891,1,0.19474286814910366,0.19302591166169933
SG_013893,0,0.16687728950667677,0.12756537772296578
SG_013894,1,0.17601362231660792,0.19358168753684332
SG_013895,0,0.150997149973757,0.14402692021644947
SG_013897,0,0.16478508072448045,0.19914585180041924
SG_013899,0,0.1973644964917102,0.2123343175923289
SG_013900,1,0.16643332304353364,0.17326131449588714
SG_013902,1,0.2595171475999479,0.21599628824065173
SG_013903,0,0.14281477616439048,0.15587285219297511
SG_013904,0,0.19300517076362605,0.2758977773273073
SG_013908,0,0.17676027953657802,0.21045249536375402
SG_013909,0,0.1334654064758266,0.1781266369666258
SG_013911,0,0.15613096476776622,0.13915747403014297
SG_013913,1,0.1501518737432957,0.17524263857905278
SG_013915,0,0.15358855208107527,0.1348605373444596
SG_013916,1,0.17639881582068476,0.16319460587698306
SG_013917,1,0.18087642887966632,0.15253119568995735
SG_013918,0,0.12692071234702304,0.12133325458118104
SG_013920,0,0.14128637015904555,0.15736542583571217
SG_013921,1,0.26217755808370324,0.2873946537836623
SG_013923,1,0.18691942686063306,0.1735507129564685
SG_013924,0,0.16497250477135922,0.14129963393239947
SG_013925,0,0.22178071129301516,0.18995551071444422
SG_013926,1,0.1152592444413363,0.10190111306876333
SG_013927,0,0.1655016065621399,0.10233995659269277
SG_013928,0,0.26785640492536833,0.2566475882911728
SG_013929,0,0.13774212611542644,0.13980965590563516
SG_013930,1,0.20468811493479996,0.2427520942567095
SG_013931,0,0.06489643283774645,0.09628623586569349
SG_013932,0,0.11632087908834947,0.13209891354458228
SG_013933,0,0.16390843219390655,0.0987043695163296
SG_013934,0,0.16843324172576962,0.14012911318596158
SG_013935,1,0.1663447442034257,0.17376765570335698
SG_013936,0,0.19949022986975373,0.2019478187339703
SG_013937,0,0.15136583234708598,0.1724936433223479
SG_013938,0,0.2527039179487651,0.23004722312339979
SG_013939,0,0.16680240468560706,0.1608230122480619
SG_013940,0,0.20701665891920926,0.17832378973117138
SG_013941,0,0.17648516151796267,0.18961801659011004
SG_013942,0,0.16106154278518697,0.15865557493920934
SG_013945,1,0.18555939402469437,0.22425505852105299
SG_013947,0,0.16636197383422643,0.11097721200136924
SG_013950,0,0.24372069842862024,0.23515580094507993
SG_013951,0,0.15434019536848453,0.14922435888918464
SG_013952,0,0.18212370537423303,0.16476429660100617
SG_013954,0,0.18433390488481094,0.17907635252264228
SG_013955,1,0.13095969921965883,0.13653951411257587
SG_013956,0,0.14526846461710446,0.13777171577120925
SG_013957,0,0.12640070501818962,0.1252091096352607
SG_013958,0,0.24903265408687536,0.201141957779266
SG_013959,0,0.09946874961569992,0.0959436561590305
SG_013960,0,0.16591290647993534,0.1814960904977302
SG_013961,0,0.3356221904024579,0.2445823286568736
SG_013963,0,0.12123672414723069,0.12381176738159323
SG_013964,0,0.14954912180777372,0.12904567980396756
SG_013966,0,0.24758954441345174,0.1870437211547137
SG_013967,0,0.17349248727460384,0.16222874544876853
SG_013968,1,0.27904671538465997,0.22332089793099555
SG_013970,0,0.16779449946156894,0.18980047540421255
SG_013971,0,0.12767424412917389,0.1473087297007173
SG_013972,1,0.24201178711504148,0.24536572856614694
SG_013973,1,0.17026832424471428,0.13164068618192465
SG_013975,1,0.1638126563427426,0.17245285930916435
SG_013976,1,0.13494905146396113,0.17562907135490408
SG_013977,0,0.17833287130446937,0.21096909580803042
SG_013981,0,0.15595911334428075,0.1544655209233549
SG_013982,1,0.08366472880056677,0.07454555157177425
SG_013983,1,0.23728907892089252,0.25540861133954584
SG_013984,0,0.09854852854909088,0.10777637549211637
SG_013985,0,0.181870882204645,0.23082248988962364
SG_013987,0,0.19270249453523527,0.20314369648029668
SG_013988,0,0.13768754190971025,0.16032906044726117
SG_013989,0,0.1965267697634467,0.21692266188843637
SG_013990,1,0.14887352836458106,0.17579400726980246
SG_013991,0,0.0888317178853124,0.11270496226310689
SG_013992,0,0.08477318800481771,0.09365164366673034
SG_013993,0,0.16106154278518697,0.10635660591282839
SG_013994,1,0.18386241746465337,0.2832353172246803
SG_013995,0,0.1273123880198957,0.14225876410862656
SG_013996,0,0.1767696896442847,0.15904779399255253
SG_013998,0,0.1302494198292717,0.09001615896231373
SG_013999,1,0.166107973920156,0.13935333216229326
SG_014001,0,0.07453425479690413,0.09091810234651683
SG_014002,0,0.1786660762420288,0.21047850306126714
SG_014003,0,0.1609345930581565,0.14680497268908457
SG_014005,0,0.2066533397935619,0.18103367402509407
SG_014006,0,0.16259368780289757,0.10255535795408091
SG_014007,1,0.10188122042499892,0.09479652097138341
SG_014008,0,0.1184364891632432,0.1414005277773863
SG_014011,0,0.23777220153512724,0.18259116871404948
SG_014013,0,0.1909218255737546,0.3043163845872923
SG_014019,0,0.2025957636122232,0.23398147054150784
SG_014024,0,0.15947728467307923,0.17224359786708
SG_014025,0,0.18201830112282621,0.22818594655426236
SG_014027,0,0.1575747611224572,0.15601880182953948
SG_014028,0,0.14160804432238058,0.16351896311186043
SG_014029,1,0.2411865232761816,0.2641675979846644
SG_014032,0,0.15027613042913662,0.16358331113131216
SG_014033,0,0.1471697821788459,0.1599877464605227
SG_014034,1,0.10828953951675997,0.12628752445867883
SG_014035,0,0.16634192449421148,0.12610549438635127
SG_014038,0,0.24666003051028698,0.20199523208358972
SG_014040,1,0.15427062421156937,0.1339144870246769
SG_014041,1,0.28242820665551965,0.22128675516281116
SG_014042,0,0.16259368780289757,0.10279815228622208
SG_014043,0,0.16505481518372497,0.13844625827630627
SG_014044,1,0.13790225558717534,0.15701262295340263
SG_014048,0,0.16447787770275862,0.08975698665497144
SG_014049,0,0.16123540895829772,0.13499914730211318
SG_014051,0,0.1650273272676287,0.14977489694340823
SG_014052,0,0.16630531194776163,0.14806664356164662
SG_014054,0,0.12338894050522602,0.1185249864357179
SG_014055,0,0.16637497739052587,0.13426186799459716
SG_014056,0,0.156015107263583,0.13998389526279434
SG_014057,0,0.13967385905786697,0.164910783127142
SG_014060,0,0.15280988976662346,0.1434919763087028
SG_014061,0,0.1647208064018288,0.14977928900487342
SG_014063,0,0.175694396071038,0.2652097818854735
SG_014064,1,0.15069844420805023,0.18481052426188488
SG_014065,0,0.13321447813184942,0.11191878137653753
SG_014066,0,0.18328571820743875,0.18092228898752846
SG_014068,1,0.09949398022437196,0.09409928263134132
SG_014069,0,0.1466413840695532,0.11515783480056156
SG_014070,0,0.1739640109103461,0.12557174743401134
SG_014071,0,0.11607539455590751,0.13849168343259255
SG_014074,0,0.1543613444688936,0.12131265163304557
SG_014076,0,0.18187414801569196,0.19807058922745388
SG_014077,0,0.13673313048935173,0.12858962889094286
SG_014078,0,0.14329246692807696,0.11124974667880044
SG_014079,1,0.1862944626998657,0.1607437477198178
SG_014080,0,0.16173011400590617,0.17917298145876687
SG_014082,0,0.10518637896668319,0.12416049640230753
SG_014083,0,0.14100896207881705,0.11699318276063823
SG_014084,0,0.17590423760678248,0.1570283609823627
SG_014086,0,0.13431143941671622,0.16405315749236973
SG_014087,0,0.19337130581259188,0.23190696896872717
SG_014089,0,0.07724678584663876,0.10880918664861935
SG_014090,0,0.167008481273906,0.18420370320015383
SG_014091,1,0.18805657324209912,0.18288068945499678
SG_014092,0,0.11930869459496594,0.14778569111669693
SG_014093,0,0.1658057499639214,0.11564959122350646
SG_014094,0,0.09925818768622294,0.09846806857609183
SG_014095,0,0.17233686704543294,0.16132313374745208
SG_014097,0,0.18394664829639576,0.2607996180591851
SG_014098,0,0.1138707676622884,0.08793524365540122
SG_014100,0,0.27253348323864973,0.156484748095942
SG_014101,0,0.12963715527615438,0.11866719314982624
SG_014103,0,0.11942517343967801,0.12190415935563867
SG_014104,0,0.13952236712203353,0.10872475208276705
SG_014106,0,0.1326070122291136,0.10764535006665615
SG_014107,0,0.149432847652791,0.1652554885506675
SG_014108,0,0.18366961522631056,0.16602773226307574
SG_014109,1,0.19302921907987755,0.24285593755999027
SG_014110,0,0.15567724407405517,0.14411497816911592
SG_014112,0,0.15662009533357063,0.1561687956898994
SG_014114,0,0.247937495109939,0.23057707981561215
SG_014115,0,0.13238905111748517,0.17427507209653917
SG_014117,0,0.23628152605585534,0.24331145880218344
SG_014118,0,0.1640335072496589,0.1644871736201186
SG_014119,0,0.1571034304126509,0.11374796396538608
SG_014120,0,0.2271936677487434,0.2021303178454465
SG_014121,0,0.16106154278518697,0.1153829477322061
SG_014125,0,0.11876769806117815,0.12092468162726876
SG_014126,0,0.2837571847680222,0.2672443607869714
SG_014127,0,0.17196772568089785,0.15816226411522263
SG_014128,1,0.21346203783924814,0.20565604515482178
SG_014129,0,0.16801068075134856,0.12799121514908912
SG_014131,0,0.16236015919132274,0.1452145966072941
SG_014133,0,0.1666026408062293,0.16907929617902273
SG_014134,0,0.1836950169409509,0.19663633474656297
SG_014137,0,0.17687010110741685,0.2256391372451931
SG_014138,0,0.1439475639271046,0.1585061691421446
SG_014142,0,0.1309000730981628,0.2156714211205266
SG_014143,0,0.27809310966192163,0.23089139593110947
SG_014144,0,0.17454808417466205,0.1947277587212173
SG_014145,0,0.11443965413718002,0.09010555611382133
SG_014147,0,0.16661228176980541,0.18682384289785003
SG_014148,1,0.1879281890744454,0.1756736727804359
SG_014149,0,0.13099372635231354,0.18363364974432275
SG_014150,0,0.13672711971358745,0.1425679823418163
SG_014151,0,0.26553696871886917,0.22133962840996108
SG_014152,0,0.16026287339382125,0.1781594658584957
SG_014153,1,0.0790537928943604,0.09980265879665816
SG_014154,0,0.2291528951649268,0.18024588122640056
SG_014156,0,0.24928711266105288,0.1638316026057692
SG_014158,0,0.14827678299170238,0.1371389276878588
SG_014159,0,0.16509892459832792,0.17504316266665967
SG_014160,0,0.15380797699481966,0.15391921262973793
SG_014163,0,0.1534437836209726,0.14073401184188558
SG_014164,0,0.16101755762499254,0.1801609482062469
SG_014166,0,0.13918553560109967,0.11096079286533247
SG_014169,0,0.1670484102025744,0.1965697518859497
SG_014170,0,0.13011764455147007,0.1590525323317753
SG_014171,0,0.17772164373722518,0.15064494474826856
SG_014173,0,0.11292817076109192,0.0870710303983686
SG_014174,0,0.1664533970608103,0.1325567100566051
SG_014175,0,0.18394164480413597,0.1847153004073514
SG_014178,1,0.1680057169790727,0.16555780676511278
SG_014179,0,0.1115529307634584,0.08833232651271872
SG_014180,0,0.1457193644157875,0.16537525123640925
SG_014181,1,0.16469642390472158,0.11939583579327731
SG_014182,0,0.17890552130115756,0.24470171677932243
SG_014183,0,0.13695733594275375,0.15525691629198193
SG_014185,0,0.1339287760162652,0.09227332302578836
SG_014187,0,0.1250655107103795,0.13397144154630422
SG_014189,0,0.16498427917516426,0.12227938610277717
SG_014193,0,0.18861970126878075,0.17737486266110966
SG_014195,0,0.25074539031764936,0.28224486007063243
SG_014198,0,0.15663181600963638,0.14629871839835906
SG_014199,0,0.40501679872659374,0.3718510658684564
SG_014200,0,0.162905754367073,0.19631543643897054
SG_014201,0,0.20879769617610347,0.23007449698215046
SG_014202,1,0.16687186276410187,0.14990812108832557
SG_014203,1,0.25288118815383587,0.3137146242861339
SG_014204,0,0.23818799936038756,0.22898767753569263
SG_014206,0,0.1819843151354122,0.12930238713376002
SG_014207,0,0.17029041444737894,0.1857426058762668
SG_014208,0,0.12388311212164342,0.13706982283942007
SG_014209,0,0.15785675889768738,0.16499145573819035
SG_014211,1,0.10528371789284152,0.1001731347387142
SG_014212,0,0.20169010627751752,0.21294980439795658
SG_014213,0,0.16259522824017222,0.10720491540597239
SG_014214,1,0.17761924852626712,0.21718935086012878
SG_014215,0,0.1266037014552204,0.1598520730406788
SG_014216,0,0.1045147108586259,0.10227844948657955
SG_014218,0,0.33873964075003765,0.2838240455880004
SG_014220,0,0.1685920943174605,0.17143003349253924
SG_014221,0,0.1452236840884395,0.13826217633722557
SG_014222,0,0.13361358418674613,0.09156846803686175
SG_014224,0,0.16812740225421757,0.19101243332144063
SG_014225,0,0.18795535825229004,0.2841691656360676
SG_014226,0,0.1891654727061951,0.20565042636616315
SG_014227,0,0.11414582115357236,0.12569752401948242
SG_014228,0,0.12296013766349265,0.1290497272473694
SG_014229,0,0.25181624551261234,0.1891171431843964
SG_014230,0,0.15752587641439483,0.1512686828795647
SG_014231,0,0.17223072094025044,0.14615107777182845
SG_014232,0,0.1355343583997724,0.15734540311455303
SG_014233,0,0.16388748049994095,0.17226868995160355
SG_014234,0,0.16721888081654288,0.09424863793226303
SG_014236,0,0.16453138749681473,0.11794791133793572
SG_014238,0,0.23424967732083823,0.23298734452901487
SG_014239,0,0.1335625796866739,0.11448808030739582
SG_014240,0,0.15181883656346917,0.1546045985924753
SG_014241,0,0.08416767612198071,0.10940876535453788
SG_014242,1,0.18976359243610322,0.2436071427779865
SG_014244,0,0.22553174617578206,0.17555650039049545
SG_014245,0,0.17640700849603627,0.24819461799958434
SG_014246,0,0.14274551022747492,0.15765042757623565
SG_014247,1,0.09752321362840385,0.11116599928195166
SG_014250,1,0.17203442153482504,0.23059632150677226
SG_014251,0,0.1345185397112829,0.10364428432660851
SG_014252,0,0.1441516017546779,0.13401597522391148
SG_014253,0,0.14314182040142692,0.14288507325825445
SG_014254,0,0.3547756252610807,0.28692310528241727
SG_014255,1,0.1117693554432505,0.13163788082703468
SG_014256,0,0.15871500489951737,0.1641764693894103
SG_014257,0,0.15746858730663685,0.14065016128721827
SG_014258,1,0.30966173380914097,0.19708320684328737
SG_014260,0,0.17050997490396547,0.16192187168388555
SG_014261,1,0.1045251436326752,0.11379101885953286
SG_014262,0,0.1485809383644082,0.15318096346258214
SG_014263,0,0.209996425677986,0.19932260394480208
SG_014264,0,0.229938429836596,0.20843557519861722
SG_014265,0,0.16390843219390655,0.09619605049415036
SG_014266,0,0.1356793821866202,0.12768980382379594
SG_014267,0,0.09188758760701696,0.09195542240459804
SG_014268,1,0.12599319793976754,0.12751119266938926
SG_014271,1,0.22039748438315224,0.26891995409033403
SG_014273,0,0.10702615909132038,0.10625235292637907
SG_014274,0,0.18567792783224274,0.1651602718254487
SG_014275,0,0.19765894774186446,0.24170821457136843
SG_014276,1,0.1477344143487701,0.14976404917675487
SG_014278,0,0.2339879935829441,0.2120441693995732
SG_014279,0,0.23398176521791808,0.26868145636628776
SG_014280,0,0.13730056224848244,0.09796403633286895
SG_014281,1,0.2573303894774659,0.28934698912921614
SG_014282,0,0.11221441576779873,0.09946858413299584
SG_014283,1,0.1767306376006059,0.1804570504763268
SG_014284,0,0.16724245856841888,0.17588466790054083
SG_014285,0,0.2741907370282099,0.22163544670493182
SG_014286,0,0.1508855621035229,0.17022409726388624
SG_014287,0,0.16581683512500442,0.1751234633172108
SG_014289,1,0.25645610003244207,0.25755402701530844
SG_014291,0,0.12984848993312303,0.11984655142753747
SG_014294,0,0.21723845401015562,0.19834346675874623
SG_014296,1,0.16700512597345335,0.18341637956557635
SG_014297,0,0.11221498422209683,0.1509068558359607
SG_014298,0,0.1528256277295322,0.12341733432763499
SG_014300,0,0.3189028246235266,0.2824540747081903
SG_014301,0,0.1718587696927508,0.1866392192988796
SG_014302,0,0.19970252729818838,0.19868279306401945
SG_014303,0,0.17545194871233905,0.15115051041433203
SG_014304,0,0.29695059219776876,0.23818282676511104
SG_014305,0,0.17494782488794236,0.15633694688727454
SG_014306,0,0.16088255252604647,0.160053946916012
SG_014307,0,0.2447663578854358,0.2113496011295178
SG_014310,0,0.12095283590010292,0.11055801875224845
SG_014312,0,0.10896101606148956,0.1283635704666561
SG_014313,0,0.14246954404071974,0.17001965734628774
SG_014315,0,0.17968676665443123,0.2645616636349295
SG_014316,0,0.1418540375914931,0.16335702375376662
SG_014317,0,0.16106154278518697,0.11894647803028918
SG_014318,1,0.19050863335764257,0.19236418645224906
SG_014322,0,0.1352688063707627,0.15480669125197782
SG_014323,0,0.18903430308713803,0.31692631698214474
SG_014324,0,0.08569849294568405,0.08511646912518467
SG_014325,0,0.1332874463351771,0.11947470083897382
SG_014326,0,0.1454552047805076,0.15753522510253676
SG_014327,0,0.25139110315725194,0.24070390616068002
SG_014329,0,0.19672648455537844,0.17662295734478636
SG_014330,0,0.12772188613610036,0.11668807599523975
SG_014331,0,0.19445574800274137,0.17294248780126004
SG_014332,0,0.16450179252905858,0.1833263620984595
SG_014333,0,0.1888002395123147,0.16419259362622632
SG_014336,0,0.16247338413653042,0.18748546548225428
SG_014337,0,0.17946704658991114,0.16812482521444555
SG_014338,0,0.15727602127416157,0.21245779219612101
SG_014340,0,0.18591137084270853,0.16980181968198027
SG_014341,0,0.12241342421332749,0.11625024114227324
SG_014344,0,0.34034706230980677,0.22941303988586031
SG_014346,0,0.16106154278518697,0.10283097441503092
SG_014347,1,0.15753997200349573,0.1416103505526449
SG_014348,0,0.2384184724970721,0.2591928977955379
SG_014349,0,0.1755019077030782,0.17324760091684305
SG_014350,0,0.13030711057721178,0.07600904398783905
SG_014351,0,0.12480116169777891,0.1380604533297214
SG_014352,0,0.1438575930615632,0.12078320023189812
SG_014353,0,0.17531882586363554,0.15933933908949496
SG_014354,1,0.16467044681924556,0.192103689836462
SG_014355,1,0.16281772157392285,0.12435825554558548
SG_014356,0,0.15756230077700492,0.14571381285674725
SG_014357,0,0.1670552669539131,0.16315094007223774
SG_014358,0,0.20554573521169747,0.2684219557335504
SG_014359,0,0.19606083676280173,0.22902488421682857
SG_014360,0,0.10304386231445402,0.1301449365640868
SG_014361,0,0.08993398984208216,0.10165481477868431
SG_014362,0,0.1915613024250089,0.19778372739880354
SG_014364,0,0.18544261922981373,0.18340391471480524
SG_014365,0,0.12673599195459662,0.14822401647754643
SG_014366,0,0.10745814025647558,0.11808675937766865
SG_014367,0,0.10489167819247797,0.14679054139893366
SG_014369,0,0.17936905728275288,0.28019942437119777
SG_014371,0,0.16930557905355936,0.15131113569804294
SG_014372,0,0.16372708291448276,0.15138584164952704
SG_014374,1,0.12693286145822225,0.13577350312714204
SG_014376,0,0.21082176349278164,0.1792050785165074
SG_014377,1,0.1930989089172695,0.24375031991973145
SG_014378,0,0.12077023979281463,0.14428210977818468
SG_014379,0,0.14013125694196657,0.12534341488513795
SG_014381,0,0.17566735634031239,0.16089089711931454
SG_014382,0,0.15029959203945786,0.1548812944398011
SG_014384,0,0.13779791628261528,0.1526377908735234
SG_014388,0,0.12166603986066164,0.14517704082524174
SG_014390,0,0.18432473791673093,0.22629287407303594
SG_014392,0,0.20259744511865307,0.20562283367629902
SG_014393,0,0.188609822131871,0.1915067396922683
SG_014395,0,0.17436387530268008,0.11554387505251354
SG_014396,0,0.16466805118097042,0.14565925159566478
SG_014397,0,0.1728758441182837,0.19915291534927212
SG_014399,0,0.2591159308544108,0.23169273734826576
SG_014400,0,0.15313617285994793,0.13967867800038877
SG_014401,1,0.13345377118061397,0.14816480506930768
SG_014403,1,0.18878850067286265,0.26615855487405177
SG_014404,0,0.12405549756261632,0.11596725139179666
SG_014405,0,0.16797211810654705,0.1678352308384132
SG_014406,0,0.17672628216871816,0.17917563348290974
SG_014407,0,0.1711541567928763,0.17477614342701783
SG_014408,0,0.2302733003168903,0.19505533958659646
SG_014410,0,0.17043164941544306,0.18298200669137987
SG_014412,0,0.16273894795324864,0.17323879351485458
SG_014413,0,0.3027937139568371,0.23763917219428346
SG_014414,0,0.17582996279207525,0.19255339291404625
SG_014417,0,0.16565756212604713,0.134098446916908
SG_014419,0,0.14918936567655508,0.16580386954789708
SG_014420,0,0.20942989350163063,0.17295879511889561
SG_014421,0,0.1642528343039797,0.18777376224167386
SG_014422,1,0.234605835043159,0.18978771023033794
SG_014423,0,0.11428877582650396,0.12327986049859564
SG_014424,0,0.14832445902654365,0.16133585911488496
SG_014427,0,0.1527137172214611,0.1817270502584343
SG_014428,0,0.11891859551401036,0.12648099312046449
SG_014429,0,0.22219448900349748,0.24156734180010445
SG_014430,1,0.1599722481561014,0.2012666663899458
SG_014433,0,0.18763000175391475,0.1911418453756173
SG_014434,1,0.2433485682590845,0.242894727852743
SG_014435,0,0.14783697454048622,0.14462092609116792
SG_014436,0,0.11512756854064031,0.14295518008705643
SG_014437,0,0.15040112564789357,0.16032653950745193
SG_014438,0,0.1462014613976554,0.13995587013465305
SG_014439,0,0.15357279911716396,0.19407293550651517
SG_014440,0,0.16500835130910496,0.1332912357433188
SG_014441,1,0.1526224502828851,0.19385583705505155
SG_014442,0,0.16963446845178073,0.15723619674661582
SG_014443,0,0.13244234813484537,0.17351321430075697
SG_014444,0,0.12546903110930993,0.11993017850087762
SG_014445,0,0.14232878243119754,0.14347890642678893
SG_014448,0,0.15265565871185444,0.14315340751393907
SG_014449,0,0.11763120302483113,0.1410829799277584
SG_014450,0,0.15161855485271378,0.1406901474098616
SG_014451,0,0.15616720342811402,0.12691699765404005
SG_014452,0,0.11475366986894953,0.1436104650216414
SG_014453,0,0.08962524121755266,0.0910579857297737
SG_014454,0,0.1471669704200431,0.1681752586465226
SG_014455,0,0.17612308806597798,0.18300201918733788
SG_014456,0,0.21567625095410425,0.20025113457972954
SG_014458,0,0.11161854055544582,0.12974214210828067
SG_014459,0,0.19082446137447892,0.19689427738537538
SG_014460,1,0.06887898989344107,0.06768843837366878
SG_014461,0,0.13415402077033026,0.17497815119592647
SG_014462,0,0.1494986439420989,0.10461928067229634
SG_014463,0,0.16114582545102982,0.15016284286135145
SG_014464,0,0.13005768905470882,0.12935925720635766
SG_014467,0,0.15620222910382758,0.13890962663324238
SG_014468,0,0.21200668719142274,0.18471952381295692
SG_014470,0,0.1877335651102145,0.1410910603642342
SG_014471,0,0.1341290845216953,0.13525426199860802
SG_014472,0,0.1438516607783196,0.177981920220168
SG_014473,0,0.16452215086497757,0.11231784333421227
SG_014475,0,0.11531271313180484,0.11496823926484225
SG_014476,0,0.16782967474992458,0.16146403210971821
SG_014477,0,0.1403196319910407,0.13323320723366394
SG_014478,0,0.12651568885678519,0.1287802687303917
SG_014479,0,0.11707728885723745,0.11332005832875436
SG_014480,1,0.12293535421872304,0.13107463390840512
SG_014481,0,0.23037081041024748,0.2266064023656213
SG_014482,0,0.17847484983958675,0.18906076160032387
SG_014483,0,0.16665627085695925,0.14371165840389077
SG_014485,0,0.13399401119320417,0.12380824296459972
SG_014487,0,0.21157576673352335,0.2643926466983109
SG_014489,1,0.26512077133704914,0.2716799465180141
SG_014490,0,0.16106154278518697,0.10422035795604234
SG_014492,1,0.2357165029685121,0.2104588164321837
SG_014493,0,0.22082985195298385,0.20814265539975713
SG_014494,0,0.17409701259905394,0.21379721120386866
SG_014496,0,0.16619560050725807,0.1635781358305977
SG_014497,0,0.1846877466209308,0.1766397681349584
SG_014498,0,0.11963523668020432,0.11800439286268587
SG_014499,0,0.21778064829326785,0.24629728785540336
SG_014500,0,0.10764848239680398,0.11708661607437391
SG_014501,0,0.17311643429475462,0.21438919734419268
SG_014502,0,0.16687186276410187,0.16625539794842403
SG_014503,0,0.17012284617930526,0.22168593122144992
SG_014504,0,0.31780872052997927,0.23392554370017532
SG_014505,1,0.1257320661252423,0.11602911589935774
SG_014506,0,0.14269100737302234,0.1449206012409841
SG_014507,0,0.16697995022521644,0.15974625534982195
SG_014508,0,0.1752956338186212,0.1967516646624502
SG_014509,0,0.16935354025249208,0.17724519517237358
SG_014510,0,0.1658441474070081,0.18358691288453474
SG_014511,0,0.09103688667371812,0.09863644029837992
SG_014513,0,0.17792996669022249,0.2040754267362311
SG_014515,1,0.1799080021509428,0.2942497881469082
SG_014517,0,0.1733419044788993,0.1662983234214172
SG_014518,1,0.2788236723349666,0.21829999241704068
SG_014520,0,0.11488962702968923,0.1377350242688624
SG_014521,0,0.15859693096659397,0.15310633632315807
SG_014523,0,0.14041873960522328,0.16185936296326905
SG_014524,0,0.13409454441434418,0.1334851369894075
SG_014525,0,0.12538170196712112,0.17442075261664644
SG_014526,0,0.2673628899131924,0.25076364523822886
SG_014527,0,0.17606926769835285,0.1719576129443798
SG_014528,0,0.15208465465046403,0.13213979391929176
SG_014530,0,0.31694385167719646,0.28364680631651723
SG_014531,1,0.15736976306254807,0.13132471381424943
SG_014532,0,0.27616630110529794,0.24721569658718465
SG_014533,0,0.09588367142509892,0.07193540061723772
SG_014534,0,0.10692969208170772,0.16594412601258923
SG_014535,0,0.1776002299623497,0.1768186859210383
SG_014536,0,0.1555159646902392,0.1425657140234903
SG_014537,1,0.24803849336067993,0.2511352477441381
SG_014539,0,0.11583421993463905,0.1416094426913186
SG_014540,0,0.18037485412946422,0.1790883791734022
SG_014541,0,0.12412985761391648,0.1275389373754461
SG_014542,0,0.10794377879452835,0.08782416163024301
SG_014543,0,0.15442488312868533,0.15025073977693662
SG_014545,0,0.11528423890668453,0.13024831863515285
SG_014546,0,0.14358652763701377,0.16172654722326205
SG_014547,0,0.12203678490932557,0.1319857977188911
SG_014548,1,0.15796341539034253,0.16281527918727992
SG_014549,0,0.17221233780693457,0.1756491811299083
SG_014550,0,0.1690956836294438,0.20056415339874412
SG_014553,1,0.2058933515540487,0.18322775006009218
SG_014554,0,0.07891416508926692,0.07375916833448797
SG_014555,0,0.21151125497466405,0.21851205785875022
SG_014557,0,0.15631422048139618,0.14305670729462533
SG_014558,0,0.13706948938206404,0.13825859028018095
SG_014559,0,0.1793793284983197,0.18411346078176935
SG_014560,0,0.11329149306550985,0.12002375855281577
SG_014561,0,0.2256005697839346,0.23956269496833746
SG_014563,0,0.1406365298640357,0.18427843129223756
SG_014564,0,0.18961524578962397,0.23806913504005833
SG_014567,0,0.2034877219824477,0.19897537841302593
SG_014571,0,0.13848870220856774,0.13465866682104127
SG_014572,1,0.3156970796356634,0.2544484579155625
SG_014573,0,0.20820863525628627,0.23234892596715478
SG_014574,0,0.1086247364443884,0.11778326392734485
SG_014575,0,0.1431074934760596,0.1479230232684098
SG_014576,0,0.1335740745190987,0.12682231097231111
SG_014577,0,0.16106154278518697,0.116309793454248
SG_014580,0,0.165974868364583,0.13348742628504445
SG_014584,0,0.16779882915307298,0.12556870458152056
SG_014585,0,0.12176711487712547,0.1311391787549006
SG_014586,0,0.17472769332870097,0.1899653300989029
SG_014588,0,0.16400477786627946,0.10523234681184956
SG_014589,0,0.11381344645309001,0.1180994445426229
SG_014590,0,0.17078107730854733,0.17776494200984266
SG_014591,0,0.12531167432214266,0.14852069234007984
SG_014592,0,0.20415841163682683,0.22095103760481233
SG_014593,0,0.16963153805130612,0.14721848636767515
SG_014595,0,0.20635215468090795,0.22151243208330443
SG_014598,0,0.12811466571184738,0.12946210400954622
SG_014599,1,0.24534232949790122,0.17569255563651034
SG_014600,0,0.16523266798219938,0.142111337832419
SG_014601,0,0.16494772411738096,0.11755916368790775
SG_014602,0,0.13569470310968473,0.14973566237126898
SG_014603,1,0.23820586569226504,0.227801408497883
SG_014604,0,0.1459454680435948,0.13617461953604515
SG_014605,1,0.1740368260183799,0.2591754056496499
SG_014606,0,0.1226969566003666,0.11346530732549594
SG_014608,0,0.3759109803708238,0.3348324483728437
SG_014609,1,0.21288938802078292,0.2300077692743868
SG_014610,1,0.1683445612082014,0.17640081887336714
SG_014612,0,0.13675292739952116,0.10255246085449746
SG_014613,0,0.16595236607780295,0.18321050558513427
SG_014614,0,0.08852437763314522,0.11626019467769141
SG_014615,1,0.11906195340612921,0.09724614031647465
SG_014620,0,0.21808039219541914,0.2476559189555087
SG_014622,0,0.1756420834453614,0.21962354087485106
SG_014623,0,0.16257313645374993,0.14620598145332692
SG_014624,1,0.16106154278518697,0.0818284595862082
SG_014625,0,0.16746593908684065,0.13979296451987805
SG_014627,0,0.19098167931717835,0.24406875917434134
SG_014628,0,0.14493271926625748,0.1771569228674477
SG_014629,0,0.18039860975435296,0.1745294931177003
SG_014630,0,0.16106154278518697,0.09577361200311607
SG_014631,0,0.1549523437285449,0.15033375803240884
SG_014632,0,0.16470435074402473,0.14061073708201943
SG_014633,0,0.18244212652244765,0.17834509204906893
SG_014638,0,0.1657817658989342,0.10588815769582648
SG_014639,1,0.2781074013491712,0.19756136187530582
SG_014642,0,0.1345826646613582,0.11367729526693743
SG_014643,0,0.1015813579967299,0.09407965775015359
SG_014644,0,0.2927608459876731,0.29945660589315115
SG_014646,0,0.3789162715586713,0.26016855707220754
SG_014648,0,0.09866217467945951,0.09582559870617363
SG_014649,0,0.11971250518565155,0.1538881277167455
SG_014650,0,0.1570597246156747,0.15320186201629463
SG_014651,1,0.1428375944413871,0.18779447172008326
SG_014652,0,0.15486023673699767,0.13934922737198868
SG_014654,0,0.1765382458885749,0.23579997937179278
SG_014658,0,0.15866522278793357,0.1946862101351753
SG_014659,0,0.09070486400702096,0.13251433892846035
SG_014661,1,0.13947312098768103,0.14704463225562361
SG_014662,0,0.1691284718944265,0.1725586807521218
SG_014663,0,0.22621092556254735,0.23229033747776376
SG_014664,0,0.22482362631568176,0.1935041765921984
SG_014665,0,0.1794701866094479,0.17242363459367027
SG_014666,1,0.14246657139488084,0.10445907518685933
SG_014668,0,0.16930258622006292,0.1278605857646775
SG_014669,0,0.16406943834130153,0.12970177868552749
SG_014670,0,0.09873539730022379,0.12385759125117216
SG_014671,0,0.17194573853431772,0.16982462890585076
SG_014673,0,0.14270674522429694,0.15222598960578548
SG_014674,0,0.09710564533519078,0.07759549222262259
SG_014675,0,0.1456873793927847,0.11097409482327655
SG_014676,0,0.12444281533856835,0.15860708058760936
SG_014678,0,0.16779190540813566,0.2071289133692665
SG_014679,0,0.16938389508651416,0.13986973522701177
SG_014682,1,0.17273075647086453,0.16867895240241546
SG_014683,1,0.11361135996838916,0.11135158520453838
SG_014684,1,0.11599881254916768,0.11323714782508026
SG_014685,0,0.18621738383632305,0.19253361657871979
SG_014686,1,0.19330985128779427,0.16300467883726205
SG_014688,1,0.1604425694938925,0.1535870420274329
SG_014689,0,0.18126593101940205,0.22004445235008052
SG_014692,0,0.14009734559812337,0.09020627799578963
SG_014693,1,0.18357150168316552,0.2545055978715157
SG_014694,1,0.1762067659959746,0.16420847903014277
SG_014695,0,0.218572470878897,0.20042079795134468
SG_014696,0,0.236474533582285,0.22335382391771702
SG_014697,0,0.16889684249117726,0.13766425693822973
SG_014698,0,0.16622394736259538,0.16431441147587453
SG_014699,0,0.23409643705546374,0.20786401722327721
SG_014704,0,0.09967755043080798,0.11163820967387318
SG_014705,1,0.12201603133499603,0.09081976628667124
SG_014706,0,0.16876027495085966,0.17578552577217677
SG_014707,0,0.21980802921875442,0.1925335326990459
SG_014708,0,0.14114728247271768,0.12201624565195245
SG_014709,0,0.16828179432497226,0.13030328611800118
SG_014710,0,0.21294755494923517,0.20328963657069096
SG_014711,0,0.0970858326833937,0.08748647997925327
SG_014714,0,0.11784604668277879,0.127719107088679
SG_014715,1,0.18040516200159068,0.194165072126907
SG_014716,1,0.1782419939507341,0.20135210770380896
SG_014717,0,0.1464202587601447,0.1554787038372437
SG_014719,0,0.0942485198931653,0.15434970566261452
SG_014721,0,0.15581949268984885,0.1306633183317288
SG_014722,0,0.2068685992712518,0.18301971338347114
SG_014724,0,0.11743002565366661,0.12273714577315378
SG_014725,0,0.24414470998277113,0.2147705733273119
SG_014726,0,0.1869007196704511,0.18577703260690248
SG_014727,1,0.16368656235486678,0.17666173873100616
SG_014728,0,0.1969797110698417,0.2991229063967476
SG_014730,0,0.1775650739849746,0.14514763826894334
SG_014732,0,0.21167359443254896,0.16791887302810712
SG_014734,0,0.1602797510673919,0.15011704562791756
SG_014736,0,0.17413761685062304,0.1597715248100564
SG_014737,0,0.16489856549511317,0.19345103089480753
SG_014738,0,0.13555625520924283,0.07937016106703289
SG_014739,0,0.1459251844025002,0.1475569896235119
SG_014740,0,0.17099956341480743,0.1648437020813532
SG_014741,0,0.18060093208572262,0.19373509406653075
SG_014743,0,0.14739761901375406,0.14995036329648065
SG_014744,0,0.16106154278518697,0.0988134715676331
SG_014745,0,0.17026599953705765,0.14483167156611734
SG_014747,0,0.1287082166457535,0.12088464031571669
SG_014750,0,0.15577599396535102,0.167180994081704
SG_014751,1,0.14028493056709435,0.14877474013693587
SG_014752,0,0.21324927028343435,0.2105711732991765
SG_014755,0,0.18477201186485823,0.16802902444954076
SG_014756,0,0.11958910005163387,0.10675854522767583
SG_014758,0,0.13920938866102497,0.14209217925732923
SG_014759,1,0.2102986563151289,0.2176845981164425
SG_014760,0,0.10124074057334738,0.09787958992141417
SG_014761,0,0.17520425609248494,0.13967989359968425
SG_014762,1,0.14578287394366993,0.12655853102231168
SG_014763,0,0.1030893248929967,0.10809748476031662
SG_014764,0,0.09870989053763612,0.1371954809785719
SG_014765,0,0.16031161112087747,0.16059107735137254
SG_014766,0,0.1736760944033552,0.1453730815810533
SG_014767,0,0.11424432179472817,0.1148071033851261
SG_014768,0,0.14239564373271024,0.1728770329413565
SG_014769,0,0.25133511670614606,0.21026943881326574
SG_014770,1,0.1438630350649617,0.15545733177622817
SG_014772,0,0.1771794286234028,0.18240560527585908
SG_014773,0,0.1300912258121893,0.14928784451439125
SG_014775,0,0.18206356861539846,0.15243617670692164
SG_014776,0,0.19591227242808754,0.22726280774033708
SG_014779,0,0.15326953653899275,0.18573655587393995
SG_014781,0,0.26593552479135474,0.26347911905335747
SG_014782,1,0.2302068605007549,0.1908761800754199
SG_014783,0,0.2281328169489829,0.2700936460433626
SG_014784,0,0.16106154278518697,0.0820228949344905
SG_014785,0,0.17047778285426854,0.15136015117354026
SG_014786,0,0.09460118090848048,0.09679289971877973
SG_014788,0,0.2024759373829659,0.16836096629790295
SG_014789,0,0.12520570346085724,0.10207477428007103
SG_014790,0,0.15276140544688602,0.15344908827376577
SG_014791,0,0.13595654646420083,0.13925187942831346
SG_014792,0,0.27702607150648123,0.24838140269053416
SG_014793,0,0.16874442286445546,0.21747808162701343
SG_014794,0,0.19336751552268452,0.18575417867625305
SG_014795,0,0.1812760547942049,0.16832950052821766
SG_014796,0,0.17512344757753337,0.19699461271003457
SG_014797,0,0.18065421486232994,0.17523054637736912
SG_014798,0,0.15345580339180048,0.17269661424586016
SG_014799,0,0.09245494992685382,0.08856963271722171
SG_014804,0,0.11484116444013003,0.12052954259816058
SG_014805,1,0.216598557847486,0.24444906869192956
SG_014806,0,0.1609566854688232,0.1772309830596777
SG_014807,0,0.1689979361481281,0.20167912705249297
SG_014809,1,0.19515174857667741,0.1725363999558567
SG_014810,1,0.17038419735765198,0.16025927804788836
SG_014811,0,0.15022201345050398,0.13319430457158296
SG_014814,0,0.18319792098169083,0.20653472802768075
SG_014816,0,0.11469000676011101,0.12932508423030356
SG_014817,0,0.09793782462571798,0.11921500253450149
SG_014818,0,0.17030739573455375,0.2237069694038594
SG_014819,0,0.1906485989133972,0.1457099676814933
SG_014820,0,0.15101322282121513,0.16360433138333938
SG_014821,0,0.11734607594022439,0.13307747657565938
SG_014822,0,0.13072790363385378,0.17225394497011765
SG_014823,1,0.18230303058986347,0.20905862508534143
SG_014826,0,0.13836218417301047,0.12236979787431386
SG_014828,1,0.2583169502720337,0.20345902979224598
SG_014829,1,0.1706098833042945,0.16222619319838802
SG_014831,0,0.35575489470076127,0.32410720686441935
SG_014832,0,0.14843733943514645,0.14597128120745312
SG_014833,1,0.20354878315399905,0.17003286190675534
SG_014835,1,0.26478522163287677,0.2208237616160739
SG_014836,1,0.20144503044299827,0.17693765183484322
SG_014837,1,0.17300310368637126,0.1652940902773695
SG_014838,1,0.24210252604149796,0.2480297176122327
SG_014840,1,0.2537063148614945,0.1784144094730061
SG_014841,1,0.10735418268023839,0.12838569655882043
SG_014842,0,0.22229871458759407,0.20407989725689965
SG_014843,0,0.2280374637670269,0.23314767871237413
SG_014845,0,0.14657140574423794,0.16015856362211184
SG_014846,0,0.16624316815295268,0.12543218989621113
SG_014847,0,0.19389161384893905,0.18599359504568996
SG_014848,0,0.16106154278518697,0.11334867862951391
SG_014849,0,0.1523698066719338,0.13538744192928703
SG_014850,0,0.245508783996636,0.21784278874529514
SG_014851,0,0.2858305054159671,0.31694280107953515
SG_014852,0,0.1655016065621399,0.1252874547494268
SG_014853,0,0.17907881727006583,0.190902834987806
SG_014854,0,0.16184212957380692,0.14778964309792963
SG_014855,1,0.22332852737017816,0.23727290684486732
SG_014856,0,0.1501523001281612,0.18026828157698632
SG_014857,0,0.16994369018421351,0.14990860730847883
SG_014858,0,0.14161175705339624,0.13637889143801601
SG_014859,0,0.14001178887682492,0.14967951078841685
SG_014860,1,0.2646441118815002,0.24986853813601365
SG_014861,0,0.10621956381850851,0.09054904361167858
SG_014862,0,0.34440821166102537,0.29071489581535553
SG_014863,0,0.1163127813190918,0.12768701171322575
SG_014864,0,0.16037116802508614,0.15209542986626662
SG_014868,0,0.2129059832568314,0.1896088040342868
SG_014869,0,0.18591915534467515,0.1377040960202616
SG_014870,0,0.1088669136475162,0.14527216106130336
SG_014872,0,0.14983049941065932,0.15052560969253354
SG_014873,0,0.2598227720786314,0.2398450485211719
SG_014876,0,0.14648649302178907,0.16200548708603563
SG_014877,0,0.16437744785924818,0.12523346108577105
SG_014878,0,0.1699015448394479,0.15765271817881074
SG_014881,1,0.19915229486345434,0.2057752498331156
SG_014883,0,0.14652052564586554,0.16432674494979843
SG_014884,0,0.17235221278600493,0.12281232255829636
SG_014886,0,0.1751986854867146,0.19714790723667253
SG_014888,0,0.16473860102642746,0.1725440237668957
SG_014889,1,0.16106154278518697,0.09024407923908612
SG_014890,0,0.06777534969393052,0.09218820769065855
SG_014891,0,0.1531851281931199,0.14361985870279342
SG_014892,0,0.1297746176100164,0.1339963808453203
SG_014893,1,0.33825924946986774,0.33434929631388965
SG_014896,0,0.10646386658578529,0.17084134436381934
SG_014897,0,0.1532862451689961,0.14590223067206065
SG_014899,0,0.18962244971176118,0.22095921537603586
SG_014901,0,0.17408005433371726,0.15292314595159395
SG_014902,1,0.14889975543173792,0.1398639091797212
SG_014903,0,0.09917783155477716,0.10542857012934327
SG_014904,1,0.20709340928529982,0.21525244974935387
SG_014905,0,0.1756253406428922,0.2314896008108455
SG_014907,0,0.1664800212899595,0.14495746347715532
SG_014908,0,0.1457975051290715,0.16826426830777924
SG_014910,0,0.14818182054429976,0.14496129527470453
SG_014911,0,0.14138959350682695,0.17572630728804525
SG_014912,0,0.15146889232905156,0.16915193425092526
SG_014913,1,0.3004052268390837,0.22468412283866843
SG_014915,0,0.18219788600944367,0.17963610579583902
SG_014916,0,0.16106154278518697,0.12157987880683871
SG_014917,0,0.16363643613561657,0.1897485591822612
SG_014918,0,0.1691890818965552,0.15269764907621805
SG_014920,0,0.1533541387969691,0.1836191943806512
SG_014922,0,0.15439503320992767,0.19256781825798852
SG_014923,0,0.20087278214800294,0.2214575605760593
SG_014924,0,0.17357139131174676,0.13862848606429592
SG_014925,0,0.19010003719858112,0.1765521084664614
SG_014926,1,0.17029240996160294,0.163695107854173
SG_014927,0,0.15824972962770326,0.22600125754924547
SG_014928,0,0.16416533530646873,0.14430494825119974
SG_014929,0,0.14858159963869275,0.145605380752446
SG_014930,0,0.20242883765649866,0.15619163017367083
SG_014931,0,0.12549346237719497,0.1390870443020529
SG_014932,0,0.15139747063094847,0.16741153825704588
SG_014933,0,0.1427310680523455,0.14405336872338084
SG_014934,0,0.10584791125901402,0.0753883867132714
SG_014935,0,0.14163868397908208,0.10324359690495459
SG_014936,0,0.16705229673053681,0.13402767789666215
SG_014937,1,0.2059423331164625,0.2363722416086093
SG_014938,0,0.10739702198399519,0.10153786142819672
SG_014941,0,0.2629065099088964,0.2437424724274691
SG_014942,0,0.10394236688329779,0.08831660571461314
SG_014943,0,0.14951709583008976,0.15618982307676404
SG_014944,1,0.23674649166155923,0.266669566417491
SG_014947,1,0.17626707749983883,0.13736376587233146
SG_014948,1,0.13546676724175724,0.10402457756578545
SG_014949,0,0.1878001953658537,0.16658503800145474
SG_014950,0,0.17433943558654758,0.1766157721092925
SG_014952,0,0.17106724683935431,0.2095526956464232
SG_014954,0,0.2073320657338457,0.16811722825759196
SG_014956,0,0.20532784660360084,0.25892076976424605
SG_014957,0,0.15354861105856424,0.11094900995254822
SG_014958,0,0.1752689030845391,0.17900607016531342
SG_014960,1,0.1902105672671623,0.19453371552797605
SG_014962,0,0.13288146001668694,0.1532643530056083
SG_014963,0,0.11362096879488355,0.12229602268660532
SG_014967,0,0.25486066692940995,0.23380662502016303
SG_014968,0,0.20660800686394912,0.20707745148310697
SG_014970,0,0.12882838085056914,0.1409787023528228
SG_014971,0,0.1806961771309016,0.21839589591493655
SG_014973,0,0.15782384266181218,0.15331410033873036
SG_014974,0,0.2888420855933008,0.22702651143640673
SG_014975,0,0.17904835035101305,0.17368493684150646
SG_014977,0,0.17079061998830797,0.18146043283376614
SG_014978,0,0.14526699416066954,0.1766751862017112
SG_014981,0,0.23556328591894338,0.23645707458973766
SG_014982,0,0.13005438880121326,0.13705186045169582
SG_014983,0,0.16722529253077958,0.18158136060810484
SG_014985,1,0.20378392535628467,0.22008281123737772
SG_014986,0,0.16106154278518697,0.08612153651462902
SG_014987,0,0.10469214428109015,0.15782747997487642
SG_014988,0,0.1719379366008102,0.1812389756683352
SG_014989,0,0.1165620974027681,0.16224137584386764
SG_014991,0,0.1435640551455261,0.14631153532692573
SG_014992,0,0.2416852437146571,0.27207119214623626
SG_014993,0,0.1524484613802113,0.1482506364255839
SG_014994,0,0.16942764184715764,0.18515253691290384
SG_014995,1,0.18387136027347392,0.24600392246482483
SG_014996,1,0.1780724387238819,0.18410649538602053
SG_014997,0,0.13397332597819203,0.16815510137111275
SG_015000,1,0.12933731298574752,0.18229002524720112
SG_015003,0,0.11735664037076814,0.13172284934810605
SG_015004,0,0.16259368780289757,0.14938527456111012
SG_015005,1,0.2012293627745234,0.18250831733127976
SG_015006,0,0.1788845957512262,0.23485325811558047
SG_015007,0,0.1251290554757209,0.18319488819117397
SG_015008,0,0.20330785293111336,0.16374426375541742
SG_015009,0,0.12991144865578352,0.1347966824277216
SG_015010,1,0.17710936034904545,0.1637661811267578
SG_015011,0,0.12463495766060767,0.13647481084173754
SG_015012,0,0.09638718056294883,0.10134802777556676
SG_015013,0,0.16433375661253025,0.16836024197747013
SG_015016,0,0.19817781895422512,0.19403466171034853
SG_015017,0,0.1429491806242951,0.143553130353146
SG_015018,0,0.13482258756118037,0.2125514064732151
SG_015019,0,0.1969053101706298,0.19526109735667344
SG_015020,0,0.1488897288588598,0.1473674006963155
SG_015022,0,0.19367326548968483,0.24521960059286535
SG_015023,0,0.23983722700563348,0.24411139752805153
SG_015024,0,0.14258120258402554,0.14551169149563506
SG_015025,1,0.25391818929843185,0.2390583681650327
SG_015027,0,0.1490262055652888,0.1537609581342755
SG_015028,0,0.11487277447123516,0.10241150447062233
SG_015029,0,0.17562520092601341,0.2004723665444042
SG_015030,1,0.16870398571622083,0.17855338155773745
SG_015032,0,0.1665805567286572,0.1488994372739654
SG_015033,0,0.32428783735374206,0.18358867953862032
SG_015034,0,0.15029349644466158,0.1885398813217634
SG_015035,0,0.23171823774811678,0.277114754788399
SG_015037,1,0.22252767002669468,0.2290881214214608
SG_015038,1,0.17726292500786883,0.175504883726052
SG_015040,0,0.23010012839806235,0.27266971673604373
SG_015041,0,0.1680579068119165,0.15704234821306837
SG_015043,0,0.21716434415563177,0.17489436627438545
SG_015045,0,0.18332157540468932,0.2833006670357922
SG_015048,0,0.1639428668384904,0.1942356434797913
SG_015049,1,0.16826178152287627,0.1701180645075726
SG_015051,0,0.1109149101666859,0.12394353523257788
SG_015052,1,0.16746856878137345,0.18987085028511608
SG_015053,1,0.2574573979853421,0.18519635707461204
SG_015055,0,0.19610815440003668,0.173526806920682
SG_015056,1,0.13127301337478914,0.1725873932416106
SG_015057,0,0.2167771085388085,0.21878582831875606
SG_015058,0,0.1740782293904139,0.1776004986113524
SG_015059,0,0.1687425558594423,0.17824624016530002
SG_015060,1,0.10383643538654919,0.1327140601250153
SG_015061,0,0.18536472116082495,0.1725067812410334
SG_015062,0,0.18050694405883605,0.2159827472043364
SG_015063,0,0.07904777908126807,0.08840206842546673
SG_015064,0,0.23859538588355636,0.21229493737872832
SG_015065,0,0.25031781421807736,0.2424295867793293
SG_015067,1,0.30654086211366377,0.2768507817415615
SG_015069,0,0.13269922040636123,0.14329503273388858
SG_015070,0,0.2743000364960999,0.19620006536562262
SG_015072,1,0.36257427342285253,0.31220042189444563
SG_015073,0,0.11326428608433571,0.15289631075531673
SG_015074,0,0.17094651630508012,0.1504068677279866
SG_015077,0,0.13625365398219882,0.16219659622796542
SG_015078,0,0.17541703994264032,0.17922906174051909
SG_015079,0,0.16132097843601143,0.1737304841763067
SG_015080,0,0.194876772652449,0.22196906157245946
SG_015083,0,0.10322641576628191,0.09533406221597447
SG_015084,1,0.21428067454793023,0.22963358651440638
SG_015086,0,0.18449050007076678,0.19686025522211673
SG_015087,0,0.17684391975323663,0.1901991589112673
SG_015088,0,0.14151421776330333,0.17191841564793608
SG_015089,1,0.15189217090207144,0.17426278461345343
SG_015090,1,0.14573250672931987,0.14635438217486818
SG_015091,0,0.0916679160461382,0.07870183827558638
SG_015092,0,0.07564418019327643,0.07679898545685021
SG_015094,0,0.17609191886517517,0.1732474171450503
SG_015096,0,0.2906210154877529,0.1753220592442445
SG_015097,0,0.17166859949675553,0.21173194347476273
SG_015098,1,0.18333042130963284,0.14986327885765433
SG_015100,0,0.23242573439175732,0.20482262128504453
SG_015101,0,0.2047829112929041,0.18696943107727476
SG_015104,0,0.16697995022521644,0.1827838049480159
SG_015105,0,0.24506532389966568,0.22001843960325881
SG_015106,0,0.14486745849951857,0.13531883838538084
SG_015107,1,0.17986414853726995,0.19033406538378903
SG_015108,0,0.25327906963282537,0.2652751563867054
SG_015109,0,0.1721200722410748,0.10875193114261629
SG_015110,0,0.12020863230378118,0.13151007084243896
SG_015113,0,0.16635937517492766,0.1413229465420895
SG_015114,0,0.20795123844239283,0.21019362361529645
SG_015115,1,0.15809537367049584,0.1704262905579577
SG_015116,0,0.14388071819360745,0.1853759004596446
SG_015117,0,0.09195479952388146,0.1262617263413848
SG_015119,0,0.16847095292476688,0.19340284610523908
SG_015120,0,0.12838135683615617,0.06954060913559776
SG_015121,0,0.10611862893718564,0.12572366177227748
SG_015122,0,0.16827271705222344,0.14505534442111034
SG_015123,0,0.18662447958283884,0.2799307780374905
SG_015124,0,0.16780262057140294,0.14926716776203505
SG_015128,0,0.1854976790918266,0.28223421741677535
SG_015130,0,0.05505370691015146,0.0784801854560966
SG_015131,1,0.30449624713591256,0.26874351702264276
SG_015132,0,0.1694795413465528,0.17227586766726105
SG_015133,1,0.20620096031268764,0.2114932850359351
SG_015136,0,0.13057250174906737,0.1396516322153956
SG_015139,0,0.2254653596228366,0.26246775297298797
SG_015140,0,0.1818181174414785,0.174517909288823
SG_015141,0,0.13614483509483977,0.1331421277538398
SG_015142,0,0.17164794678279222,0.18420628202786204
SG_015143,0,0.16785929489700652,0.13237622768154708
SG_015145,1,0.36003033609098284,0.23566608896002011
SG_015147,0,0.157422029737976,0.17917721273572101
SG_015148,0,0.16259368780289757,0.12313732965716397
SG_015149,0,0.167433927279854,0.12186263813865907
SG_015150,0,0.16106154278518697,0.08238525187847609
SG_015151,0,0.15607134962765024,0.1519610973189881
SG_015153,0,0.1611102218244068,0.19013191208345637
SG_015154,0,0.17986996228892912,0.1500282541758976
SG_015156,0,0.12437799425501406,0.13662399391529356
SG_015157,0,0.12701003180737516,0.11522812970769201
SG_015160,0,0.2121859276390499,0.2214507945378681
SG_015162,0,0.23740455173532343,0.1709358044429864
SG_015163,0,0.21749183966512686,0.19970699718982904
SG_015164,1,0.17118649381587264,0.1644638293200803
SG_015166,0,0.11284316564266009,0.1277212062171048
SG_015168,0,0.17278247723986054,0.15853171118491777
SG_015170,0,0.07386520683572316,0.058450965793717655
SG_015171,0,0.22360207007932967,0.23360226344065235
SG_015172,0,0.17767651257267666,0.19379892703283907
SG_015173,1,0.19497403099568358,0.1777822278915631
SG_015174,0,0.16452686015323706,0.10513902851863158
SG_015175,0,0.12864936419932557,0.2391048963123855
SG_015177,0,0.24865784742728334,0.2584247240546505
SG_015178,0,0.18584820000612093,0.22796281526211978
SG_015179,0,0.14933174790892534,0.14552242956853076
SG_015181,0,0.15639292724237155,0.17689262582503165
SG_015182,1,0.10805102333386483,0.1470304489521139
SG_015184,1,0.23531594135459127,0.21998568965319032
SG_015185,0,0.16709250143580964,0.12164066712458364
SG_015186,0,0.17631876540252467,0.22040029254483526
SG_015187,0,0.16106154278518697,0.10977402923865157
SG_015188,0,0.12328311393793777,0.1072764866281755
SG_015191,0,0.1483212015282344,0.13922054181761837
SG_015193,0,0.146688734624943,0.13178576838253772
SG_015194,0,0.17363695159139125,0.17754579472741774
SG_015196,1,0.24681049665031962,0.2997659517586282
SG_015198,0,0.142383348994925,0.14585403117660278
SG_015199,0,0.1131003975063391,0.11444761021432615
SG_015200,0,0.14443169393678623,0.15043842894615808
SG_015203,1,0.09582458927451894,0.10816745107070899
SG_015204,0,0.11881351472330141,0.13097075729008234
SG_015205,0,0.16465153683186684,0.1451423325804801
SG_015206,0,0.1682571600199248,0.16880767172777056
SG_015207,0,0.12488007962812939,0.15732686072648078
SG_015208,0,0.166613824133713,0.1914808498652959
SG_015209,0,0.27183175814350274,0.21581328424209092
SG_015210,0,0.1520826142677831,0.12603016089021665
SG_015211,0,0.1395494270186818,0.1368480460951099
SG_015212,1,0.17962698696456053,0.20665674020186536
SG_015213,0,0.14438951141215997,0.1404090627355374
SG_015216,0,0.09864817153376258,0.1108580229795892
SG_015218,1,0.2004529621505015,0.22847723890777932
SG_015219,0,0.26467213545237156,0.26010762313218555
SG_015220,0,0.11239932567323883,0.10178386979216118
SG_015221,0,0.17102192065606237,0.1904194885778409
SG_015223,0,0.18443887796589745,0.16297082516549968
SG_015225,0,0.19113454777800326,0.1752653963074279
SG_015226,0,0.16106154278518697,0.10195267600467643
SG_015227,0,0.27704503491445415,0.21430609504023101
SG_015228,1,0.21415766190282784,0.21925601082630664
SG_015229,0,0.2404399003631387,0.14945739822527282
SG_015230,0,0.2659108582040359,0.24948540537928826
SG_015231,1,0.24910771020825287,0.1981073324006881
SG_015232,0,0.13447975108374932,0.1256487321603253
SG_015233,0,0.14959531883424007,0.1503634756785578
SG_015234,0,0.1782513340805851,0.18840637576227143
SG_015236,0,0.1803630347281513,0.18027620122649238
SG_015237,0,0.14054548784494084,0.1170759477421331
SG_015238,0,0.17746325200963795,0.17871249564847594
SG_015240,0,0.1946222145068118,0.1887306140424873
SG_015241,0,0.21465348643773383,0.21975860875060044
SG_015242,0,0.16809760112211944,0.12575339745044048
SG_015243,0,0.18778362732309806,0.17591312009239898
SG_015244,0,0.12106360342232877,0.1222462910424981
SG_015245,0,0.21302328824837585,0.21671399502029465
SG_015247,0,0.16614607877250545,0.14719135900321614
SG_015248,0,0.13594331314045768,0.1507399562859057
SG_015249,1,0.16345950759787464,0.1589266909548273
SG_015250,0,0.16452317214378823,0.15715064287395228
SG_015253,0,0.14253791112486233,0.1226357687938126
SG_015254,0,0.16852066202148278,0.15957780686718046
SG_015255,1,0.19180256002081833,0.24228716257782024
SG_015258,0,0.20798465689404386,0.19681764524539505
SG_015259,0,0.1938100714851027,0.18244298802711653
SG_015260,0,0.18082016539334367,0.20464874098382949
SG_015264,1,0.1526777685437882,0.16005986970167366
SG_015265,1,0.20466701617129363,0.19147018617337608
SG_015266,0,0.15739203186891645,0.1524668577280657
SG_015267,0,0.22503640135976294,0.22852533076784728
SG_015268,0,0.09429767062033068,0.09347338171060555
SG_015271,1,0.15016643625693293,0.13790369201202426
SG_015273,0,0.12083471954087775,0.11968010023942675
SG_015274,1,0.11678944172966375,0.16533044417033924
SG_015275,0,0.17819634159149608,0.15940512104918947
SG_015281,0,0.1914158188943445,0.16948460854817873
SG_015282,0,0.16452215086497757,0.13885859587329627
SG_015285,0,0.16938695864564024,0.20779248165369363
SG_015286,0,0.21856394984467822,0.18371062579044398
SG_015287,0,0.2093175543522493,0.20011741480456915
SG_015288,0,0.148089919707836,0.13403572605112635
SG_015291,0,0.07619472794327665,0.07457479435362609
SG_015292,0,0.23373608967593437,0.2741119487081527
SG_015293,0,0.14241140561565865,0.1822939005190449
SG_015295,0,0.2819680080473485,0.25476294953827544
SG_015298,0,0.15959349938295958,0.15813769723320553
SG_015299,0,0.11364097025841745,0.11212711044247517
SG_015300,0,0.16362055853356924,0.15898608421840477
SG_015301,0,0.07713345550419137,0.07518450484124888
SG_015303,0,0.16194107650711384,0.1669001833097903
SG_015305,0,0.17219152288302692,0.17285958989702332
SG_015306,0,0.09433986439174934,0.11258146381503932
SG_015307,0,0.10936647365541925,0.15354154295291128
SG_015310,1,0.1766511580296308,0.1968134658261181
SG_015311,0,0.16767638224313602,0.18667673680540128
SG_015313,0,0.15497608647192124,0.15513168954596795
SG_015314,0,0.1423123248787827,0.08849784763363827
SG_015315,0,0.18095824355506596,0.22761452620322478
SG_015316,0,0.17788539389643696,0.18226759695424394
SG_015318,0,0.17179854769853928,0.1716160173426865
SG_015319,0,0.11862376584783799,0.10369922832672482
SG_015320,1,0.17122434683893084,0.22924803715982833
SG_015321,1,0.2856197408082762,0.2936137350229671
SG_015324,0,0.22302000011136575,0.1776546787727681
SG_015325,0,0.1306721355241023,0.11128462356364845
SG_015327,0,0.2357754279946118,0.19627300225455724
SG_015328,0,0.18441335414527193,0.22330687815703168
SG_015330,0,0.16104104381697906,0.2067228433281263
SG_015331,0,0.2022017682139055,0.16032481627275058
SG_015332,0,0.19675328036587156,0.1596201576217183
SG_015333,0,0.12455158979336818,0.1179154117311774
SG_015334,0,0.07067796871629725,0.06872007507735693
SG_015335,0,0.24120246085218625,0.2041838243331255
SG_015336,0,0.22113611404099595,0.24992326557704533
SG_015338,0,0.15655769438207712,0.17096223689780593
SG_015342,1,0.1555396401031712,0.19045284130605358
SG_015343,0,0.09516474867941277,0.10249306539653712
SG_015344,0,0.14006382037617318,0.12243922162854713
SG_015345,0,0.15294737578802534,0.19122662223072767
SG_015347,0,0.1289739071008363,0.12687574854685804
SG_015350,0,0.08611623690906556,0.08425316076618519
SG_015352,0,0.18169251281148194,0.21260514965775063
SG_015353,0,0.09261325430508274,0.09625864067984892
SG_015354,0,0.16622001406887882,0.1627339764434361
SG_015357,0,0.16817890940669197,0.17327642723136463
SG_015358,0,0.15682283056609533,0.13769984351609982
SG_015359,1,0.28593668982915205,0.28661068793413824
SG_015364,0,0.13353624791537924,0.10644833156870123
SG_015365,1,0.1857867852574274,0.16583480807885187
SG_015366,1,0.09938638193522892,0.09195454540207423
SG_015367,0,0.13741940754063742,0.13051796250941405
SG_015368,0,0.1738114510556937,0.15193036756745906
SG_015370,0,0.10693235141206446,0.13319370155629429
SG_015371,0,0.1895590498753502,0.176645111826694
SG_015373,0,0.1772144942889072,0.14640475330981131
SG_015374,0,0.2973925131970428,0.27008526583009507
SG_015376,0,0.17423582326257844,0.20457516277542248
SG_015377,1,0.3335769267254747,0.34976434869120326
SG_015378,0,0.12857177177001264,0.19574917291495245
SG_015379,0,0.18239689431297598,0.17414227544492866
SG_015380,1,0.17586786705971602,0.25557208342351556
SG_015385,1,0.13190642797690566,0.1378171956242938
SG_015386,1,0.14334196668060806,0.19645350757635205
SG_015387,0,0.15555707378182565,0.12582649422368053
SG_015389,1,0.1455022760934825,0.19971948913330206
SG_015390,1,0.11808016421509686,0.13540134711719365
SG_015391,0,0.16310361063421186,0.0664769822651422
SG_015392,0,0.17887622026125258,0.13915362667695944
SG_015393,0,0.1974367145239418,0.2852092656124842
SG_015394,1,0.19031146433947457,0.19807068304276068
SG_015396,0,0.18042623533926674,0.2504229533136686
SG_015398,1,0.1219897968087088,0.16507671247186928
SG_015404,1,0.31742393863187485,0.27204914702370775
SG_015405,0,0.21207578558659634,0.22249462888952276
SG_015407,0,0.16210296000954044,0.1504688458079536
SG_015408,0,0.16551503922042904,0.12694158389742055
SG_015409,1,0.17683054588200783,0.18962805601399169
SG_015410,0,0.2821161863294776,0.24728809886006267
SG_015411,0,0.22069612175455347,0.21783568746092905
SG_015413,0,0.16745182561709057,0.1670539896790263
SG_015414,0,0.166609118256686,0.19077817311907533
SG_015415,1,0.1727800887874409,0.14975169171653357
SG_015416,0,0.12074114171816332,0.15980382748782593
SG_015417,1,0.20257877385143747,0.20942388799969466
SG_015418,0,0.16106154278518697,0.15885847689135854
SG_015419,0,0.17145389958925025,0.17351707648702777
SG_015420,0,0.16259368780289757,0.1616554500138666
SG_015422,0,0.15702219724415697,0.15671456879742096
SG_015423,0,0.12380934519473341,0.15167968082477157
SG_015426,0,0.11240506541184501,0.10044819936507916
SG_015427,0,0.17541774133475818,0.18423360388925342
SG_015429,0,0.25990163626047474,0.17723150797424708
SG_015432,0,0.3045152646271433,0.28082721476543554
SG_015433,1,0.2413354175225589,0.22662132974647914
SG_015434,0,0.10787488301006093,0.12550769295468006
SG_015435,0,0.23817567751757376,0.19151160931864633
SG_015436,0,0.0959248244471547,0.10632332088810936
SG_015437,0,0.1446600903886292,0.16845219925238827
SG_015438,0,0.17140199932456388,0.14926925968601476
SG_015441,0,0.1114073191126563,0.10429401076170058
SG_015442,0,0.16636197383422643,0.11838010443942187
SG_015443,0,0.16194881895825705,0.1678407756048053
SG_015444,0,0.09963430089908429,0.10660451401444619
SG_015445,0,0.09283687842194852,0.06508762937551762
SG_015449,0,0.18601791715282356,0.2785535966067579
SG_015450,0,0.16259368780289757,0.1443984126717611
SG_015451,0,0.2241755319168392,0.156836526720606
SG_015453,0,0.14930454277665167,0.15887372443155534
SG_015455,0,0.16452686015323706,0.10671818239209334
SG_015456,0,0.16880957088561385,0.1249743156557538
SG_015457,0,0.1353905987986529,0.12874542899163327
SG_015459,0,0.1355481971870374,0.15559735545746248
SG_015460,0,0.11551791321282133,0.10819866736067459
SG_015461,0,0.12308303199105572,0.15022312493073228
SG_015465,0,0.10180957701086271,0.09159415286184622
SG_015468,0,0.17850534355129133,0.17722432848938782
SG_015469,0,0.1606710629785855,0.18997922137242848
SG_015471,0,0.2439906545722712,0.18785562180230145
SG_015472,0,0.1709183735807858,0.15490122714868407
SG_015474,0,0.1720112089106143,0.13800911504640823
SG_015475,1,0.12018235746332848,0.13726533425146994
SG_015476,0,0.1665412159773309,0.20011707764787784
SG_015477,0,0.2075219453564609,0.21292010961035138
SG_015478,1,0.10999286281430998,0.11129610043820162
SG_015480,1,0.2651581470314867,0.3056368351073662
SG_015482,0,0.18091597830852846,0.17363118947303757
SG_015484,0,0.16636197383422643,0.14118919933687024
SG_015485,0,0.13474626641957121,0.17091961042352094
SG_015486,1,0.2817733347470501,0.23580248767425752
SG_015487,0,0.2609246774546384,0.15943397244979826
SG_015488,0,0.14857108221207296,0.17361246834314997
SG_015489,0,0.16987344582633218,0.13145759149209313
SG_015490,0,0.1801042281014832,0.16808197051052867
SG_015491,0,0.14019863324801043,0.12777117244468375
SG_015493,0,0.10068627685225628,0.11647452150176141
SG_015494,0,0.11862521472229408,0.11007245168967741
SG_015496,0,0.16613712578181183,0.16602150901291465
SG_015497,0,0.18106532137812062,0.14960211086014777
SG_015499,0,0.16595236607780295,0.15945712695476444
SG_015500,1,0.16839169549444044,0.15872919768761268
SG_015501,0,0.15483664256516017,0.1557245720716863
SG_015502,0,0.15082721493637896,0.1402829523939322
SG_015504,0,0.19731505209378944,0.21906840676718028
SG_015505,0,0.180243220312522,0.2746799858537327
SG_015506,0,0.12747600118563523,0.1363900220483649
SG_015508,0,0.3469539820441166,0.29368231912702836
SG_015509,0,0.15351684025109688,0.13658731897078003
SG_015510,0,0.16259368780289757,0.13299355617230135
SG_015511,0,0.11689922562069985,0.15977410285616672
SG_015513,0,0.18642526266629178,0.20921985811939875
SG_015515,0,0.20031303298831218,0.1963813013531662
SG_015516,0,0.15123765262802047,0.15607352085165005
SG_015518,0,0.12165360730443663,0.16150926165950819
SG_015519,0,0.16531031363116708,0.15212881593106506
SG_015521,0,0.14087498380179228,0.1635464156320573
SG_015522,0,0.22117238756698188,0.2232600375591093
SG_015523,0,0.3493424454286385,0.32046042660995583
SG_015525,0,0.15442911950530644,0.11555741112082946
SG_015528,0,0.15739593574175523,0.19246862465586823
SG_015529,0,0.13262535683109816,0.09012696842752513
SG_015530,0,0.17618930766607005,0.20213262271388513
SG_015531,1,0.17254536749860705,0.18124104945121686
SG_015532,0,0.16129169342417773,0.20634087609575427
SG_015533,1,0.1792512012665243,0.1772767419700509
SG_015534,0,0.11963805146844408,0.16330126439101755
SG_015536,1,0.14562675346358675,0.21310102886655322
SG_015539,1,0.18954336316670647,0.19192602353792973
SG_015541,1,0.3001810872559772,0.25066695817256884
SG_015545,1,0.2604090506490807,0.2038351449402319
SG_015548,0,0.1795778331922233,0.1680189977591004
SG_015549,0,0.1832488646251371,0.19485211738978125
SG_015551,0,0.09886135907805463,0.09413125370634937
SG_015552,0,0.15300259220964035,0.14844289977975697
SG_015553,0,0.18050391482486206,0.2720402154201504
SG_015554,0,0.17212028848630076,0.18348191121054386
SG_015555,0,0.10337913820639875,0.12234353397163432
SG_015557,0,0.1602516232115438,0.1399406487634476
SG_015561,0,0.1356047867464749,0.11061738377000306
SG_015563,1,0.19275085733228134,0.2237245876038161
SG_015564,0,0.10476874730270128,0.0891706302200843
SG_015566,0,0.11309739150812806,0.07370683530997257
SG_015567,0,0.16952346728852888,0.12416783689950837
SG_015569,0,0.1277935023789513,0.1493726019456016
SG_015570,0,0.17797048609087382,0.175751764690616
SG_015571,1,0.17817878305728632,0.16939173658179427
SG_015573,1,0.19877553738496362,0.1834817230225428
SG_015574,0,0.15749057982601858,0.14860413872022216
SG_015575,1,0.14947750710353683,0.1396030654100862
SG_015577,0,0.22172534366703503,0.19427173291636674
SG_015579,1,0.16267370497473022,0.1988120589349775
SG_015581,0,0.1871289755166864,0.16754485964713206
SG_015583,0,0.14977091339448603,0.1618862400556173
SG_015588,0,0.2407881309987702,0.19787601518522774
SG_015592,1,0.1796603505463431,0.18353140826781095
SG_015594,0,0.11413423001982062,0.10222502430733393
SG_015595,0,0.09642982790346959,0.10494591375596224
SG_015596,0,0.17236934693815226,0.23309880360470556
SG_015599,1,0.13852761771520258,0.1765187354725184
SG_015601,0,0.1462946580505593,0.19092714186472537
SG_015602,0,0.18386704452851876,0.1771478504758576
SG_015603,0,0.19153367649686412,0.22037818190907177
SG_015604,0,0.2537940570588052,0.23662529113351538
SG_015605,1,0.3181396911048702,0.30722375729104
SG_015607,0,0.2005684553666705,0.17160629670436384
SG_015608,0,0.1502424062409323,0.1428676424794375
SG_015609,1,0.22061770779580392,0.255922734164124
SG_015610,0,0.22283379200353484,0.197730369674455
SG_015611,0,0.20157580388335553,0.2020299164590081
SG_015612,0,0.11421602861118908,0.13751743843308106
SG_015614,0,0.16712866523432773,0.18205248682047964
SG_015616,0,0.18668209171992955,0.19752487932927826
SG_015618,0,0.20847509556913268,0.29780991237693455
SG_015620,0,0.13867250741644047,0.17290174141237524
SG_015621,0,0.17602255627163882,0.1813467740238599
SG_015622,1,0.1694934134606476,0.1907127031721757
SG_015624,0,0.10516859706081216,0.12402685721253269
SG_015625,0,0.14510335285670298,0.19795680879621497
SG_015626,0,0.1173119713162828,0.1381862307186194
SG_015628,0,0.17532380085085775,0.19653029121295768
SG_015629,0,0.14779095570341877,0.1072172524748508
SG_015630,0,0.1708676757052568,0.19298707636271373
SG_015631,0,0.2863717554140611,0.302466621119266
SG_015632,0,0.15936065505323516,0.16417713060331535
SG_015633,0,0.33692591758955537,0.29223299859319996
SG_015634,0,0.170723703609751,0.19008032869407557
SG_015635,0,0.17250195862163248,0.17741924422229122
SG_015636,0,0.17266994536870664,0.1656750135895108
SG_015638,0,0.19301531583243742,0.20983977639408044
SG_015639,0,0.18597842027326886,0.15447008002971618
SG_015640,0,0.16915517889164963,0.1655540571530324
SG_015642,0,0.3159200531418478,0.20175899715077975
SG_015643,0,0.21387820871241578,0.20812562826427572
SG_015645,0,0.08058715334309363,0.06648091731955694
SG_015646,1,0.16791554574905207,0.1356680206348065
SG_015647,1,0.08984445228797996,0.07415287741820431
SG_015648,0,0.13055533020690344,0.16353866008500378
SG_015650,1,0.19242261616708078,0.18405487160040965
SG_015651,0,0.14371817263377057,0.12411539908745312
SG_015652,0,0.1787642609095589,0.2536190386734321
SG_015653,0,0.17622840630480857,0.19699030863982947
SG_015657,0,0.25856430379036593,0.20377299443112468
SG_015658,0,0.13107275194605547,0.11901296120194226
SG_015660,0,0.11012128028325435,0.14580888068509867
SG_015661,0,0.16885426270236245,0.16183337433413503
SG_015663,0,0.16259522824017222,0.10498207342214196
SG_015665,0,0.15778803776673844,0.1673834429351961
SG_015666,0,0.10813913477205564,0.09334837216930071
SG_015667,0,0.13200906042324512,0.14031562712084045
SG_015668,0,0.1340665887750387,0.1307507405753699
SG_015669,0,0.19085021079529643,0.2094889888781054
SG_015670,0,0.23976378101480725,0.23290853988998514
SG_015672,0,0.1747499195084581,0.2877223827477557
SG_015673,0,0.2616201468577954,0.2215760823526072
SG_015674,0,0.16259368780289757,0.11826763324977559
SG_015676,0,0.23879364706328907,0.2547767587138656
SG_015677,0,0.17455455095654465,0.12211795550522636
SG_015679,0,0.18734860071954473,0.20748270854131534
SG_015683,0,0.11207380843567682,0.14018523388940526
SG_015685,0,0.17143364929615756,0.21665806019350572
SG_015686,0,0.0716080511916653,0.08070902706655819
SG_015687,0,0.2064993151372545,0.21079410007368488
SG_015688,0,0.20913025866036894,0.20973610146109564
SG_015689,0,0.16335811997335145,0.16399547109422027
SG_015690,1,0.1801616323598768,0.3115698764583245
SG_015691,0,0.25702742224367336,0.23499283426879986
SG_015692,0,0.17281803361135228,0.16388940489015222
SG_015694,0,0.2035211464375154,0.24676030764381532
SG_015695,0,0.18291853489983606,0.1404031018073559
SG_015696,0,0.19348876849702135,0.16632949475652692
SG_015697,0,0.15972738983913973,0.13246440866294862
SG_015698,0,0.19395429234494113,0.19449479943057932
SG_015699,0,0.13785481261893917,0.15083289975918873
SG_015700,1,0.18853716226127676,0.22407452648914755
SG_015701,0,0.16106154278518697,0.08718375344574839
SG_015702,0,0.15152627322966172,0.1644116170490202
SG_015703,0,0.10875981644178603,0.10460823351119215
SG_015704,0,0.1665414944197057,0.13063025268218623
SG_015705,0,0.16259368780289757,0.09585971254507454
SG_015706,0,0.07893634854787457,0.0889810923042893
SG_015707,0,0.11586183796873996,0.09387744593794968
SG_015709,0,0.13079612925656192,0.13370331783777634
SG_015710,0,0.17402454417868865,0.15316075192783604
SG_015711,0,0.14427442023324347,0.16770655881719188
SG_015712,1,0.1796005071503384,0.20318570050862714
SG_015713,0,0.23263836105408478,0.21548188685499947
SG_015714,1,0.2003461852190813,0.21095385996352375
SG_015717,0,0.14588313932233046,0.15170777309007163
SG_015719,0,0.20163680121245095,0.19984885830850563
SG_015720,0,0.12512091588817592,0.13090538112744246
SG_015722,0,0.13425891851826108,0.13045344323497163
SG_015723,0,0.16627453864188146,0.14264798612975613
SG_015725,1,0.15716128821774455,0.16884069167611254
SG_015727,0,0.16453138749681473,0.11477444368385414
SG_015728,0,0.26125846591368207,0.19940437563151564
SG_015731,1,0.16790281341967814,0.1358858247929391
SG_015732,0,0.14946351774589023,0.20449335657302514
SG_015733,1,0.18960533751383224,0.12726470268017948
SG_015734,0,0.1741446800937574,0.1917377904045021
SG_015736,0,0.16080918359215637,0.11635313632570365
SG_015737,1,0.21095866528343757,0.19495266993039442
SG_015739,0,0.1683660157742057,0.14575055854409066
SG_015740,0,0.1506227977036957,0.16159150255164742
SG_015741,0,0.2092923341220543,0.2315104198249123
SG_015742,1,0.15204915385600848,0.18996993307818408
SG_015745,0,0.16869311988082017,0.15781639682101875
SG_015747,0,0.1681008555626103,0.13098876495203354
SG_015748,0,0.13975383564986843,0.16326632348557
SG_015749,0,0.22791984807588286,0.24921133032515932
SG_015750,0,0.2135051050965733,0.1684199661874391
SG_015751,0,0.1548622269518656,0.11810651850915002
SG_015752,0,0.1486214797695073,0.14724690352172087
SG_015753,0,0.17661861233619433,0.17190517670727626
SG_015754,0,0.13046334331624215,0.10048983754094541
SG_015755,0,0.11097815635069255,0.15389783221894993
SG_015757,0,0.12730630263116305,0.1617695404411719
SG_015758,0,0.26588041999384887,0.3082416355329698
SG_015759,0,0.0963347004364413,0.12948549200474258
SG_015760,0,0.16549001874125388,0.1733518777452582
SG_015761,1,0.17462522176513293,0.17198860158721863
SG_015764,0,0.15559565857649463,0.17189330144626255
SG_015765,0,0.10718328513934132,0.10859391270539479
SG_015767,1,0.11267572363382698,0.12032864060716192
SG_015768,1,0.18913935737127172,0.1994940155924396
SG_015771,0,0.18803173971997977,0.3036430093123113
SG_015774,0,0.1772817082182243,0.1534767991029045
SG_015775,0,0.09397386589875054,0.059496800374472976
SG_015776,0,0.23447397314586343,0.2778019195237381
SG_015777,0,0.24112036999579792,0.18871286349431976
SG_015778,1,0.14206252351935708,0.19768080802674307
SG_015779,0,0.1147662012576902,0.12234968831540596
SG_015781,0,0.1379691205723825,0.11181080793354442
SG_015782,0,0.1557175041700377,0.2028609955297665
SG_015783,0,0.21011186155505218,0.2188668939536976
SG_015784,0,0.12046876213113204,0.09167349207304587
SG_015785,0,0.1733703681473393,0.1674646067742643
SG_015786,1,0.16452215086497757,0.12496955229750437
SG_015787,1,0.17017926274150585,0.19793940895548348
SG_015788,0,0.11090927043727009,0.1387651274111482
SG_015789,0,0.16662340299116535,0.17801040977594798
SG_015791,0,0.19813419369190535,0.2444404856407168
SG_015792,0,0.12152796118287428,0.15765220359485488
SG_015793,1,0.20941308422893073,0.1847798733955907
SG_015794,0,0.17599470991712443,0.22001109375486083
SG_015795,1,0.1766634914879788,0.15611082909864893
SG_015796,0,0.11304745326069113,0.12843659280136685
SG_015798,0,0.28395486543546744,0.27863469226860493
SG_015799,0,0.2732100848492912,0.21748539099432593
SG_015800,0,0.12299205538651299,0.12203231045990921
SG_015801,0,0.155430363454877,0.1515169457607263
SG_015802,1,0.12105296489894789,0.15638927514183928
SG_015803,0,0.1507632307399888,0.14416663763353504
SG_015804,0,0.16259368780289757,0.04994086663223466
SG_015805,0,0.16320505289181944,0.1756910932047543
SG_015807,1,0.16106154278518697,0.06172254283541008
SG_015808,0,0.16198710654720888,0.18562607701192682
SG_015809,0,0.09856220796254919,0.1251810410806033
SG_015811,0,0.16839573452897375,0.1602586807348073
SG_015812,0,0.13539181352376198,0.08029549315439252
SG_015813,0,0.1319861078914548,0.133069090437386
SG_015814,1,0.11077888411322641,0.12195750653387759
SG_015816,1,0.3541578231238546,0.3153778279958373
SG_015821,0,0.13159522467910995,0.13707886717822862
SG_015822,1,0.18059317317427245,0.17096755300965252
SG_015823,0,0.1289394857849138,0.09635075723763394
SG_015824,1,0.16855892836829717,0.16607510273517515
SG_015825,0,0.2055445905982477,0.27503695720592425
SG_015826,0,0.1731301695517513,0.2329220928884388
SG_015830,0,0.16330978762910392,0.18253799035111362
SG_015831,0,0.16732837659266367,0.18486468710580725
SG_015835,0,0.23398992390468984,0.19959286404616164
SG_015836,1,0.16106154278518697,0.10868061543747624
SG_015837,0,0.11680049967767334,0.16435481102930777
SG_015839,1,0.1524399716699995,0.13092410086431489
SG_015841,0,0.08764793392780611,0.07513393196469458
SG_015843,1,0.18188599181076087,0.17891236597098903
SG_015844,0,0.2468860743686381,0.24139692142492783
SG_015846,0,0.08610222781209935,0.10484295379461651
SG_015847,0,0.1446682908885067,0.1699812139471297
SG_015848,0,0.09685131567115328,0.09628567609450422
SG_015850,0,0.169556146135823,0.17363725874557845
SG_015851,0,0.13348035638496764,0.11559946486100134
SG_015852,0,0.17258620315675438,0.16477537365809586
SG_015853,0,0.18583811402949324,0.17665711877490414
SG_015854,0,0.10619011278391134,0.10561272549187403
SG_015855,1,0.18291088149946086,0.15115871797671887
SG_015856,0,0.17316616399754767,0.1574433359594582
SG_015858,0,0.13571024606667442,0.1281196008814907
SG_015861,0,0.1338232278145668,0.14451262744637042
SG_015862,0,0.2763090214875117,0.29036118738401795
SG_015863,0,0.16168535624127406,0.1685883395859663
SG_015864,0,0.12649461841127319,0.13776225517017282
SG_015865,0,0.17014868346375628,0.2073518665652351
SG_015866,1,0.17909332583767062,0.17811931920999155
SG_015868,0,0.10342887112137973,0.09665290237643202
SG_015869,0,0.16106154278518697,0.12806443855718574
SG_015870,0,0.14847794684045454,0.1517141222043543
SG_015871,0,0.2018706663571125,0.17736543897248158
SG_015872,0,0.17054484302030679,0.17241487884560933
SG_015874,0,0.11501328245761623,0.10549804259812524
SG_015875,0,0.10463231152207654,0.09546439867634339
SG_015876,0,0.17531206857617404,0.21889660121260968
SG_015877,0,0.16538946672223526,0.12152848455420488
SG_015882,0,0.11417678836844557,0.15302496660168596
SG_015883,0,0.16715933074096279,0.17694687586058483
SG_015886,1,0.1850627719980048,0.169054325413959
SG_015887,0,0.21414602078253506,0.18457721220384662
SG_015888,0,0.21950451975620774,0.2645439909019403
SG_015889,1,0.1692679077655171,0.13932649807554254
SG_015890,0,0.2592209317314889,0.21462595333559445
SG_015892,0,0.13783437915135024,0.17179383013618088
SG_015894,1,0.11675261018169876,0.10282415410819772
SG_015895,0,0.14897867602530188,0.14109932550018664
SG_015896,0,0.29661572834617655,0.2443275068827153
SG_015897,0,0.1568159626622715,0.1763233193346397
SG_015899,0,0.12102454395260061,0.1593622804698681
SG_015902,0,0.13356745043511611,0.11526576288348622
SG_015903,1,0.279154692718705,0.24153244003695923
SG_015904,0,0.10306609033267271,0.10508769497272889
SG_015905,0,0.16363502653460296,0.1610062924262692
SG_015906,1,0.18841743928206034,0.28650432161054346
SG_015909,0,0.16712818592852574,0.13530918676691822
SG_015911,0,0.1644045248442449,0.1676128446602069
SG_015912,0,0.1663626525668169,0.12805955075097597
SG_015913,0,0.30224875436524185,0.3254651917215606
SG_015915,0,0.15073545152466641,0.16911349100764922
SG_015916,1,0.24748154285719542,0.26350411858258493
SG_015918,0,0.17021413004132738,0.17092293866395428
SG_015919,1,0.1686794986412258,0.1536402391525897
SG_015920,0,0.24701322278961774,0.21728126767406103
SG_015923,0,0.15991561243707214,0.15674955052367806
SG_015924,0,0.23314190797068168,0.2321467575811684
SG_015925,0,0.10191478869501745,0.10607541646358028
SG_015926,0,0.10683797757905862,0.15652001288153808
SG_015927,0,0.17083758228664433,0.21775314824140288
SG_015929,0,0.23116645485020884,0.265188872457238
SG_015930,0,0.17548251225811265,0.29673448455862
SG_015931,1,0.19094756043623157,0.1788753043632174
SG_015932,0,0.172707559633814,0.17893031621934533
SG_015933,1,0.23013160491942786,0.23693965907655232
SG_015934,0,0.1587055107524758,0.1631814852375469
SG_015935,0,0.10485800191403409,0.12130100996264494
SG_015936,0,0.1564005778748399,0.20480658226052653
SG_015937,0,0.20510917477363164,0.19721049445269065
SG_015938,1,0.18103244876827668,0.18713005545869893
SG_015941,1,0.19843233891262085,0.19972805042764682
SG_015944,0,0.16106154278518697,0.1168686859613959
SG_015945,1,0.26247199218194617,0.23499917616263827
SG_015946,1,0.17844592290937517,0.17901564428737993
SG_015948,0,0.16435273123387917,0.13591051429977627
SG_015949,0,0.16151151673030573,0.19511210563084144
SG_015952,0,0.17465213777006897,0.24566889258641464
SG_015953,0,0.13423243337334212,0.1187312104572192
SG_015954,1,0.09106510958134803,0.08259138253044968
SG_015956,0,0.12514297404608243,0.17761397911984497
SG_015957,1,0.15980536480053079,0.2106347281818495
SG_015958,1,0.1561698116051256,0.17796032106101978
SG_015959,0,0.10321282107918056,0.0908039865963453
SG_015960,0,0.13362812151578193,0.10128160550281262
SG_015961,1,0.14107356637806448,0.16174138791951043
SG_015962,1,0.18673792456038524,0.16792343915610658
SG_015963,0,0.16259368780289757,0.13602103841238805
SG_015966,0,0.1093892095877387,0.1244743970334469
SG_015967,0,0.16390843219390655,0.11782936472611004
SG_015968,0,0.1787148651371309,0.17083810650565218
SG_015969,0,0.18164270851902894,0.2351044922358558
SG_015970,0,0.1548431244084135,0.1956897731719913
SG_015971,0,0.18604303091616667,0.2742430591888242
SG_015974,1,0.07784604016308977,0.06949199443749754
SG_015976,1,0.20029874617300708,0.20068596056834526
SG_015982,0,0.18264728187419613,0.20947481051148775
SG_015983,0,0.16419703227341892,0.15857712065851398
SG_015984,0,0.1692609937411983,0.15737356426656374
SG_015986,0,0.1655290588462943,0.1780325207419295
SG_015987,0,0.1083821430758171,0.10599994781197265
SG_015991,0,0.15668834773785803,0.1377161311472599
SG_015992,0,0.16106154278518697,0.10082244244824198
SG_015993,0,0.10001655872601894,0.10877866189576185
SG_015994,0,0.16947413546054235,0.16693262751599589
SG_015995,0,0.14481964149948462,0.1620894476228306
SG_015996,1,0.14762264305818562,0.1960640677692415
SG_015997,0,0.15153178559981026,0.16199680212792525
SG_016000,0,0.17830190107242996,0.19321441417951352
SG_016001,0,0.14690971948676473,0.14462867913192928
SG_016005,0,0.16259522824017222,0.0974749654861645
SG_016006,0,0.16276318905655815,0.10158028648316023
SG_016007,0,0.16425293362920726,0.15656517157921032
SG_016009,0,0.12381912166100274,0.15733856328512674
SG_016011,0,0.20784515326957448,0.22287454561129832
SG_016012,0,0.13788668208047222,0.12927457351655552
SG_016014,1,0.1661091879867512,0.14364345385933455
SG_016016,0,0.1844496395458314,0.22179208191168115
SG_016017,0,0.3017751894564763,0.28609986937800536
SG_016018,0,0.14089227443519764,0.18108697187680953
SG_016019,1,0.21578877598460194,0.2560543724059878
SG_016023,0,0.17394192870420214,0.18204679799892634
SG_016024,0,0.1374311471729098,0.08674374853107036
SG_016025,0,0.11534340032594355,0.12497761511659998
SG_016026,0,0.1720284548198516,0.1836562199515299
SG_016031,0,0.11250112358157241,0.136996162650028
SG_016032,0,0.2381960640504319,0.19807518171640448
SG_016033,0,0.3277751341628292,0.2277033892237203
SG_016034,0,0.21583631542073503,0.23245122871095986
SG_016035,0,0.1371010235054763,0.12444143891818805
SG_016036,0,0.1865782011194378,0.2206903289053326
SG_016037,0,0.16709573580888468,0.2188156087147515
SG_016038,0,0.1872251506861305,0.2509519475519988
SG_016039,0,0.17083440505556952,0.1834056875801524
SG_016040,0,0.19912712730205245,0.20566423175740875
SG_016041,0,0.10152166427243788,0.10483084999962387
SG_016042,1,0.16169932042258844,0.17139671042819074
SG_016043,0,0.16799686696726843,0.17982202188258606
SG_016044,0,0.19381147344434949,0.1662517564621156
SG_016046,0,0.1646202135283519,0.11402345250507592
SG_016047,0,0.14682160648561565,0.1750551856160752
SG_016050,0,0.2777255040346943,0.23176854159305038
SG_016051,0,0.16981484474619363,0.15009342704952755
SG_016052,0,0.17608314770895678,0.21335459335936524
SG_016053,0,0.13046334331624215,0.10872589189048508
SG_016055,0,0.20928581843737107,0.18663238077496871
SG_016057,0,0.16965499477300258,0.15975243285181331
SG_016058,1,0.1002836159672084,0.11724924153932104
SG_016059,1,0.3302286710193312,0.3410161407330666
SG_016061,0,0.16109583702311492,0.14481173604859016
SG_016062,1,0.19445664187702888,0.20573697271734806
SG_016063,0,0.18534161228544221,0.2056901757883325
SG_016064,1,0.17321157159319264,0.1990805169392635
SG_016066,1,0.19100071552057218,0.24655356597129485
SG_016067,1,0.16892780746112904,0.19191850829133617
SG_016068,0,0.20594333800759831,0.20281012085266323
SG_016069,0,0.25309420694315565,0.22366462358866607
SG_016070,0,0.1144865927508998,0.1343531594062874
SG_016071,0,0.15366535051258476,0.18161820683185614
SG_016072,0,0.1788127685385624,0.18667203939421387
SG_016073,0,0.16737506804517982,0.15631437881137075
SG_016074,0,0.13421270020773396,0.12494557753090973
SG_016075,0,0.2152581952552735,0.2204433411147404
SG_016076,0,0.1305715871346737,0.13768519377111288
SG_016077,1,0.18231322481131246,0.2173780732742819
SG_016078,0,0.16849170168807,0.19173036724134396
SG_016079,0,0.09130721623459659,0.0907918176436082
SG_016080,0,0.18213662583957355,0.1506073638532608
SG_016082,1,0.14656369258048133,0.11247564879359753
SG_016083,1,0.16889074908294638,0.20965763688623
SG_016084,0,0.1407688026009506,0.13234578223682542
SG_016086,0,0.17436264107077928,0.19802611304708237
SG_016087,0,0.1278607143431976,0.14020187331115885
SG_016088,0,0.16094630039360608,0.16435144806351534
SG_016090,0,0.15631351645119712,0.1459621711009414
SG_016093,0,0.14366126835095797,0.1663341009875037
SG_016094,1,0.19898723901732696,0.2164864283396614
SG_016095,0,0.17548382513318458,0.19556698068133932
SG_016096,0,0.16875921200433908,0.18235696013728817
SG_016097,0,0.14065746206806384,0.16716589304956556
SG_016098,0,0.1366412815471115,0.1430317017410268
SG_016099,0,0.2486184961650381,0.15443559210783067
SG_016100,0,0.1508300992391761,0.14083155831598457
SG_016104,0,0.17102885164094214,0.15977900161145359
SG_016105,0,0.152497722416756,0.1693165862276236
SG_016106,1,0.21214152492325883,0.17857194494088688
SG_016107,0,0.20073555696995893,0.18178978279691863
SG_016110,0,0.18119794428168004,0.20755213314048074
SG_016112,0,0.2143668969926128,0.22366925043659794
SG_016117,0,0.16259368780289757,0.1376789262950897
SG_016118,0,0.20768947627418016,0.18651437544772984
SG_016120,0,0.1714940398688047,0.11995971193929908
SG_016121,0,0.25040015729365184,0.2041553410455278
SG_016122,0,0.14248419597307116,0.1474531682648217
SG_016123,0,0.1611212204328993,0.16417600303777796
SG_016125,1,0.16255074708460507,0.17038181834808191
SG_016126,1,0.1785368725693843,0.14951488525315704
SG_016128,0,0.13016771901957094,0.16159205575391145
SG_016129,0,0.1305016519465003,0.09369500338809619
SG_016130,0,0.19340458648935988,0.3018279767372197
SG_016131,0,0.16440910653872715,0.07910713056372687
SG_016135,0,0.12148688468361472,0.1383747637558871
SG_016136,0,0.16649694613779548,0.17853554939890257
SG_016137,0,0.17066188829515516,0.13824444573954314
SG_016139,0,0.0921225359679866,0.1066436712705158
SG_016141,0,0.16390843219390655,0.08356724629015479
SG_016142,1,0.24862622509672708,0.25895810427521754
SG_016143,0,0.1054514353411439,0.0888369813564656
SG_016144,0,0.13778510635848853,0.10084878840818319
SG_016145,0,0.1633335423223557,0.12996579366339786
SG_016148,0,0.1479880158315993,0.15773126347828204
SG_016149,0,0.16654612821057763,0.19219265520037532
SG_016150,0,0.13846828241606632,0.1298483000747428
SG_016151,0,0.13064381994753985,0.10988065577366228
SG_016152,0,0.14205320874719055,0.148592542856411
SG_016153,0,0.14316446995897,0.18362493934128352
SG_016154,0,0.141913341431319,0.19584203728671778
SG_016155,0,0.1070401759787746,0.14019379486951666
SG_016157,0,0.18213612747265623,0.18385627110250793
SG_016162,0,0.15012633262564495,0.1764954867543165
SG_016167,1,0.28272663324598063,0.1714866983934213
SG_016168,0,0.2016158817590146,0.24986256682632665
SG_016169,0,0.09335892365880148,0.11738046071508414
SG_016170,0,0.1091710948477775,0.13170809602995734
SG_016173,1,0.13211929240233242,0.1243335960641544
SG_016175,0,0.11897070900639023,0.11352061787592163
SG_016177,0,0.13517321317922404,0.1448319316657056
SG_016178,0,0.14695734480534578,0.15776661475022113
SG_016180,1,0.1259138801667806,0.16585937092161882
SG_016182,1,0.2514380398508706,0.23134757805100656
SG_016184,0,0.1822818305637257,0.15298544027326128
SG_016189,0,0.20142079845380345,0.19276008291297098
SG_016191,0,0.18819217527156837,0.20425683070549078
SG_016192,1,0.17945107833739954,0.20239304863977267
SG_016193,0,0.09341742079381489,0.09431917390641434
SG_016198,0,0.19070453208646423,0.1806169566106533
SG_016199,0,0.1482311499063388,0.18294417365936094
SG_016200,0,0.13486812185022543,0.17740952211017302
SG_016201,0,0.18769928871312513,0.16660800189667058
SG_016202,0,0.12360948804907382,0.138804474347927
SG_016203,0,0.1775411177421449,0.2025496957069158
SG_016204,0,0.15110968441901487,0.15263676434048415
SG_016205,0,0.1851513375082488,0.1779337891940919
SG_016206,0,0.17592954235578057,0.18742002466404023
SG_016207,1,0.19379498142233384,0.21879849086590197
SG_016208,0,0.19443271453322125,0.1745459370834039
SG_016209,0,0.13821016574464426,0.14237040984637564
SG_016210,0,0.14495451822381197,0.15051557624003686
SG_016212,1,0.24086149292189665,0.1909271321793346
SG_016213,0,0.12094046494770042,0.13145790928951312
SG_016216,1,0.17214200133814647,0.22223771974585252
SG_016217,0,0.17743469005730458,0.1852065511619541
SG_016218,0,0.1624799610225026,0.16287721980598624
SG_016220,0,0.17881563215416602,0.2289296603053296
SG_016223,0,0.14037548219734527,0.1446065057754724
SG_016226,1,0.19242277137501554,0.17544516295198945
SG_016227,1,0.17148970250140746,0.17927268813797825
SG_016228,0,0.12885817029633667,0.11379249619138515
SG_016229,0,0.24750574424572902,0.24715832678572477
SG_016230,0,0.12095630873841881,0.14039591010847868
SG_016231,0,0.1952242097926897,0.21298516801023476
SG_016232,0,0.11809803380964984,0.14939451240641433
SG_016236,1,0.1816310701102076,0.20580365053705438
SG_016237,1,0.1589515356966356,0.18382925058764638
SG_016239,0,0.1709020556596978,0.17443063735371261
SG_016240,0,0.13536548070728718,0.1461050873774754
SG_016241,0,0.3469036264113749,0.2627278491996986
SG_016243,0,0.12256326583525136,0.13083954561362937
SG_016247,0,0.16303666176366147,0.10881825626246601
SG_016248,1,0.17564874787008222,0.21519277812286794
SG_016250,0,0.1719302880871537,0.24279538224416428
SG_016253,0,0.12725727037728934,0.1185684332667108
SG_016254,0,0.14894378892293164,0.1290711106271209
SG_016255,0,0.17420614361621056,0.21414381816413497
SG_016256,1,0.13714123577803033,0.15946408957130212
SG_016257,0,0.20693806558820624,0.15623715791134088
SG_016258,0,0.21626397363027905,0.17564952396282768
SG_016260,0,0.17135070082803328,0.18265711350015246
SG_016261,0,0.14596849849495877,0.1713435198845987
SG_016264,0,0.3245402655758271,0.19648675711500854
SG_016265,0,0.17928064818039444,0.19640033074875077
SG_016266,0,0.1650627558637854,0.15311422161780713
SG_016267,0,0.1542578096749814,0.1669739409171663
SG_016269,0,0.166212840167391,0.11636269214782793
SG_016271,0,0.17423585688959894,0.17982416913556848
SG_016274,0,0.12296425271802666,0.12709743932838274
SG_016276,0,0.21766250452800018,0.20381108216504695
SG_016277,0,0.13022328805622374,0.17603030168612135
SG_016279,0,0.15652564610414604,0.1306928010881974
SG_016280,0,0.3438323218233361,0.30849595308150807
SG_016281,1,0.19034849755883082,0.19150020470254955
SG_016283,0,0.16188790850944051,0.20274887315640563
SG_016284,0,0.10813334036809322,0.10181258350834371
SG_016286,0,0.16106154278518697,0.08209465041102272
SG_016287,0,0.1458292775397849,0.16077462167487833
SG_016288,0,0.11390651078921862,0.12580690332177072
SG_016290,1,0.09101132474430845,0.0677899169169179
SG_016291,0,0.15293586004971652,0.18629985430242513
SG_016293,0,0.15561394383699698,0.1355011304097077
SG_016294,1,0.16834132186548376,0.1788257229535565
SG_016295,0,0.1232771025747721,0.12910594453263247
SG_016296,0,0.16106154278518697,0.10176888030385595
SG_016298,1,0.17474593957297224,0.1547232049985137
SG_016300,0,0.10853278872770034,0.09170025353544738
SG_016301,0,0.15400599896764908,0.2169549977554373
SG_016302,0,0.16646069737681726,0.1352159066741276
SG_016303,0,0.16106154278518697,0.07572420400832165
SG_016304,0,0.12503869797517492,0.11839309086883443
SG_016305,0,0.19736905898131227,0.222617802197943
SG_016306,1,0.2117187459944816,0.1684315524283589
SG_016307,0,0.16259368780289757,0.0937914565624631
SG_016308,0,0.17872201051021464,0.15864349141173997
SG_016309,0,0.10003686298093283,0.08753248812398871
SG_016311,1,0.11251103125885194,0.12910401462638685
SG_016312,0,0.1593771134049526,0.1619395275754965
SG_016313,0,0.1105043465817996,0.12461390471357556
SG_016314,0,0.11569739627390895,0.10886607930809251
SG_016317,0,0.2695059093328097,0.2764031962147435
SG_016319,0,0.23460839707284192,0.21974137562732365
SG_016320,0,0.2015686764358576,0.2128832880980544
SG_016321,1,0.12186120687868006,0.11540082971313001
SG_016322,0,0.17145858581321552,0.15471486865046116
SG_016323,0,0.16106154278518697,0.10045126747340795
SG_016325,1,0.15579139575067671,0.2108309250844895
SG_016328,0,0.11319946156040321,0.14041929090569483
SG_016329,0,0.16885633193653557,0.1601657991638282
SG_016335,0,0.09686357082979276,0.10455133929509572
SG_016336,0,0.13930577353971899,0.11936233822716134
SG_016338,1,0.17977675671644663,0.13658604185604956
SG_016339,0,0.18319741799034406,0.16244150060233076
SG_016340,0,0.18519192612855184,0.19057442928101004
SG_016342,0,0.15355255818671482,0.14042992773122795
SG_016344,0,0.16259368780289757,0.13419937308580634
SG_016347,0,0.16106154278518697,0.08325149274138748
SG_016348,0,0.17756478365766679,0.18516286502113657
SG_016350,0,0.16343770164226024,0.15030529235176682
SG_016353,0,0.16787934928357368,0.17119203064458796
SG_016355,0,0.16962404259607872,0.1440623233267341
SG_016356,0,0.15629440373344647,0.13311973595705634
SG_016357,0,0.1076878912979613,0.12279749787009953
SG_016358,1,0.1654719439459039,0.12276279709583862
SG_016359,0,0.15214337601767344,0.14284050766678433
SG_016360,0,0.11912704074340069,0.12759200486634187
SG_016361,0,0.10309755033611859,0.07231392652434554
SG_016362,0,0.17386849812359328,0.10469567439231028
SG_016364,0,0.19816621239365598,0.19235129288283737
SG_016365,0,0.08450783702247493,0.07350533526495799
SG_016366,1,0.1493252208279676,0.13863290354851773
SG_016367,0,0.17715788979815092,0.19942538267408408
SG_016368,0,0.11266014420447754,0.14864230794710814
SG_016369,1,0.1496922755065388,0.1448421009062704
SG_016370,0,0.23940023860336557,0.21684120494264078
SG_016371,0,0.19599496055679544,0.17988409617065396
SG_016373,0,0.2266361581300485,0.18667998301943742
SG_016374,0,0.18365126903169696,0.22655118560602097
SG_016376,0,0.19118297508547383,0.17429707792940738
SG_016377,0,0.11879802056615968,0.10839425756281817
SG_016378,0,0.22509884395195728,0.17641542340922942
SG_016379,0,0.20471487375839884,0.17766289099083118
SG_016380,1,0.35060920950790275,0.2615700210709932
SG_016381,0,0.16144311709187123,0.17419737767126148
SG_016383,0,0.09883972387916178,0.13171110785654172
SG_016385,0,0.17996572914247333,0.22895939227063242
SG_016387,0,0.15040684587101552,0.186177747691536
SG_016388,0,0.10712577880065291,0.12360194782940526
SG_016390,0,0.17227369342584548,0.23921429905357025
SG_016391,0,0.17397177389529353,0.18249417962867337
SG_016395,1,0.17970094025127184,0.1674154081606006
SG_016396,0,0.11469797916774353,0.138357098871834
SG_016397,1,0.11711897597512944,0.11507775896089699
SG_016398,0,0.16683560734833244,0.15806175921201188
SG_016399,0,0.2843436658607909,0.20422197948595733
SG_016400,0,0.1567009429347345,0.15870101625761904
SG_016403,0,0.16668051945281057,0.1669480877897369
SG_016404,0,0.18527257188678425,0.1734627766259853
SG_016406,0,0.2812483534107098,0.1721387620895857
SG_016407,0,0.12360595224929836,0.14855102865266148
SG_016408,1,0.18498858839372828,0.15442326323845898
SG_016409,0,0.14327547066994994,0.1280919297186436
SG_016410,0,0.11678339528675764,0.12527291214392505
SG_016411,0,0.16623729483972408,0.11897772842220344
SG_016412,1,0.10032432251226457,0.10512945809466608
SG_016413,0,0.12336428375833522,0.1291010510880154
SG_016415,0,0.1677930812913991,0.14551978775213412
SG_016416,0,0.18685588217641114,0.20699595938373164
SG_016417,0,0.15866953111327275,0.135930783814812
SG_016418,0,0.10492340688055601,0.09599423276672597
SG_016419,1,0.14039100993672987,0.12163223838130391
SG_016420,0,0.12723346146243453,0.16749915509753202
SG_016422,0,0.1507631613845606,0.16621251273495888
SG_016423,0,0.1895289068836951,0.22169954675249018
SG_016426,0,0.16905205036664098,0.15904882509202267
SG_016427,0,0.09851819473655436,0.11249980303457567
SG_016428,1,0.19261151058395673,0.13898742980203926
SG_016430,0,0.2598141198525313,0.290381893459921
SG_016433,0,0.0871746874080862,0.09280539448519158
SG_016434,0,0.18180975907342992,0.16969057538417448
SG_016437,0,0.16357478493163113,0.18279756683637163
SG_016438,0,0.18619519756941946,0.15374785284716638
SG_016439,1,0.19679632844569078,0.21465871501148379
SG_016440,0,0.16259368780289757,0.11688878358471305
SG_016441,0,0.1283690846713154,0.16225603299265168
SG_016442,0,0.19391448726508578,0.22860902839996355
SG_016444,0,0.16708591863363584,0.1697750662244608
SG_016446,0,0.11533250277759023,0.1029349020951216
SG_016447,0,0.32099905423196257,0.3031664594570295
SG_016448,0,0.11261068194023602,0.15968988526787342
SG_016449,0,0.1696666000300741,0.14974957918166348
SG_016451,0,0.17094799849259934,0.19667862937831554
SG_016453,0,0.11384076295265554,0.11755823243275655
SG_016454,1,0.17865499230042187,0.21180112256687322
SG_016455,1,0.13255221000671583,0.12021094861185633
SG_016457,0,0.06286774865939511,0.052592255545326025
SG_016458,0,0.1672314107194176,0.13584061806967276
SG_016459,0,0.14563714914499312,0.1836022042746403
SG_016460,0,0.14383577425425167,0.17564137351289288
SG_016461,0,0.17787219225547282,0.17964650632661358
SG_016464,0,0.23417190016982292,0.19839073977622057
SG_016465,0,0.16783753292729045,0.15402512116860442
SG_016466,0,0.15147269257339943,0.18053664167597805
SG_016467,0,0.15817415082054662,0.1826913531663666
SG_016468,0,0.11161786569781364,0.1220889611411845
SG_016469,0,0.14427227016176955,0.13706937027786106
SG_016470,0,0.1350940337001315,0.1066890160894661
SG_016471,0,0.17992665755225468,0.1645087761090056
SG_016472,0,0.32930587019156016,0.3149552891551999
SG_016473,0,0.18547426900777403,0.1650697984524723
SG_016475,0,0.20849626936566437,0.1923628402000575
SG_016476,0,0.1669474950355432,0.10177458036810011
SG_016477,1,0.18555051795082095,0.15858959246044485
SG_016478,1,0.17053072000977013,0.17445172289838623
SG_016479,0,0.18440055411831663,0.18300325674105986
SG_016480,0,0.1974716717516676,0.18823991264613707
SG_016481,0,0.1297181720367667,0.12443927303410512
SG_016483,1,0.1696578072342093,0.18124531055201065
SG_016484,0,0.18759905944010105,0.22996477219765257
SG_016485,0,0.20654261764096252,0.22063596952193054
SG_016486,0,0.16455928688054192,0.10509401420496425
SG_016487,0,0.22639596489211294,0.19231702432723174
SG_016489,0,0.16106154278518697,0.09919023269360658
SG_016490,0,0.19102527969154123,0.20814235679530943
SG_016491,0,0.20571330659460865,0.18346410693169501
SG_016492,0,0.18646833247692052,0.16839018839801168
SG_016493,0,0.18300568107778215,0.20795082160746026
SG_016494,0,0.1601259774704789,0.1886404735278488
SG_016495,0,0.1461206669562281,0.18674951215123067
SG_016496,0,0.1624416950676539,0.18207534599864497
SG_016497,0,0.20228631074217962,0.1987197106519246
SG_016498,0,0.19820788784116306,0.19916348177212145
SG_016499,0,0.13652516068045667,0.15075594767027095
SG_016500,0,0.17742462124188393,0.15674833762019796
SG_016501,0,0.11166952395768971,0.12617264777869083
SG_016504,0,0.15917422383168475,0.1757659209091843
SG_016505,0,0.19709356360958216,0.17142642077922843
SG_016506,1,0.16841988938105684,0.13803211157157608
SG_016509,0,0.17815160888696924,0.21692706130514972
SG_016510,1,0.16493709441021373,0.17155340246571377
SG_016513,0,0.1576356118029589,0.1200284689743139
SG_016514,1,0.18786466455548367,0.14629552836673154
SG_016515,1,0.11894694245394316,0.1799653336331449
SG_016516,1,0.23142099053428525,0.18868913388342787
SG_016519,0,0.11243702341699759,0.07586772005796116
SG_016521,0,0.11856064938068213,0.1120402930554795
SG_016523,0,0.17114464780632094,0.141498713571006
SG_016525,0,0.2294232585886874,0.20830674539535568
SG_016527,0,0.2553911387695709,0.20878176132750137
SG_016530,0,0.20946669118146816,0.2366140535726082
SG_016531,0,0.1399206567952898,0.1353314647254343
SG_016533,0,0.17299884597657764,0.15184994058002357
SG_016534,0,0.1426036491061319,0.1402875799230301
SG_016536,1,0.15080133104737584,0.18299941626629673
SG_016538,1,0.1907892392554561,0.26470730775342244
SG_016540,0,0.1602063213046895,0.1872854371674089
SG_016541,0,0.15218453004812205,0.1768266061734994
SG_016543,0,0.13136994904699156,0.13978867264006
SG_016544,0,0.11863192191605475,0.1003784513665924
SG_016546,0,0.11966874507498526,0.12270050892754308
SG_016549,0,0.27965263056920064,0.2136979898343546
SG_016550,0,0.14764286905835386,0.13934767289234326
SG_016551,1,0.1675783275000448,0.15157800180833272
SG_016552,0,0.11595708667936575,0.12668612352355674
SG_016553,1,0.10296020542938343,0.1048228177081016
SG_016555,0,0.08910457752642817,0.07570697683426465
SG_016556,0,0.1357879809060497,0.12526080916054624
SG_016557,0,0.21834821141623711,0.2325695038103675
SG_016558,0,0.1008428800494189,0.1028747766794541
SG_016559,0,0.16813829201996522,0.1334097922502253
SG_016560,0,0.16578395577488642,0.11797764900797235
SG_016561,0,0.1465188527635123,0.11084106308601725
SG_016564,0,0.13696595307405207,0.13579263424429963
SG_016565,1,0.2847388275091515,0.26278968224896126
SG_016568,1,0.13255146238285467,0.12899361275806828
SG_016569,0,0.16017937811195881,0.13074283629186348
SG_016570,0,0.14696185016760407,0.1405422961547487
SG_016571,0,0.10956407092314702,0.17742320293933128
SG_016572,0,0.1390598898109338,0.09369694188285292
SG_016573,0,0.18402678876433579,0.18121474583041675
SG_016574,0,0.16106154278518697,0.07755474029602766
SG_016575,0,0.12298017044780116,0.14135417518290064
SG_016576,1,0.13894800413278552,0.15025869511268802
SG_016577,1,0.2914354345703777,0.3279323479001115
SG_016578,0,0.17700621240133893,0.15869445708812707
SG_016579,0,0.16115366527275973,0.20816415451226442
SG_016582,0,0.1817846835546459,0.20453924522889133
SG_016583,0,0.09714114554209838,0.1332641048026049
SG_016584,0,0.14825349397107002,0.10508342607679289
SG_016586,0,0.15990391540993446,0.19724385260538302
SG_016587,0,0.17507036620990282,0.19489310302437776
SG_016588,0,0.22527809811227384,0.23189353063796694
SG_016589,0,0.11101958327952605,0.11024588515846
SG_016590,0,0.1862988644223913,0.16482668388017843
SG_016591,0,0.1663838368075498,0.14931906409210166
SG_016592,1,0.2428228678617867,0.19423051998043428
SG_016593,0,0.1750541579556148,0.22837542783259257
SG_016594,0,0.16752629712254924,0.16775795213646646
SG_016595,0,0.14489504177352142,0.12724756319720812
SG_016596,0,0.15816077627563932,0.13167881654383784
SG_016597,0,0.25532283982542353,0.21390975979339494
SG_016598,0,0.17886825510508256,0.19060715775897805
SG_016599,0,0.21611615765942088,0.25855318355396856
SG_016601,0,0.18489251176244037,0.1702505559923274
SG_016602,0,0.13753890072682484,0.13498800635853833
SG_016605,0,0.14431292936411086,0.16869971700918715
SG_016607,0,0.30321816161513987,0.211248520822754
SG_016608,0,0.18840918067378679,0.24242540014588998
SG_016610,0,0.108705225749314,0.14251558298435674
SG_016611,0,0.16492066431847724,0.17987260471733715
SG_016615,0,0.19740571199851006,0.2104733030952645
SG_016616,0,0.17288611668658296,0.19550277837657326
SG_016617,0,0.23050616465960774,0.24304350805246164
SG_016618,0,0.16979899308491694,0.1607983215941224
SG_016619,0,0.16693323757804845,0.15440091340937576
SG_016620,0,0.1537185815514962,0.2052981281758632
SG_016621,0,0.16679122255831144,0.17518477297425142
SG_016622,0,0.20098368191125068,0.24743655384185853
SG_016624,0,0.15655156259485664,0.18240030356595957
SG_016626,0,0.21536754723919557,0.21632841800306496
SG_016627,0,0.16320498970902833,0.13715369771370167
SG_016628,0,0.18062214401976312,0.1735075404912939
SG_016629,0,0.18329829617999918,0.20172234752898222
SG_016630,0,0.10850797155927351,0.1212276386135065
SG_016631,0,0.16284668664868143,0.1633351244226316
SG_016633,1,0.3329893392033679,0.30392979887814386
SG_016635,0,0.13059580564405307,0.20682724543526063
SG_016636,0,0.11965306230024274,0.18013053471904503
SG_016638,0,0.20266510890064088,0.2374664564879342
SG_016639,0,0.1751121262580483,0.24457839263366363
SG_016640,1,0.152276783916644,0.13980095747238505
SG_016642,1,0.2304524787722599,0.23869301157485392
SG_016643,0,0.16266273719352958,0.21630583402543405
SG_016644,0,0.08019069418581813,0.12712485527011635
SG_016645,0,0.2723332106262404,0.2186785514212588
SG_016648,0,0.1714944124025879,0.1518709678964971
SG_016649,0,0.1318004113348499,0.08669331607771032
SG_016650,0,0.16106154278518697,0.11526573910607908
SG_016651,0,0.1683660157742057,0.1260111346323674
SG_016652,1,0.18941129917655197,0.1828969334302708
SG_016653,0,0.20033063615605998,0.2561444478211503
SG_016654,0,0.12554894809605166,0.13131045705635314
SG_016655,0,0.17239458259390206,0.11677151991945933
SG_016656,0,0.16552336374981433,0.13245275756682168
SG_016657,0,0.14368606759284971,0.17919672015395433
SG_016658,0,0.1706938089484406,0.169077991350158
SG_016659,0,0.1599344113350083,0.15825639494187807
SG_016661,0,0.1685937643405398,0.16061965558099114
SG_016663,0,0.13672476304781225,0.13158109950474886
SG_016664,0,0.17268623155899737,0.15822475568058453
SG_016665,0,0.18168842272792626,0.15144581377854513
SG_016666,1,0.2365590284145328,0.20378232961550274
SG_016667,0,0.12544792380558162,0.13805164081484453
SG_016668,0,0.22475934174693507,0.23222322468814077
SG_016669,1,0.16682650439675525,0.10320384720104174
SG_016672,0,0.21862980386783035,0.20979488978763305
SG_016674,0,0.16106154278518697,0.08183554683101035
SG_016676,0,0.26247648782080235,0.19677942021475464
SG_016677,1,0.19951679528323338,0.2157029645272341
SG_016678,0,0.16191009335590847,0.20187824948231292
SG_016679,0,0.19811402238920492,0.21941827318198998
SG_016680,0,0.16106154278518697,0.08300592829318705
SG_016681,1,0.17243772818462286,0.19236606967956305
SG_016682,0,0.16143608781234625,0.1687060967824974
SG_016683,0,0.15842325200659885,0.16375439842586217
SG_016684,0,0.23166335108315453,0.2574198854841375
SG_016686,0,0.1222560489695843,0.11656781823350479
SG_016687,0,0.15341626572621825,0.1357404177335903
SG_016688,1,0.1654032404997925,0.11185526475573807
SG_016693,0,0.14835975215549632,0.179842493022529
SG_016694,1,0.1341689203732782,0.14428537924299095
SG_016695,0,0.17221535930034831,0.11503412550222845
SG_016697,0,0.23165164254640266,0.21550022251889298
SG_016700,1,0.16041030134713047,0.16920586995433406
SG_016701,0,0.211514029722478,0.16800537936477503
SG_016702,0,0.10098399843511013,0.09045952972770033
SG_016706,0,0.14563788952177886,0.18086039996465286
SG_016707,1,0.22839197695272798,0.2312212008311385
SG_016709,1,0.3789485077507702,0.22103554709985923
SG_016712,0,0.14746298596771726,0.15517348500923347
SG_016713,0,0.12268756275384576,0.1321701541996124
SG_016715,0,0.16937064796936957,0.13382845709199212
SG_016717,0,0.16844536298951665,0.12837771597256573
SG_016718,0,0.167023527713555,0.2054007118306298
SG_016722,0,0.1758159078162856,0.1704569967921044
SG_016724,0,0.17390009841295578,0.17311832449567494
SG_016725,1,0.1442552465799944,0.14377074385534366
SG_016726,0,0.08364179142444975,0.09287317208034378
SG_016727,0,0.09175929532288132,0.0842555988268655
SG_016728,0,0.2010270656070566,0.17927818203232782
SG_016729,0,0.15493303908523257,0.1786124948543656
SG_016730,0,0.10756684518982274,0.14711127320124506
SG_016731,0,0.17797290832490606,0.2528565862474011
SG_016734,0,0.23562845453945044,0.21479152522087175
SG_016735,0,0.14655361618460744,0.14043012322892928
SG_016739,1,0.1607790630480153,0.15675131834645512
SG_016740,1,0.16505481518372497,0.1137897443536507
SG_016742,0,0.12740756967548497,0.1298994239071879
SG_016743,0,0.17870959259399558,0.17647938835617885
SG_016744,0,0.15095522383953777,0.15383499728014435
SG_016747,0,0.08944525506379428,0.11036692686651423
SG_016748,0,0.18789681414833748,0.15966246677255697
SG_016749,0,0.13451661237767634,0.12211697718843653
SG_016750,0,0.16631250583741802,0.14227653936023518
SG_016751,0,0.20593694435878998,0.19098754984111704
SG_016753,0,0.216669605932788,0.21519916118542295
SG_016755,0,0.12182769170426747,0.144993939228033
SG_016756,0,0.13338462186565336,0.16260694034991258
SG_016757,0,0.21444363132012298,0.26307735294443657
SG_016759,0,0.16697995022521644,0.12353808423251339
SG_016760,0,0.1040350975022916,0.08094936618455754
SG_016761,0,0.1704884968456525,0.18746672432965336
SG_016762,0,0.17471011855385704,0.18793155433622588
SG_016764,0,0.15412727613970748,0.1499502890520653
SG_016766,0,0.1112109292727905,0.09850253306615166
SG_016767,0,0.24806931872214263,0.2601310885072457
SG_016768,0,0.11017127875138168,0.12865829374348486
SG_016770,0,0.17704040012468497,0.2503773465389673
SG_016771,0,0.10559884761147165,0.10189483506330473
SG_016772,0,0.16147352133455906,0.16014202024545426
SG_016773,0,0.17212384745909562,0.1406456384970299
SG_016774,0,0.17076144324235215,0.17962969659056652
SG_016775,0,0.17367251419934507,0.17792780867917743
SG_016777,0,0.12424486563486237,0.14732800896031356
SG_016781,0,0.10775099683996046,0.13264843900398657
SG_016782,0,0.3186205398204893,0.23410121157763986
SG_016784,0,0.12956509612224368,0.11777876162303591
SG_016787,0,0.23173591917591246,0.19616187614377786
SG_016788,0,0.10915408141210296,0.12376485563407155
SG_016789,0,0.1319974758154,0.11867363073375511
SG_016790,0,0.1666063140107349,0.19324841099916357
SG_016791,0,0.16498493722409135,0.14224465453822083
SG_016795,0,0.16732376495294962,0.1468772243240573
SG_016796,0,0.2912556242740703,0.24615223686804152
SG_016797,0,0.1450586786981226,0.08772391290896259
SG_016798,0,0.1590571988629606,0.15429358778318772
SG_016799,1,0.16106154278518697,0.09026528679907969
SG_016800,0,0.17627667875644204,0.18662707302333556
SG_016801,0,0.17415016238888664,0.21373050593989376
SG_016802,1,0.19663876494752813,0.16829881979224912
SG_016803,0,0.24564550457240267,0.22509978109801917
SG_016804,0,0.24742874156929354,0.19737076175418072
SG_016806,1,0.17116798558892735,0.21454676726173436
SG_016808,0,0.12183660232487124,0.16134121186872555
SG_016809,1,0.1866894218705316,0.19657664502858643
SG_016811,1,0.17747080125861472,0.1901417403000772
SG_016812,0,0.3082300994803347,0.22869230873259197
SG_016814,0,0.1264706125976512,0.121552674398369
SG_016815,0,0.20212857471342996,0.2008013384298606
SG_016816,1,0.22737220752229306,0.24532114389543788
SG_016817,0,0.16390843219390655,0.10558262522930792
SG_016820,0,0.14445448468034489,0.12675542426087452
SG_016821,0,0.1500226281348772,0.15900699412538813
SG_016822,1,0.3046382887803007,0.23551341133469236
SG_016824,0,0.279796080867462,0.2638273907778101
SG_016825,0,0.165905280891537,0.15151202620872808
SG_016826,0,0.11255772918700957,0.1573289897048081
SG_016829,0,0.1605871828271767,0.16773116283154096
SG_016830,0,0.18141189535968338,0.1448345506266614
SG_016831,0,0.22595248960731984,0.16685084367783368
SG_016833,0,0.18164647790834187,0.15631715054171844
SG_016835,1,0.2908928008211723,0.3082886995480951
SG_016836,0,0.15386938177511128,0.1737323789812448
SG_016838,0,0.1256495387160865,0.13664546694527832
SG_016839,0,0.17996670885058402,0.19946755709053524
SG_016841,1,0.1222397714293247,0.16240296681665936
SG_016842,0,0.2810264443770561,0.21885512695035073
SG_016844,0,0.16452686015323706,0.11695806468154085
SG_016845,0,0.14646141767790494,0.13843753644304535
SG_016846,0,0.162412748355118,0.16101666659376512
SG_016848,0,0.17261488460250482,0.18816954501214198
SG_016850,0,0.2640368698017396,0.2916121289073024
SG_016852,0,0.18095137476600057,0.22763018633663668
SG_016853,0,0.2568787882673338,0.2323984597481774
SG_016854,0,0.16989179644458374,0.24802420025510002
SG_016855,0,0.17443641394856585,0.20861047900195814
SG_016856,1,0.2729660509085507,0.24809420196459916
SG_016860,1,0.23399156100261206,0.26358453189997383
SG_016862,0,0.1627625889741445,0.1916098712848813
SG_016864,0,0.16735423295868032,0.12080889637473603
SG_016865,0,0.1161153429627925,0.10157022130502502
SG_016866,0,0.20645092827624148,0.20555572751248757
SG_016867,0,0.12144597900195299,0.15249234676799722
SG_016868,0,0.21554940034346426,0.2351874999324675
SG_016869,0,0.09349412188070041,0.07876308825348889
SG_016870,0,0.21511464733140478,0.23558408817290394
SG_016871,0,0.14046009051924865,0.19460631222708372
SG_016872,0,0.1626380299129552,0.1587423856337734
SG_016873,1,0.10779484809073242,0.14523942183640515
SG_016875,0,0.16602177047435263,0.10093551497226229
SG_016876,0,0.18680765901873736,0.2092898445683668
SG_016878,0,0.19588330392901004,0.21691466629276432
SG_016879,0,0.16633338284208496,0.11840600281600618
SG_016880,0,0.2833446233030317,0.20019722633022946
SG_016882,0,0.16675133603807685,0.1448109069459761
SG_016883,0,0.21251499368927274,0.2836882362472589
SG_016884,1,0.18623792348020146,0.18800870717228557
SG_016886,0,0.14703468002999354,0.13529792751993952
SG_016889,0,0.14784713059383592,0.21514272986844746
SG_016890,0,0.1689364524400789,0.16285505853362003
SG_016892,0,0.16879004329286643,0.1346363033219519
SG_016894,0,0.12418182291972281,0.117304575083485
SG_016896,0,0.13627716569769346,0.1480301833452452
SG_016897,0,0.16827811082028357,0.17246803791427234
SG_016898,0,0.18848331025668458,0.17485566453154622
SG_016899,0,0.11299827397433007,0.12132370224682025
SG_016901,0,0.23328220802534574,0.22169427751772544
SG_016903,1,0.20301472364202072,0.22685261249380198
SG_016905,0,0.2837290393153446,0.24729842466252389
SG_016906,0,0.13856016695047246,0.12675662356929432
SG_016907,1,0.3362126289049179,0.31565890741388103
SG_016908,0,0.09450473359047705,0.09650756212531848
SG_016910,1,0.17291612631267186,0.1823617213627471
SG_016912,1,0.12497406261918853,0.1648085166559398
SG_016913,0,0.06734321017092636,0.10693597824251262
SG_016914,0,0.17442530157531624,0.1910819613376286
SG_016915,0,0.10419181534962724,0.11343808359300045
SG_016916,1,0.16584184685218312,0.14178173713807604
SG_016917,0,0.21114220713358356,0.16593919765147297
SG_016918,0,0.1842537109843632,0.20036579779410532
SG_016919,0,0.19663188165588044,0.17415281552495118
SG_016920,0,0.15046465050327945,0.15991813122306955
SG_016921,1,0.16106154278518697,0.06850017221143812
SG_016922,1,0.2701243447674411,0.2805569316775839
SG_016923,0,0.1743597804427833,0.1504029443378374
SG_016926,0,0.21955651219582237,0.1696284503775759
SG_016927,0,0.22966326276536078,0.2667185919957404
SG_016929,0,0.16106154278518697,0.12888830570735588
SG_016930,0,0.16744688407451308,0.13522378356427203
SG_016931,0,0.266581496476855,0.2101479618902301
SG_016932,0,0.1350487852273098,0.16212063005925065
SG_016933,0,0.08175197194700491,0.10727658960528809
SG_016934,0,0.09912133989321481,0.12705821986695934
SG_016935,0,0.16788943762902953,0.13377085845294934
SG_016936,1,0.1908229940755619,0.2268247600528915
SG_016938,0,0.1470094451095297,0.11867875314889231
SG_016940,0,0.18231488289279799,0.17354009441409424
SG_016942,1,0.13444425127973844,0.11171920529769669
SG_016943,0,0.1828445206730547,0.15493578100031516
SG_016945,0,0.15633285923497567,0.16608147674028234
SG_016947,0,0.14588356989561754,0.17666915721472953
SG_016948,0,0.17348508898284448,0.23474615950268285
SG_016949,0,0.18812488214561723,0.221193594078824
SG_016950,0,0.2279282091150332,0.20162665240205133
SG_016952,0,0.15666542900574693,0.1717406449907123
SG_016953,0,0.19188081851739788,0.19988537119132394
SG_016954,0,0.16931840742381227,0.15341696206739783
SG_016955,0,0.1783019586475431,0.21599949772438148
SG_016956,0,0.20600131798570923,0.2222696926961651
SG_016957,1,0.14805745236413279,0.13847409760590298
SG_016958,0,0.1311780488717103,0.13517268736682816
SG_016959,0,0.16177989195254314,0.11934232064763518
SG_016960,0,0.16961407315278654,0.1782878413585655
SG_016962,0,0.1647208064018288,0.14777211093520692
SG_016964,0,0.19292939342744217,0.1537813342045021
SG_016965,0,0.17201577827547634,0.13894029480956227
SG_016966,1,0.05672249715596984,0.07013169317498841
SG_016969,0,0.14725062449356505,0.12727000302270342
SG_016970,0,0.15578235630518034,0.18180868298364983
SG_016972,0,0.12059361798933968,0.1213133144319762
SG_016977,0,0.2085849518323196,0.18995673196393043
SG_016978,0,0.11292894022933088,0.1479881852789414
SG_016979,0,0.35903153930677845,0.28009837866156106
SG_016980,0,0.14640440092761353,0.1332938416472843
SG_016981,1,0.11342593554976199,0.10877658089216355
SG_016982,0,0.1659506113622966,0.18343619710945594
SG_016983,0,0.1457464502960543,0.13690854560310892
SG_016984,0,0.14025345145506196,0.10952843012239942
SG_016985,0,0.1379891032790075,0.16565283806081643
SG_016987,0,0.20528680051704665,0.19492838836997933
SG_016988,0,0.18641612200967708,0.21847402719858863
SG_016991,1,0.17300495224059334,0.18492423959818827
SG_016992,0,0.13463244887686596,0.1160294035580687
SG_016993,1,0.18360454492598638,0.20896628720091814
SG_016994,0,0.1445892757103137,0.1247389253225566
SG_016995,0,0.10539209468993266,0.11137363360089306
SG_016996,0,0.12595136149262012,0.13696829463930654
SG_016997,0,0.09845200756801399,0.0825629532439613
SG_016998,1,0.1727678977736708,0.17742541845124093
SG_016999,1,0.1690787080818478,0.1995692602928474
SG_017000,0,0.25982360385353165,0.1846967632777375
SG_017001,0,0.06859452755636081,0.06912455752802871
SG_017002,0,0.12136634414059537,0.1335204646274901
SG_017004,0,0.1894608156632289,0.15504175136337922
SG_017007,0,0.16407748375508122,0.1307691340798502
SG_017008,0,0.12396890559726423,0.1575248075311645
SG_017009,1,0.14817752851444435,0.13171419567345133
SG_017010,0,0.1637480098285839,0.16715374801199478
SG_017011,1,0.17590021309739093,0.1910612685660189
SG_017012,0,0.09280556277625855,0.10965626926208623
SG_017013,0,0.19584310375172131,0.18695916443045008
SG_017014,0,0.2099498401958193,0.1820290915136123
SG_017015,0,0.19583665522790125,0.19054939266358745
SG_017017,0,0.13399474908861755,0.1507981513147382
SG_017019,0,0.16879179628323937,0.16514199519288636
SG_017020,0,0.12447579069545064,0.12431998703256693
SG_017022,0,0.17385747631082374,0.1519670457882414
SG_017023,0,0.3030018334124393,0.24884285479902965
SG_017024,0,0.1677720224686331,0.15038432752666428
SG_017025,0,0.16727716424399341,0.12550779363732756
SG_017027,0,0.22878824010507146,0.2353959323571005
SG_017029,0,0.2322000804307136,0.2399443572009987
SG_017030,0,0.14896801739501972,0.1525576261085323
SG_017031,0,0.22018161031498462,0.2230255800674515
SG_017032,0,0.17188062337095797,0.2054179611006508
SG_017033,0,0.18969986136189076,0.24017339334426568
SG_017034,0,0.18465702868014772,0.16048665611718363
SG_017035,0,0.1276987950559831,0.1328625558057794
SG_017036,0,0.1417787505057175,0.1248698930917388
SG_017037,0,0.11374229489465101,0.10555668924969815
SG_017038,1,0.14230367202853056,0.1411878962187451
SG_017039,0,0.16106154278518697,0.11894653965514783
SG_017041,0,0.09854540660895214,0.11476688961660313
SG_017042,1,0.144089398558954,0.11410800158786095
SG_017045,0,0.12568549314934888,0.1599896890369078
SG_017047,0,0.12018033554113876,0.1258931299276573
SG_017051,0,0.13774512907094497,0.11332189605146596
SG_017052,0,0.1821786952031731,0.2000108994813974
SG_017053,1,0.1672630148445423,0.18145129156036024
SG_017054,0,0.17187184546630763,0.18528644401901836
SG_017057,0,0.16748947199167277,0.13327611607528017
SG_017058,0,0.166212840167391,0.13249308434419846
SG_017059,1,0.16106154278518697,0.060972952873147586
SG_017060,1,0.22153390691963795,0.19060320045840473
SG_017061,0,0.12285523244485066,0.1488812867745001
SG_017063,0,0.12763798287504047,0.11633045145852404
SG_017064,0,0.11937304081513049,0.1248026556411465
SG_017065,0,0.10773054537421883,0.12742800286862727
SG_017066,0,0.19691165439529587,0.2148518988781261
SG_017068,0,0.13427541199971643,0.09768580561899579
SG_017069,0,0.16895181520496996,0.14511966109116686
SG_017072,0,0.1734070096773266,0.19789682929879562
SG_017073,0,0.26785302647043535,0.2515996077235128
SG_017074,0,0.10663895023153251,0.08915651088317302
SG_017075,1,0.2078690027644413,0.21704031398627185
SG_017078,0,0.13883723771863984,0.15952143075452957
SG_017081,0,0.1177778971433465,0.12974707037095337
SG_017082,1,0.18332994019404436,0.23364599175124842
SG_017083,0,0.203327433980717,0.20124790020322914
SG_017084,0,0.14485955907225664,0.1578448193293622
SG_017086,0,0.12105441317942353,0.13964588824643961
SG_017087,0,0.2020642184276057,0.21554424716571327
SG_017088,0,0.10504044626790873,0.12161833726546764
SG_017089,0,0.17514962933425648,0.15562497178666115
SG_017090,1,0.2161750970455096,0.2549923271675581
SG_017091,0,0.1722701838585602,0.17899338388472702
SG_017092,0,0.09887454459456509,0.10702645714786063
SG_017093,0,0.13463724986971173,0.16218363251728884
SG_017094,0,0.1240905835060463,0.15145784634478304
SG_017095,0,0.1492789511696386,0.1629563134043084
SG_017096,0,0.1567599134747237,0.1403894194229737
SG_017097,0,0.24650464598542376,0.23848034308447882
SG_017099,0,0.09523081204087919,0.09556166160385644
SG_017100,0,0.21677028337688672,0.16635792746548206
SG_017101,0,0.14229099512762455,0.14293140233671664
SG_017102,0,0.11677803920273822,0.12732661104111082
SG_017104,0,0.19347924548060047,0.15427687848101457
SG_017105,1,0.15408919055417947,0.1745013293558794
SG_017106,1,0.21348789810842242,0.19613905253903666
SG_017107,0,0.16400477786627946,0.12730628132837582
SG_017108,0,0.11562728665288362,0.11267226953196391
SG_017109,1,0.1534123953266532,0.19262774450905357
SG_017112,0,0.18512916332412452,0.20207571137404123
SG_017113,0,0.1745980648773545,0.15542791917748028
SG_017115,0,0.15120039512985833,0.1286427972325488
SG_017117,0,0.1677433674138128,0.16799870945175976
SG_017118,0,0.24427522307016936,0.18394493575098775
SG_017119,0,0.11836260311974509,0.08402983972549816
SG_017120,0,0.13800991008892552,0.15441686549712522
SG_017121,0,0.10537740274477118,0.1341283292242097
SG_017122,0,0.17378248317693235,0.206662301131587
SG_017125,0,0.21453924502977684,0.18106383903855064
SG_017128,1,0.21692192907370333,0.17983499249374993
SG_017129,0,0.13998226619201826,0.13697309474390576
SG_017131,0,0.17456167234833905,0.19840620753809304
SG_017132,0,0.16749931623275005,0.18804704748586634
SG_017133,0,0.16902748296958398,0.16529769845528874
SG_017134,0,0.22398418710005744,0.18081548130053446
SG_017135,0,0.16603137588532216,0.13737366612961202
SG_017136,0,0.17560117249162036,0.20815869143818125
SG_017137,0,0.1037814195120712,0.12876398824733024
SG_017138,0,0.12089089744095514,0.1473237339316108
SG_017140,0,0.12698884556631565,0.1326842334182157
SG_017141,1,0.10376292574221566,0.13094384194006972
SG_017142,0,0.19475139820937207,0.19470643497154067
SG_017143,0,0.1914245810787796,0.1873153988756893
SG_017147,1,0.17163292077492093,0.16554767550688104
SG_017148,0,0.16655315862957215,0.11815082823534254
SG_017149,0,0.16890536175804355,0.16920044009705087
SG_017150,0,0.1670324960324111,0.21402138947524574
SG_017151,1,0.12257733009156685,0.1547892583076684
SG_017152,0,0.2242646348192485,0.2159948741922188
SG_017153,0,0.2624265153390919,0.24276914899319732
SG_017155,0,0.16808912030781104,0.18405395592500598
SG_017156,0,0.19080540517267877,0.167812600158295
SG_017157,0,0.14048277709292492,0.1636311665843991
SG_017159,1,0.1640139694022607,0.17646321856431443
SG_017160,0,0.22658355094522878,0.2430506481528555
SG_017161,0,0.13296432169351172,0.14835580079111987
SG_017162,0,0.17672340560594774,0.18047405816011938
SG_017163,1,0.1699469068277456,0.17560817595995368
SG_017164,0,0.1710283003543687,0.1764034289828048
SG_017165,0,0.16272665056103935,0.1678693484093694
SG_017166,0,0.14292964629647464,0.13152198258313222
SG_017167,0,0.2184704059609896,0.19739620071758693
SG_017168,0,0.17668080405758593,0.22275802836432748
SG_017169,0,0.16710336021534525,0.13838941046647776
SG_017173,0,0.09924153301581055,0.1258573549827571
SG_017174,0,0.14761588492492353,0.12851695344301267
SG_017175,0,0.29314742110487735,0.2329325464486327
SG_017176,0,0.13566652821034053,0.1829974673630303
SG_017177,0,0.17364678442980333,0.1656997820538438
SG_017178,0,0.1391390799955277,0.1104498974530786
SG_017179,0,0.16106154278518697,0.1257120804623686
SG_017180,0,0.1719829319607423,0.1583791496787166
SG_017181,0,0.19623949103032512,0.18311808524555948
SG_017183,0,0.26007574687909985,0.23619166491668633
SG_017184,1,0.22980889217039974,0.17496150000709007
SG_017185,0,0.08597286442467152,0.0806360201509981
SG_017186,0,0.15329012691668,0.1527769676791995
SG_017188,0,0.2611014961394155,0.21246072955259057
SG_017189,0,0.15461871624947635,0.16628819957814958
SG_017191,0,0.17140695413440812,0.2332248256118577
SG_017194,0,0.1646190526302222,0.17299507820149554
SG_017196,0,0.135981508291966,0.12642999410722613
SG_017197,0,0.20365166325135522,0.17768551909490318
SG_017198,0,0.16236305203099793,0.1561458434039719
SG_017199,0,0.15211056191629105,0.13157196706411153
SG_017200,0,0.12553124814114086,0.12161049768726966
SG_017201,1,0.11714987083683502,0.12797727296221206
SG_017203,1,0.12816637473580741,0.12183706155693033
SG_017204,0,0.08546745115127564,0.0852601792892661
SG_017205,0,0.17352940590111057,0.12885410441510145
SG_017207,0,0.1551392890263078,0.19480593168211763
SG_017209,0,0.1978043018587797,0.2320323347892057
SG_017210,0,0.1653241862075499,0.18133021429690246
SG_017211,1,0.19897922023593173,0.21734302415492748
SG_017212,1,0.2317475558360467,0.22235551647397753
SG_017214,0,0.15307516088334572,0.19931004902122876
SG_017215,0,0.11577461066547845,0.109178698054792
SG_017216,0,0.19280783069493007,0.14966886803077797
SG_017217,1,0.17611660103773427,0.23053521139394176
SG_017219,0,0.12321265993511829,0.1564747210284424
SG_017221,0,0.11807764694677948,0.12532942174668432
SG_017222,0,0.13585563660942448,0.11997436041321867
SG_017226,0,0.3099880956563518,0.26545672631029654
SG_017229,0,0.17122731062490956,0.16598538517714162
SG_017231,0,0.16259368780289757,0.1307951448426688
SG_017233,0,0.2756108029547689,0.2844490491011941
SG_017234,0,0.21887464422555372,0.163862520763985
SG_017236,0,0.25691926473303933,0.19673348759905562
SG_017237,1,0.17764826463906705,0.23643552735792206
SG_017238,1,0.17147871984020432,0.19256525491998192
SG_017240,0,0.24446624468754757,0.21493434647880472
SG_017242,0,0.16632218310332386,0.15060480456132663
SG_017243,0,0.22304270144857877,0.2678467006199666
SG_017244,1,0.24651207915821488,0.2555335270419348
SG_017246,0,0.1658756456630008,0.1572655048293209
SG_017247,0,0.32151008510134166,0.332995945016798
SG_017248,0,0.09289210967070097,0.10191360173619035
SG_017249,0,0.1709735790783871,0.16602187764922535
SG_017251,1,0.13732166967575954,0.15023056153553851
SG_017252,0,0.19834252351228937,0.24944486756966322
SG_017253,0,0.19838528120794155,0.21501689072123417
SG_017256,0,0.18559140945810357,0.21786566825815074
SG_017257,0,0.16029586580568636,0.17434085080615966
SG_017258,1,0.18955989312067456,0.2671726080108112
SG_017259,0,0.2062652090069692,0.18348517426883254
SG_017260,0,0.11062356777521552,0.14120298458569053
SG_017261,0,0.12348534228982871,0.1409289317411505
SG_017262,0,0.2291952340232053,0.1866947070699117
SG_017263,0,0.32724053782910867,0.30989576967502114
SG_017264,0,0.10717126683557938,0.10557807469369317
SG_017265,1,0.1955714306931845,0.19527297485359058
SG_017267,0,0.0554981105726506,0.052130029595009245
SG_017268,0,0.24308903053919145,0.22606017893210512
SG_017270,0,0.16657999615449207,0.13136421942148577
SG_017271,0,0.1339195822392024,0.17193025714892987
SG_017273,0,0.10750724458612855,0.09209185873952153
SG_017274,1,0.18501447608679053,0.17560284794831818
SG_017275,0,0.15651611072296556,0.15922601753226917
SG_017277,1,0.1737898317467812,0.15181543139978448
SG_017278,0,0.1205657746469036,0.14871363141079152
SG_017280,1,0.14167295377085887,0.15022673236240616
SG_017282,1,0.15208530533465472,0.14040563477018467
SG_017283,0,0.16106154278518697,0.04267413053228627
SG_017284,0,0.20007522668654576,0.16247475243490847
SG_017285,0,0.07792752830691997,0.09998847451768667
SG_017286,0,0.2230993408035306,0.25709202237394396
SG_017289,0,0.17098597007012525,0.19917576607320267
SG_017290,0,0.12466630271872059,0.11383055478402057
SG_017291,0,0.1919798615362363,0.2398869020000972
SG_017293,0,0.1399617388973206,0.11582862331082258
SG_017295,0,0.257166567490398,0.23821734531542416
SG_017297,0,0.21734105512278115,0.1865850374281219
SG_017298,0,0.24623879268349042,0.24483569956626924
SG_017299,0,0.1724685756845568,0.17432274321399902
SG_017300,0,0.11977164992729457,0.11114287226443156
SG_017301,0,0.33268878724387596,0.24624255704092274
SG_017302,1,0.13986853017489217,0.1653354029691359
SG_017305,1,0.20964098611182763,0.23973908274125583
SG_017306,0,0.16091891376604664,0.20101632396416386
SG_017307,0,0.16660743254375593,0.18172583318106764
SG_017308,1,0.16259368780289757,0.09486923835691603
SG_017310,0,0.16259522824017222,0.11160951394696951
SG_017312,1,0.16355870274296894,0.1469140783989962
SG_017313,0,0.17072279469144286,0.14562640206444566
SG_017314,1,0.2280023133891289,0.3135703803711868
SG_017315,1,0.19588414468799517,0.1779874859577508
SG_017319,1,0.20340135646804244,0.2218687233252723
SG_017320,1,0.16897680362591708,0.1515841737468157
SG_017321,0,0.08263791661102372,0.07755980506208798
SG_017322,0,0.14338936614450093,0.16280983324759
SG_017324,0,0.12898125110694483,0.16411260596318253
SG_017325,0,0.14573278982804352,0.12129339552332562
SG_017326,1,0.16699530743889496,0.15694336012931334
SG_017327,0,0.22529974694648855,0.2002733353370332
SG_017329,0,0.12795719111043766,0.14246824789553658
SG_017330,0,0.16199777453306163,0.16780651549829745
SG_017331,1,0.23635679384689678,0.21099319031867042
SG_017332,1,0.16461210605061144,0.18975062613101598
SG_017333,0,0.15192976175052786,0.14495232394644195
SG_017334,0,0.1667963592942655,0.11533938938189615
SG_017335,1,0.1349934330875036,0.1319036055379687
SG_017336,0,0.07544931521144496,0.08161332289942773
SG_017337,0,0.1641582802672893,0.12987687384643554
SG_017340,0,0.1395142444604166,0.10060699311423704
SG_017341,0,0.13007736228645336,0.12791719100937754
SG_017342,0,0.2783961868924758,0.236894200062778
SG_017343,1,0.1984388711486005,0.19464572600678426
SG_017344,0,0.1403834295194173,0.1272490603746884
SG_017345,0,0.17669104640470518,0.15091086388043565
SG_017346,0,0.17641823196487272,0.17877118209560697
SG_017351,0,0.11154598987164885,0.11930438360108044
SG_017352,0,0.12179941207322864,0.14787717519651314
SG_017353,0,0.12263363845596205,0.12982470342104452
SG_017355,0,0.16708873436526928,0.206117094810133
SG_017356,0,0.14344738911482477,0.14817739090287807
SG_017357,1,0.17351586556485224,0.22398326520417544
SG_017359,0,0.14809621674245588,0.13592512561304593
SG_017362,0,0.16328209090973253,0.08709153715966464
SG_017363,0,0.12262417596645749,0.11711689401427897
SG_017365,1,0.09382206524354224,0.08827367660440365
SG_017366,1,0.1285938042455035,0.11703270157627994
SG_017367,0,0.18312012632640307,0.1950743778844831
SG_017369,0,0.12434482629026611,0.16650390351568198
SG_017370,1,0.16259368780289757,0.10608832550012194
SG_017371,0,0.19520423411862184,0.16567551046081141
SG_017372,0,0.19737055871108372,0.17503650886352376
SG_017374,0,0.3247871624229747,0.25405486580214226
SG_017375,0,0.1997872332405685,0.20840948106055346
SG_017377,1,0.21633712747563333,0.2129485962435677
SG_017378,1,0.14393397554348478,0.13815674225360533
SG_017379,0,0.10319328422575526,0.14267703449619185
SG_017380,1,0.2112783587291092,0.21714924060665156
SG_017381,0,0.1671645172128131,0.17157651034309943
SG_017382,0,0.13789684853638837,0.13959967074840232
SG_017384,0,0.17665253020391455,0.20625135235589956
SG_017386,0,0.14974403281777698,0.17366387161660674
SG_017387,0,0.1591181878319893,0.18101364900562142
SG_017388,0,0.23036463182708805,0.15780888394702178
SG_017389,0,0.16577674979323379,0.17887135162654308
SG_017390,0,0.11360279871771951,0.13413839599877392
SG_017392,0,0.20100000177414476,0.1796263934834086
SG_017393,1,0.12629510813171088,0.12527438338133173
SG_017394,0,0.21078032501583296,0.19373249788573246
SG_017395,0,0.1705155902503623,0.17119516424481163
SG_017396,0,0.14811319262233652,0.1678246847096603
SG_017397,0,0.13134753943770286,0.14480647999212212
SG_017398,1,0.13074210874789685,0.10330825497507018
SG_017400,0,0.2684833311071514,0.26947695579292524
SG_017401,1,0.3205319292696988,0.29267489653369305
SG_017403,0,0.1387709982970952,0.1507160124848138
SG_017404,0,0.19176425033453856,0.14373841905716217
SG_017407,0,0.09643347515830814,0.06761836242175509
SG_017408,0,0.16435273123387917,0.12443483225441307
SG_017409,0,0.20844107805560033,0.18730309283131558
SG_017410,0,0.16106154278518697,0.10325127268020873
SG_017411,0,0.12576680856729222,0.18141144528426292
SG_017412,1,0.16791114682344307,0.1461583451564023
SG_017413,0,0.12175318030776115,0.1303858335893977
SG_017414,0,0.16928436512997821,0.2043239677132881
SG_017415,0,0.10519357752900825,0.146379462698524
SG_017417,0,0.1283884862331618,0.1302127506491645
SG_017418,0,0.1597193818177877,0.18246736401711752
SG_017420,0,0.15009049795399115,0.15398761171040493
SG_017422,0,0.15676563413339487,0.14450113003468595
SG_017424,0,0.1933753351794675,0.19348077344762357
SG_017426,0,0.1453362085211471,0.1434304591449549
SG_017427,1,0.16549454900002902,0.1124990654975702
SG_017429,1,0.1722072257451687,0.14996283710583178
SG_017430,0,0.19344815594583292,0.1478808406124299
SG_017433,1,0.2668721822074494,0.22136246756599984
SG_017434,0,0.18404025047246148,0.11696063622131232
SG_017435,0,0.22588091681896505,0.20810752461395413
SG_017436,1,0.13199517639887592,0.132048870938545
SG_017437,0,0.15985664824588192,0.16959110290999824
SG_017440,0,0.14074289329670175,0.12311001146795929
SG_017441,0,0.16722306543533505,0.15551452134384414
SG_017442,0,0.16235159366077975,0.13702200102099937
SG_017443,0,0.18078576491848858,0.24076338709306166
SG_017444,1,0.2534209782775141,0.2031840139666416
SG_017446,0,0.2414681708648315,0.22562755444556037
SG_017447,0,0.16390843219390655,0.08811965650140205
SG_017449,1,0.1779803533172505,0.190564510432726
SG_017450,0,0.25311771820128437,0.21317438034044361
SG_017451,0,0.14872025737840464,0.15442524940349422
SG_017453,0,0.1362206259119037,0.1707501537574343
SG_017455,0,0.15487508516253373,0.12397862106757596
SG_017456,0,0.1579630742866891,0.1666437254630196
SG_017459,0,0.19529763809152229,0.22447849177642387
SG_017460,1,0.12008124023248337,0.10946882401469561
SG_017461,0,0.1470882687690307,0.13802301512520496
SG_017462,1,0.12940730000548553,0.08560247837140604
SG_017463,0,0.20774946131240757,0.1949318264614624
SG_017468,1,0.14307556477459293,0.1253817973145489
SG_017469,0,0.17381992448964434,0.14787120154258265
SG_017470,0,0.19764371270806091,0.1978137323483995
SG_017471,0,0.14922753383405982,0.14785887113127713
SG_017472,0,0.1538486593003231,0.17602575617503632
SG_017473,0,0.16902206604668618,0.12752335769366352
SG_017474,1,0.13446092179309765,0.06920650716864513
SG_017476,0,0.1622156447163246,0.2030962881313456
SG_017477,0,0.32025701864655665,0.28052875004183386
SG_017478,0,0.11197716508134023,0.1271683091694603
SG_017483,0,0.16448201019395886,0.14536300480140424
SG_017485,1,0.16591332157900754,0.15647166856189504
SG_017487,0,0.17608003307976053,0.1840230692888106
SG_017488,0,0.16106154278518697,0.10296181715423602
SG_017489,0,0.17142349810827487,0.17447195427595547
SG_017490,1,0.23098842874932107,0.23860991985079824
SG_017491,0,0.18699718493734774,0.1833377040354258
SG_017492,0,0.12947389385572974,0.12087220482886687
SG_017493,1,0.3344289105770337,0.2961287678167588
SG_017494,0,0.18576450138701775,0.14219036071975946
SG_017495,0,0.13815326975997577,0.1300645013145836
SG_017496,0,0.135850675562924,0.1013454873945269
SG_017497,1,0.3051679544323045,0.25063281815617333
SG_017498,0,0.17464624310452553,0.2010584770431148
SG_017499,1,0.1658247588631402,0.19045468382329694
SG_017500,0,0.10835993035086083,0.14524336139002553
SG_017502,0,0.1498685801209298,0.12026819080141755
SG_017503,1,0.24467979684071625,0.25489559093914593
SG_017505,0,0.12815564305851604,0.13033674581077065
SG_017506,0,0.13708390644904012,0.13515534589957998
SG_017508,0,0.12704280872705453,0.11237542013187841
SG_017510,0,0.12387925397432833,0.15057603077222265
SG_017511,0,0.16619103647942213,0.1513583041416518
SG_017512,0,0.1753044910525663,0.20632817694434252
SG_017515,0,0.28367452542094135,0.2143484924122814
SG_017517,0,0.16619560050725807,0.11823797396475529
SG_017519,1,0.1997733847374629,0.24183070895799516
SG_017520,0,0.17521985274907417,0.22912138044945354
SG_017522,0,0.1918112999326422,0.1572115726292172
SG_017523,0,0.13317833541261023,0.11753642925503872
SG_017524,0,0.16447787770275862,0.09537089210004221
SG_017525,0,0.19854696897328195,0.17789112337736912
SG_017527,0,0.16675809477230297,0.11808249006342358
SG_017528,0,0.16106154278518697,0.0826940861719232
SG_017530,0,0.1759065911024554,0.19009662064787422
SG_017531,1,0.22878364627720563,0.19530236791861275
SG_017533,0,0.29910429298347224,0.2669126897159558
SG_017534,0,0.18701396699634937,0.21673984354579487
SG_017536,0,0.15137839413025797,0.15872931069428758
SG_017539,1,0.09309054603867514,0.10908094249415216
SG_017540,0,0.27193988514426476,0.2169749656588278
SG_017541,0,0.12534338564491793,0.13128561519063311
SG_017543,0,0.17007120125274997,0.13607652955009622
SG_017544,0,0.13147565567411226,0.15158492846295768
SG_017546,0,0.13991129144182132,0.14441900745056402
SG_017547,1,0.20934726902818643,0.18801629162050162
SG_017548,0,0.16634773167679023,0.13171739172862768
SG_017550,0,0.16106154278518697,0.16067736363441637
SG_017551,0,0.16106154278518697,0.15635737450580953
SG_017552,0,0.259795735594597,0.22205417149251855
SG_017553,1,0.1834872714068435,0.12356867001121748
SG_017554,0,0.14409796213932155,0.15314104034595777
SG_017555,0,0.16643343965295013,0.15624310357574023
SG_017556,0,0.18397362491070388,0.2026630788697028
SG_017558,0,0.17808978242292312,0.16982590710126516
SG_017561,0,0.15074726111382913,0.15948702713841117
SG_017564,0,0.11340897607289854,0.11726085642972493
SG_017566,0,0.23761324818848845,0.24398041504013204
SG_017567,0,0.21295875453753982,0.21319973225899677
SG_017568,1,0.23340962960350073,0.2034055430802565
SG_017569,0,0.12296933997985882,0.14775375791226372
SG_017570,0,0.15696279058250556,0.15481713346435447
SG_017571,0,0.15470681572711517,0.17554965447133467
SG_017573,1,0.2153151513451063,0.2648654247302469
SG_017574,0,0.17089680556865197,0.20065635899761064
SG_017576,0,0.19135907979374592,0.3459470734187522
SG_017582,0,0.16458563482656202,0.16341169639129746
SG_017583,0,0.11216393366856034,0.12409988436034099
SG_017584,0,0.17923108037796587,0.27076513700704113
SG_017585,0,0.21329115801321633,0.23036061953676995
SG_017586,1,0.10057526080046954,0.06763842644693775
SG_017587,0,0.23923305362501238,0.29002789604000406
SG_017588,0,0.10846287516838908,0.13334181309909693
SG_017591,1,0.16610708984065123,0.16061456591484788
SG_017592,0,0.11522572058729388,0.14459106012730413
SG_017593,0,0.1728786462481592,0.17356743464537194
SG_017595,1,0.16645790106274574,0.15916933081400664
SG_017596,0,0.27292806063391367,0.2502546294577887
SG_017598,0,0.1307440465425963,0.11710057683624787
SG_017599,1,0.1559938713044382,0.19087950257175998
SG_017600,1,0.13973004639819112,0.11620277547266973
SG_017601,0,0.15290268763253853,0.16650231460743603
SG_017602,0,0.17668598296788518,0.21791042553804038
SG_017603,0,0.1689209162319299,0.2163650795825983
SG_017608,1,0.16230694153831093,0.16909598439897636
SG_017609,0,0.2163882830749138,0.24226389556812233
SG_017610,0,0.1777641556289994,0.21614320752827626
SG_017612,0,0.12096575821590616,0.128923203237939
SG_017613,0,0.16869676587634058,0.14618709725518594
SG_017614,0,0.13105314976993945,0.12137793637810534
SG_017618,0,0.14330809903064906,0.1554169035653962
SG_017619,0,0.18065163561911973,0.17815881247527451
SG_017620,0,0.29881845277155794,0.18419078849085033
SG_017623,0,0.18163953944276554,0.260459379501319
SG_017624,1,0.11144052592916834,0.1480578553891174
SG_017625,1,0.1836481859791779,0.14634000913829454
SG_017626,0,0.1842905179318113,0.23482875648295498
SG_017627,0,0.1870526834458035,0.3268931582139888
SG_017628,0,0.1489018546732318,0.16049415689425323
SG_017631,0,0.12311484149080962,0.13307021561123464
SG_017632,0,0.17290512718057563,0.16831324056385463
SG_017633,0,0.0855277004604407,0.1382324892925419
SG_017635,0,0.24175912035803626,0.16546679418630925
SG_017636,0,0.11904240846957459,0.15828553081564536
SG_017637,0,0.11786140887749672,0.15190688549154371
SG_017638,0,0.14014659957382442,0.13565253673225555
SG_017640,0,0.10193025989831729,0.1122408809180414
SG_017641,0,0.17867257058113914,0.183176379092256
SG_017643,0,0.23528972346808597,0.20672468106158867
SG_017644,0,0.15150875530041297,0.1959246674268244
SG_017645,0,0.16595236607780295,0.14456145842526003
SG_017647,0,0.20116098630309198,0.19850478724823353
SG_017648,0,0.18953389188520753,0.20751643021586913
SG_017649,0,0.17158752889008796,0.18920186740990336
SG_017650,1,0.12815822999961027,0.1561184371049047
SG_017651,1,0.16201890792122922,0.18342503856923856
SG_017652,1,0.18464779147467203,0.17378093443185483
SG_017653,0,0.12999208453487646,0.12175046574906594
SG_017654,0,0.1076772592378381,0.08892752893478732
SG_017655,0,0.15363450007951002,0.13896413474435662
SG_017656,0,0.43762087105062564,0.42836641448068524
SG_017659,0,0.15578884968615447,0.1772675463602744
SG_017660,0,0.26533615332494603,0.25769350216611897
SG_017661,0,0.11552203017376711,0.13116885252959004
SG_017662,1,0.10537993158034809,0.1033660725526639
SG_017663,0,0.22988146673296375,0.22109793917766488
SG_017664,1,0.13431650697462494,0.208482648676707
SG_017665,0,0.14922978591069203,0.11556369474155473
SG_017666,0,0.22054619554696744,0.22783002691703885
SG_017668,0,0.17024189153080732,0.16411364173573226
SG_017669,0,0.19912113129901973,0.1490647102096804
SG_017670,0,0.15882446219775065,0.1632745643999567
SG_017671,0,0.1723407417564388,0.1499066168007457
SG_017672,0,0.19046731790357702,0.1675071685952309
SG_017675,0,0.17204428749735043,0.19777329539849386
SG_017676,0,0.17632706555820407,0.2166607036566755
SG_017678,0,0.12214646125290829,0.13225575232000147
SG_017680,0,0.16595236607780295,0.10338787807315776
SG_017681,0,0.16628471472200437,0.18005505330066218
SG_017682,0,0.11413595123395977,0.1357742278755123
SG_017684,0,0.14679438560010852,0.13533125830988377
SG_017685,0,0.07298034745082833,0.12236628226220186
SG_017686,0,0.1438457251370391,0.17679912462192562
SG_017688,0,0.11264398685883652,0.11892253960285415
SG_017690,0,0.1625820043733451,0.18931343622780386
SG_017692,0,0.17969945913429097,0.1649513275588328
SG_017694,0,0.1645853312740674,0.11890563555474484
SG_017695,0,0.1432049809597144,0.1466360523739731
SG_017698,1,0.13134526879865713,0.17250445368509093
SG_017699,0,0.17212680213008671,0.16101345254768462
SG_017700,0,0.15078557346842045,0.15673409234371727
SG_017701,0,0.17178936377337456,0.216692974457401
SG_017704,0,0.10362366159432317,0.1526929126935278
SG_017705,0,0.21186815675686377,0.16895137072166475
SG_017706,1,0.19467787989655097,0.2959368672115229
SG_017707,0,0.3220626438748942,0.2808455622419253
SG_017708,1,0.1733667573385687,0.2028152195790738
SG_017710,1,0.20397024629443508,0.19410949624078483
SG_017711,0,0.15065560253498606,0.14694064693831502
SG_017712,0,0.10731895232320544,0.13781786760579626
SG_017713,0,0.15423844614471288,0.2034505355120191
SG_017716,0,0.17180180752500132,0.18925642086116376
SG_017717,0,0.16570742397589572,0.15709435211350103
SG_017720,0,0.29096942107770357,0.24103278663039138
SG_017721,0,0.15642973123629336,0.18181758580556306
SG_017722,0,0.1371425030499419,0.14557635869723606
SG_017723,0,0.1636163606775925,0.1724074350289941
SG_017724,0,0.2719900749798239,0.27861428244932684
SG_017725,0,0.19759984135568473,0.24440217445887383
SG_017726,1,0.18009677094929746,0.18458509074734522
SG_017727,0,0.20748258353751664,0.20270956892533487
SG_017730,0,0.1969066071812536,0.28846763919914337
SG_017731,0,0.23677444722222774,0.16739373320975076
SG_017732,0,0.12204716194984039,0.08940723126833117
SG_017733,0,0.2756389600014914,0.20715065763626814
SG_017734,0,0.20578861528764478,0.25881037374057925
SG_017735,0,0.13047091901866997,0.12375788150163146
SG_017736,0,0.11885344713455943,0.08460294729965645
SG_017737,1,0.1565239814740489,0.1461674565466097
SG_017738,0,0.19759812274759303,0.2062827032203262
SG_017740,0,0.30212649745412645,0.2211717959320599
SG_017741,0,0.12840860841519747,0.10866268926861894
SG_017742,0,0.16397464566513878,0.17558490019672576
SG_017744,0,0.19751252377924136,0.23204108185904074
SG_017747,1,0.1709270770288332,0.21582186645455453
SG_017748,0,0.135610469226181,0.07855767377936124
SG_017751,0,0.1719987098592996,0.1725397294049327
SG_017752,0,0.13031055485902981,0.10170028016541036
SG_017753,0,0.11923092506499662,0.12812111517381403
SG_017755,1,0.3218367991387821,0.23631871851413017
SG_017756,0,0.1528265870976559,0.14630369551257913
SG_017758,0,0.16514267741508498,0.17402499306252417
SG_017759,0,0.09863829231226447,0.08181799865350893
SG_017761,1,0.18333120747856677,0.19191019665504588
SG_017762,0,0.1659291390810785,0.1590311826996056
SG_017763,0,0.12693020736489,0.16660211120423593
SG_017764,0,0.13844964596953063,0.14692611038263534
SG_017765,0,0.23671741492843618,0.1799297187054106
SG_017766,0,0.29148644878916213,0.17408475747682808
SG_017767,0,0.18085789318789305,0.20079422714108455
SG_017768,0,0.16926047034344643,0.11171748838517165
SG_017769,1,0.1426955023764023,0.12245674945399555
SG_017770,0,0.16924637922034533,0.1487435175361722
SG_017771,0,0.16690998288289102,0.1733679587226377
SG_017772,0,0.12321811357911594,0.14377290835569917
SG_017773,0,0.31785580927112883,0.29843309270284696
SG_017779,0,0.18197779196044342,0.19195875207751734
SG_017780,0,0.17405957561837432,0.20352286182647666
SG_017783,0,0.24985323244535018,0.18418902113771116
SG_017784,1,0.18940613252531507,0.27209805002307774
SG_017785,0,0.16259368780289757,0.0982888457197804
SG_017786,0,0.1482365235610731,0.136294774266093
SG_017787,0,0.11681537982342939,0.12500296395983143
SG_017788,1,0.15071006512647442,0.19104159658143685
SG_017790,0,0.16907191614403985,0.2069466703612429
SG_017791,0,0.14736588087173327,0.12261836317705874
SG_017792,0,0.12364847981152971,0.1557887952197215
SG_017793,0,0.1592263658694928,0.17124107621461637
SG_017794,0,0.11610109665925916,0.12059902447360467
SG_017796,0,0.12585169176030772,0.15342104274488913
SG_017797,0,0.11636040038548434,0.12537917300595142
SG_017799,0,0.16740320332042724,0.14872927546390918
SG_017800,1,0.19839408870200756,0.15647353943743852
SG_017801,0,0.14708381403956539,0.121654561930908
SG_017802,0,0.1519148051841321,0.15155233277816693
SG_017803,0,0.2539778666464345,0.2142135955368512
SG_017804,0,0.17648679022124303,0.15176394037136803
SG_017805,1,0.24387598262540325,0.17107958682756189
SG_017806,0,0.1385202029760423,0.1430904670831234
SG_017807,0,0.1631851010551034,0.11694301547455171
SG_017808,1,0.2664235881238643,0.2485531943572709
SG_017809,0,0.1801538383283355,0.18878661566879085
SG_017810,0,0.17167295723477527,0.17237627562708277
SG_017812,0,0.12954501368462107,0.12467504232713501
SG_017813,0,0.23441506381462063,0.23570429205794727
SG_017814,1,0.2011341165605677,0.13871153555756507
SG_017815,0,0.14079055271173432,0.17926095783708182
SG_017816,0,0.10862552158101098,0.11107627118828342
SG_017818,0,0.1572008908211084,0.13739167298668237
SG_017820,0,0.17088981199249478,0.20609427486011436
SG_017821,1,0.16603121168783405,0.1368144986604077
SG_017823,0,0.16375860807850962,0.1676002153031785
SG_017824,0,0.13173198137389275,0.18578834235304673
SG_017825,0,0.10805889763476954,0.10525582684454701
SG_017826,0,0.12099224179338745,0.12890218038074208
SG_017828,0,0.15178033572987273,0.16772118135288572
SG_017829,0,0.1378576810619646,0.15969421884377485
SG_017831,1,0.1654841127087679,0.14461378219128757
SG_017833,0,0.1392839195112489,0.15029314741420638
SG_017835,1,0.21176208398986218,0.20018767876070134
SG_017836,0,0.16669440115436496,0.13186939880598297
SG_017837,1,0.15294285040114824,0.17923941573733057
SG_017839,0,0.22866289069471385,0.20388142925665872
SG_017841,1,0.24917634864134217,0.2451158179720643
SG_017842,0,0.12819481998628465,0.15694972433517754
SG_017843,0,0.1401624019683207,0.10728600754013726
SG_017844,0,0.10339630075190452,0.11209739844953955
SG_017845,0,0.2431994442868527,0.2375718376353505
SG_017846,0,0.2112864770863942,0.20186343749357955
SG_017848,0,0.12391510894702912,0.12108381385996898
SG_017849,0,0.19947676922536453,0.19518478547530624
SG_017850,1,0.1622459850501087,0.15861118233349766
SG_017852,0,0.2373044665452363,0.21154831084553957
SG_017853,0,0.11435060560051548,0.1276016843291945
SG_017854,0,0.18888445009882904,0.1818856011576616
SG_017856,0,0.17705237243984084,0.19863026663657202
SG_017857,0,0.13046334331624215,0.0773880966380725
SG_017858,0,0.16714666798715486,0.16221765088622198
SG_017859,1,0.1400349429539642,0.10687769845678682
SG_017860,0,0.15726746593241533,0.2598429153299561
SG_017861,0,0.1449978114383978,0.11758429257899093
SG_017863,0,0.16497250477135922,0.11930915916523666
SG_017864,0,0.1543779181696661,0.16176193530685468
SG_017868,0,0.13848311541127337,0.13796218156066398
SG_017869,0,0.14298467271805873,0.1603708524973101
SG_017870,0,0.16106154278518697,0.06969550920608313
SG_017871,0,0.1402643991360777,0.16590596483022327
SG_017872,0,0.17411891099818788,0.176095371884686
SG_017873,0,0.1560974799917775,0.1722113865222766
SG_017874,0,0.25807261497680223,0.22475438085343302
SG_017875,0,0.10561607745226316,0.11236613636033006
SG_017876,0,0.2612207564821351,0.20796850540445233
SG_017877,0,0.16764837532638696,0.1118817753956935
SG_017883,0,0.27695285934416586,0.30521896837973506
SG_017884,0,0.15164295259990093,0.16546488968747994
SG_017885,0,0.230960109584513,0.18481063698993638
SG_017887,0,0.14612506284881008,0.17731140177479446
SG_017890,0,0.16636197383422643,0.17606961093892315
SG_017891,0,0.14611732147008666,0.12828553667349402
SG_017892,0,0.16412090685949815,0.14514485312146946
SG_017893,0,0.11188429872912162,0.13181563467389118
SG_017894,0,0.13191115931638206,0.1652970592956618
SG_017896,1,0.17923926997301196,0.1999172769741589
SG_017897,0,0.16000766235662858,0.12573344134222447
SG_017898,0,0.3246511045047251,0.3021263526917684
SG_017899,0,0.18423333750761772,0.19339304137241659
SG_017901,1,0.12205851949350778,0.1434027620352078
SG_017903,0,0.11319619553158883,0.15245149962793492
SG_017904,0,0.17026428755954198,0.1419651345856559
SG_017905,0,0.09744434189218083,0.08621525830105237
SG_017906,0,0.1769188847658226,0.18684467326349785
SG_017908,0,0.22975913750594262,0.2545211856143371
SG_017911,0,0.1476501453496414,0.16878039512975662
SG_017912,0,0.17353304124595295,0.20730315373338662
SG_017915,0,0.15576688987278303,0.19208671735263752
SG_017916,0,0.18697350888451258,0.24070809561975115
SG_017921,0,0.1726140700881992,0.21827057445065975
SG_017922,0,0.14090088826906555,0.1666686315185485
SG_017923,0,0.13295741885320855,0.13120202888360227
SG_017924,0,0.20441805820879458,0.1671789406787945
SG_017925,0,0.19457102893321285,0.19401892981541913
SG_017926,0,0.16106154278518697,0.11447196057760332
SG_017927,0,0.154242323363987,0.12237053840897054
SG_017928,1,0.10551697423454874,0.08607008532356705
SG_017929,0,0.3299719527354671,0.24972968667774373
SG_017930,0,0.12439601070006234,0.12453993394832769
SG_017931,0,0.16889273092794727,0.16212193078955553
SG_017932,0,0.049167682160663084,0.06095131905793448
SG_017933,0,0.18962629324814315,0.2347492721676445
SG_017934,0,0.13842337556596188,0.11323856235478413
SG_017935,0,0.155727699695628,0.1716270581227073
SG_017937,0,0.15654067025250842,0.15179651277076295
SG_017939,0,0.10409653542128064,0.12126354467007365
SG_017940,0,0.30884231659403966,0.2514858098127285
SG_017941,0,0.238165715520707,0.1871257121461339
SG_017942,0,0.16106154278518697,0.09429438436141284
SG_017943,1,0.10893191832261159,0.08520821710804796
SG_017944,0,0.22334550154122934,0.23962263454600477
SG_017946,0,0.12085014682818512,0.10824499171480766
SG_017948,0,0.16934470243160812,0.22152427692863955
SG_017950,1,0.16635103184007585,0.18468367417147555
SG_017951,0,0.1302008185420177,0.10352502132724058
SG_017952,1,0.2432429029224418,0.30619923285824385
SG_017953,0,0.1333256028364314,0.08689979682640855
SG_017954,0,0.3570190401228677,0.2340844977564882
SG_017955,0,0.1528884444059713,0.19407354706326263
SG_017957,0,0.16666094211741656,0.11956368557856878
SG_017959,1,0.11083707475418912,0.1252853357513332
SG_017961,0,0.16942414218244134,0.17497075965905382
SG_017962,0,0.17283507387217903,0.1967618738744052
SG_017963,0,0.1733279255839265,0.1926770736938674
SG_017964,0,0.145931963678246,0.13543583808153978
SG_017966,0,0.28565427407426874,0.24688553444182657
SG_017967,0,0.23644815207009193,0.28114793907887287
SG_017968,0,0.1761556925747462,0.15478062671700166
SG_017969,0,0.18078238982423722,0.21221462091256024
SG_017970,0,0.1487269121433522,0.17613669303756208
SG_017972,0,0.16355870274296894,0.11678581471825862
SG_017974,0,0.18198639528185548,0.19207791304722424
SG_017975,0,0.1691499223116711,0.15944530427046458
SG_017976,1,0.16430262197164502,0.09821647649507681
SG_017977,1,0.17378288512988788,0.16275176251670795
SG_017979,1,0.19419874247522176,0.21903689126097955
SG_017980,0,0.1459198241009559,0.1716424563165954
SG_017982,0,0.15475248911345038,0.15715727799406018
SG_017983,0,0.06183003393187012,0.06081593325446891
SG_017984,0,0.11908460161500699,0.12830888601918206
SG_017986,0,0.18503359462214308,0.16631969955539586
SG_017988,1,0.18813936297762257,0.1907142117644727
SG_017989,0,0.2851613521417272,0.2526443540864183
SG_017990,0,0.1753046502856922,0.19858847676799188
SG_017993,0,0.1879120342200144,0.1948469469749531
SG_017994,0,0.16681491889778782,0.18117629571649863
SG_017995,0,0.20502887231700215,0.21316037731956938
SG_017996,1,0.12058143174665958,0.13708114544248096
SG_017997,0,0.17278765974012086,0.18044488999251093
SG_017998,0,0.14057996971646475,0.1382682876325015
SG_017999,0,0.16270790457816947,0.1514404312085961
SG_018000,0,0.1557612169402592,0.15813965366803287
SG_018001,0,0.14015229871585674,0.158231428934909
SG_018004,0,0.15485656115869637,0.14471123032678632
SG_018006,0,0.10130637626718546,0.10084005770391759
SG_018007,0,0.18781686906093023,0.22216958856699862
SG_018008,0,0.15419782725051676,0.1188708330789039
SG_018009,0,0.19436514798606644,0.24780419252920238
SG_018010,0,0.1936636782755918,0.2333845193393184
SG_018011,0,0.11923014354602238,0.10018676244973969
SG_018012,1,0.11724550284086926,0.1298569088311899
SG_018013,1,0.1444090758968622,0.13974144889248966
SG_018018,1,0.07967723098014527,0.10939128756166569
SG_018019,0,0.13935755634808505,0.19894374174410454
SG_018020,0,0.17262178360347374,0.21583979903773046
SG_018021,1,0.1547490305450997,0.12402175546275163
SG_018022,0,0.1877324359648869,0.19879055163309173
SG_018023,0,0.11543178398438436,0.11502467539709452
SG_018025,0,0.16584363836203084,0.09906297317004893
SG_018026,0,0.13560199082387508,0.10599716515238541
SG_018027,1,0.16612015876879363,0.19664347822941594
SG_018029,0,0.215756891769336,0.20520292513718588
SG_018030,0,0.15082954452522424,0.14620547263277905
SG_018031,0,0.16986932231271623,0.18378930901417215
SG_018034,0,0.18526601134881612,0.12209350580855585
SG_018035,0,0.14586418456327593,0.15994898423185033
SG_018036,0,0.10994546238697267,0.10849729721249972
SG_018038,0,0.18504988513627144,0.20547098843556882
SG_018039,0,0.13058671223970036,0.09585141076495095
SG_018041,0,0.16017326347342906,0.16634922558310436
SG_018043,0,0.19814099470286994,0.19268549386745507
SG_018044,0,0.147378538567992,0.14350791163219812
SG_018045,0,0.09119836251301497,0.08632362642537485
SG_018047,0,0.16734058320541595,0.15786199493644085
SG_018048,0,0.1570843026861711,0.15617983078144437
SG_018049,0,0.227744776498841,0.1737523488151277
SG_018051,0,0.16532666061071022,0.14799302010724733
SG_018052,0,0.16012464502719484,0.1748922681553827
SG_018053,0,0.09561641814245243,0.0756477635253768
SG_018054,0,0.19673049238324727,0.1618661678356811
SG_018057,0,0.23629631412839344,0.21795133800101446
SG_018058,0,0.1554214181514655,0.174873583702539
SG_018059,0,0.1617449459916769,0.1648951026838974
SG_018060,0,0.17321276908456176,0.16230447442019916
SG_018062,0,0.16217427408269533,0.15964905961671735
SG_018065,0,0.10322070119990302,0.11931660252986538
SG_018066,0,0.17114888825376642,0.1944534342893529
SG_018068,0,0.1307803131413835,0.12828581560407193
SG_018069,0,0.16106154278518697,0.07556255716006238
SG_018070,0,0.1341102248285997,0.12436076778099653
SG_018071,0,0.2004447139606936,0.15186708551155237
SG_018075,0,0.13382329334446658,0.17859618024395565
SG_018077,0,0.15266467769538017,0.18724310756272844
SG_018078,0,0.17105963161297716,0.20605703007123302
SG_018079,0,0.20840299785431568,0.22554228155237976
SG_018081,1,0.18148138534797928,0.26582948779761095
SG_018082,0,0.16106154278518697,0.12171527940084
SG_018083,1,0.22135985369881497,0.17791535879541795
SG_018085,0,0.18461278344213844,0.17235785891408542
SG_018086,0,0.1277009794025046,0.15545899859240114
SG_018087,0,0.1943905253373643,0.2097605749006484
SG_018089,0,0.14457102540631292,0.154821045064458
SG_018091,0,0.22934456506464018,0.1836694140306456
SG_018093,0,0.1821228390536887,0.14205439899050204
SG_018095,0,0.19738924199233704,0.23267315345769352
SG_018097,0,0.16106154278518697,0.14019295640417515
SG_018098,1,0.18633601930198052,0.1996385283048243
SG_018099,1,0.1780915721298686,0.20103658979052758
SG_018101,0,0.2365821906858075,0.21475171232952794
SG_018102,0,0.16106154278518697,0.12055479815322806
SG_018103,0,0.16751132452264708,0.1469473045287837
SG_018104,0,0.1108021910335706,0.10725806865492314
SG_018105,0,0.15336954213502116,0.16193435045051205
SG_018106,0,0.16276318905655815,0.09736935964757243
SG_018107,0,0.16533598475039535,0.16113416174807058
SG_018108,0,0.2141156954690369,0.2379227291247311
SG_018110,0,0.14053497459181405,0.16355220785779012
SG_018112,0,0.1813548834646457,0.17447393441447429
SG_018113,1,0.10835240681281029,0.10561704373975846
SG_018114,0,0.18934667994275586,0.2420053570419008
SG_018115,0,0.14224149978341302,0.1585117954883089
SG_018116,0,0.16972911086009887,0.1570354897185171
SG_018117,0,0.1523021508345162,0.21873055241743916
SG_018118,0,0.16679765118070278,0.15306438080386342
SG_018119,0,0.21577538221563877,0.17336792686717656
SG_018121,0,0.16241446110079544,0.20627095176082302
SG_018122,1,0.16223936590097607,0.17859626553576247
SG_018123,0,0.09739498949929076,0.09743724453597608
SG_018126,0,0.15446336022675977,0.13645189966768434
SG_018127,1,0.17226696650712756,0.1358224183099054
SG_018128,0,0.19372618513170864,0.2157690101771109
SG_018129,0,0.17994730922895893,0.17319415569578991
SG_018131,0,0.308509612435905,0.2205013919411205
SG_018133,0,0.1955851710559864,0.18814954670399497
SG_018135,0,0.14107656170701413,0.13726679051895188
SG_018136,1,0.19213118857640502,0.327837956249317
SG_018137,0,0.28911210865036613,0.2692683592792731
SG_018138,0,0.169470856824769,0.1641420780277495
SG_018139,0,0.15643833006177948,0.15861460392642537
SG_018141,0,0.17414089230027596,0.17874949559594153
SG_018142,0,0.12902519091831607,0.1496264221130115
SG_018143,0,0.12068486808167904,0.10251587230797113
SG_018145,0,0.13151790495563612,0.12135999517715942
SG_018147,1,0.11678988757148358,0.15435639878131402
SG_018148,0,0.2390237751757739,0.2154150442756589
SG_018149,0,0.23549163129617035,0.21396234181255502
SG_018151,0,0.11153133175313408,0.10181618361925877
SG_018152,0,0.10683542858962472,0.1197465454195526
SG_018153,0,0.16412963890512267,0.1384529567809694
SG_018156,1,0.1691863807087188,0.1856275356892706
SG_018157,0,0.13318356129065284,0.13694640893577228
SG_018158,0,0.1656197981208841,0.1533353476246258
SG_018159,0,0.16106154278518697,0.09306179265364418
SG_018161,0,0.17278427491188997,0.15550346885376978
SG_018162,0,0.24427736737798614,0.24715673570705146
SG_018163,0,0.09324816563491085,0.09190183539213474
SG_018164,0,0.12198190645288737,0.15564180060644112
SG_018167,1,0.13658178707383106,0.13929541170773233
SG_018168,0,0.14987967134482266,0.15255767751671062
SG_018169,1,0.2570842232202694,0.19547253511417806
SG_018171,0,0.33198081606602686,0.25422235725077874
SG_018172,1,0.23190810263554393,0.17777592460917527
SG_018173,0,0.09334989344810624,0.09430560158748243
SG_018176,0,0.1171320786429657,0.14501178053720085
SG_018177,0,0.15240072823802647,0.15164701391436528
SG_018179,0,0.21236438411203434,0.16240663244882295
SG_018180,0,0.24505757674283773,0.21491873741076956
SG_018182,1,0.1429552910951336,0.12593908768278148
SG_018183,0,0.16595236607780295,0.12884988738169384
SG_018184,0,0.1654464271240252,0.13054390250862072
SG_018185,0,0.1911576906123187,0.14991101112674968
SG_018187,0,0.15474075366782414,0.15160529333940023
SG_018189,0,0.1524586476957148,0.1709891136681491
SG_018190,0,0.18450791819973242,0.22248132609100746
SG_018191,0,0.1316916228574377,0.1895751679032161
SG_018192,1,0.27550959679749754,0.32541637195289425
SG_018193,0,0.13506641347350318,0.15684744274472792
SG_018194,0,0.16259368780289757,0.14574629203460854
SG_018196,1,0.16961987153163088,0.17361522260989426
SG_018197,0,0.16699876784914724,0.14629205939569478
SG_018199,1,0.16600788430364155,0.15242828679817721
SG_018200,0,0.15948197583295518,0.18020435073583935
SG_018202,0,0.17020119830601682,0.14713844115607172
SG_018203,0,0.21621786942516807,0.2200563477473551
SG_018204,0,0.1063243371759445,0.12711715682298683
SG_018205,1,0.17186660750868551,0.18702972211399904
SG_018207,0,0.12088471297565351,0.12087714370442713
SG_018209,0,0.188225988114183,0.16070473856658185
SG_018210,0,0.1573979169226313,0.1514610180760499
SG_018211,1,0.28083082053158115,0.2613377515419246
SG_018212,1,0.3357622277068161,0.3015829375432403
SG_018213,0,0.10594190177621488,0.11580984075694144
SG_018217,0,0.14176971895068777,0.16274233522135675
SG_018218,0,0.1585767416838992,0.24045681381653516
SG_018219,0,0.1710527853243909,0.19011908032218794
SG_018220,0,0.19364452367819335,0.1793437940537763
SG_018222,1,0.11477489190650317,0.10813201038269024
SG_018223,0,0.1923162501800978,0.1979217607133691
SG_018225,0,0.19671255946878907,0.1883071747157667
SG_018226,0,0.09687423651707495,0.09830158048961657
SG_018227,0,0.13805297479155146,0.13887624623309208
SG_018230,0,0.22844891250195132,0.1832830259519993
SG_018231,0,0.27347119726094155,0.3062454811363867
SG_018232,0,0.16595236607780295,0.1347367192307119
SG_018233,0,0.1326070122291136,0.13424521091080488
SG_018234,0,0.29337361022320907,0.24254620425910747
SG_018235,1,0.15120714193536047,0.15215925359082064
SG_018236,0,0.07317826428272475,0.05554265805913217
SG_018237,0,0.21993910202847905,0.22006633018503166
SG_018239,1,0.3519800601923031,0.29061881400343514
SG_018240,0,0.20009382882979465,0.17786442340913297
SG_018242,1,0.24156895363995212,0.2592272050901041
SG_018243,0,0.1592106083841229,0.14715125122788744
SG_018244,0,0.06007445064005191,0.0872132035766228
SG_018245,0,0.17034487862548114,0.13505775391017028
SG_018248,0,0.18454865740824494,0.19639304206165006
SG_018249,0,0.18247483282879542,0.21293145157724708
SG_018250,0,0.13425644302183148,0.11725038964424207
SG_018251,0,0.16470957981842296,0.15737919523929267
SG_018254,0,0.15559651373679328,0.22566525946727786
SG_018255,0,0.11306385245644865,0.12563668622702814
SG_018256,1,0.1775724167801003,0.178397889572249
SG_018257,0,0.17514497405271096,0.1568761919355993
SG_018258,0,0.13678264613041174,0.1970119111662943
SG_018260,0,0.1723297917001989,0.17615660271873176
SG_018262,0,0.1699641148578807,0.21921543042836358
SG_018264,0,0.12310459314238367,0.11701233083072139
SG_018265,0,0.12425121282723445,0.11760451726416177
SG_018267,0,0.16796831331461318,0.1624474017518485
SG_018268,0,0.1315658801883699,0.1168598391959305
SG_018271,0,0.12901822999579138,0.12220189049240437
SG_018272,0,0.14641518428079034,0.2307286341710149
SG_018273,0,0.17899585179858693,0.1579867418391774
SG_018274,0,0.1540299904798858,0.14980353297685778
SG_018275,0,0.1279305878025167,0.13806362479332998
SG_018277,0,0.14111594894199475,0.17042000339822763
SG_018279,1,0.18360014790336215,0.2395464422652812
SG_018280,0,0.12527883369237108,0.14314214345142143
SG_018283,0,0.18541942811282988,0.16432657394468198
SG_018285,0,0.15996713146490055,0.1616351663409935
SG_018288,0,0.27333343308000135,0.18334803663652194
SG_018289,0,0.10545087012120236,0.09947179196617037
SG_018290,1,0.1875124409078277,0.2623096540393548
SG_018291,0,0.1035370839181969,0.14996799288654503
SG_018292,0,0.22432140223436678,0.16964775474366478
SG_018293,0,0.1364166337001102,0.12813177516052648
SG_018295,1,0.10550706677659723,0.11496607372450011
SG_018296,0,0.1731766693142336,0.22206157264985302
SG_018298,1,0.16637803052970987,0.11017345060753209
SG_018299,0,0.24063489464500248,0.20321291258512164
SG_018300,1,0.12816121676161638,0.11327485017914177
SG_018301,0,0.268869666452169,0.2280468521333979
SG_018302,0,0.1736218345956859,0.1634571463608801
SG_018304,0,0.22997523161364283,0.2452399054290975
SG_018306,0,0.14432023667570976,0.1610168719147078
SG_018308,0,0.19940052578290815,0.1835511699823691
SG_018309,0,0.18162849019890356,0.1397580959273156
SG_018310,0,0.2328720427562383,0.22610445460654338
SG_018311,0,0.16259368780289757,0.08342412604804057
SG_018313,0,0.08940649410144481,0.11427422877506704
SG_018314,0,0.19307682312414295,0.24204872473228833
SG_018315,0,0.17216534378120513,0.21752583161671565
SG_018317,0,0.1915328596697648,0.22146615081470614
SG_018318,0,0.10877949359941118,0.09809020194742424
SG_018319,1,0.2569437685241303,0.15206988121509157
SG_018320,0,0.2724264992535444,0.25724224006598223
SG_018323,1,0.1670384925217464,0.13874204658388004
SG_018324,0,0.2018151240148498,0.17060101648511267
SG_018326,0,0.16106154278518697,0.14409733154777035
SG_018328,1,0.233536169405092,0.23342202215399496
SG_018329,0,0.18784629653688897,0.2050836637432301
SG_018331,0,0.1642525895201695,0.15093509859385335
SG_018332,0,0.15347074481555625,0.17826425145723945
SG_018333,0,0.16604041324351929,0.14046391943171277
SG_018335,0,0.16773531496817468,0.14321899537350444
SG_018337,1,0.1702121965620847,0.18413859139953692
SG_018339,0,0.17597679187240786,0.214051504592823
SG_018340,1,0.17435826025940113,0.23838511387477018
SG_018343,0,0.11193927547299316,0.10777774719569932
SG_018344,0,0.16259368780289757,0.09108730297090938
SG_018345,0,0.18461361328509998,0.1509493060225693
SG_018346,0,0.15975917377457324,0.12014171478275072
SG_018349,0,0.15881116751952973,0.16071811300787925
SG_018350,0,0.2517135778573747,0.19226226204763122
SG_018352,0,0.14086712799330067,0.1263925016576434
SG_018353,0,0.09796286412118015,0.10184684612709224
SG_018354,0,0.17052121587523383,0.15652003005777243
SG_018355,0,0.18111091566661086,0.22685022305033498
SG_018356,0,0.17520077199619732,0.20339022622343306
SG_018357,0,0.16519667311958303,0.18861775569412736
SG_018358,0,0.122020239108779,0.12714693783511236
SG_018359,0,0.11276283801900765,0.12463719966696027
SG_018362,0,0.2882352675144668,0.2371655916652326
SG_018363,0,0.1975599991878081,0.2271177652315588
SG_018365,0,0.15311383790659927,0.1525107800789908
SG_018367,0,0.1376316686205991,0.13436528275635348
SG_018369,0,0.17126243915008854,0.1736994059081906
SG_018370,0,0.18334894395720147,0.18946176818429517
SG_018371,1,0.25072108708553037,0.22552179470370806
SG_018373,0,0.2541372550361146,0.22940681969314738
SG_018374,0,0.17026599953705765,0.19950137295526832
SG_018375,0,0.1816065737667849,0.1669255836687916
SG_018376,0,0.1711189533942091,0.16952708313229392
SG_018377,0,0.0935414324970623,0.09449528668301223
SG_018378,0,0.11521467872358994,0.11457466339484962
SG_018380,0,0.33522578869380804,0.3122696423308279
SG_018382,0,0.17800138716171415,0.1348627608921835
SG_018383,0,0.16259522824017222,0.09562901927391314
SG_018384,1,0.13760864231836858,0.13700224662808574
SG_018385,0,0.14185898867991067,0.11748005108665505
SG_018389,0,0.16506988186168745,0.12597971578847184
SG_018390,0,0.09713081481104323,0.12485785087436416
SG_018391,0,0.18622097430691315,0.2721831568156633
SG_018392,1,0.17177515632681065,0.15168238983654123
SG_018393,0,0.16604041324351929,0.12480263605796557
SG_018395,0,0.31751583900627334,0.21282110087934897
SG_018396,1,0.16860326998132455,0.16884835857379138
SG_018397,0,0.1728307342394894,0.1739173661052176
SG_018398,1,0.13876228917249378,0.12342361482234511
SG_018399,0,0.12864494481929076,0.15983513686403836
SG_018400,0,0.16106154278518697,0.07055075393069463
SG_018401,0,0.17983363063505828,0.20356085555719047
SG_018402,0,0.1769394133760312,0.22020274404662535
SG_018403,0,0.28193299625060975,0.22569586898593733
SG_018404,0,0.15276727498776976,0.15986384647086752
SG_018405,1,0.23386907298399645,0.21639123138020916
SG_018406,1,0.15538390576973327,0.1467284609198161
SG_018408,0,0.17385884554192357,0.21021795437999533
SG_018409,0,0.17424817188779884,0.18649165831359363
SG_018412,0,0.12921623199544882,0.11910947371263057
SG_018413,0,0.1680340688890388,0.1372033721052373
SG_018414,0,0.19388462221752362,0.17266597899616726
SG_018415,1,0.21764154989466986,0.25208398625884204
SG_018416,0,0.13328313358895122,0.08706892214187428
SG_018419,0,0.08791287838851296,0.10769524598232637
SG_018421,0,0.14392017056513798,0.1711507883951915
SG_018423,0,0.19197762653864978,0.19728162299274554
SG_018425,0,0.10758131397159518,0.09529774178020882
SG_018428,0,0.16106154278518697,0.09713738343321188
SG_018429,0,0.14394163765055812,0.16784160554340813
SG_018431,0,0.10932854128481631,0.15996613630717887
SG_018432,0,0.11029519541477267,0.08982933814967677
SG_018435,1,0.1509158670594191,0.1848276600232177
SG_018437,0,0.11665708076887664,0.13866727282327837
SG_018438,0,0.17157392227418478,0.13640453606847913
SG_018439,0,0.1638738149614017,0.2125105238827576
SG_018440,1,0.17869516976834826,0.19727981491236807
SG_018443,0,0.18359588687137088,0.17557105518100594
SG_018444,0,0.183693571593004,0.16148931573474082
SG_018446,0,0.1743069156003433,0.16888631494633222
SG_018447,0,0.2577871735050322,0.214753340189163
SG_018449,0,0.1807344869910769,0.1627785939852827
SG_018450,0,0.15017957568881643,0.11753466879159102
SG_018451,1,0.16259368780289757,0.10645069642233107
SG_018453,0,0.1544638849458895,0.1420983993682498
SG_018454,0,0.2725365036286638,0.27543371619437895
SG_018456,0,0.15792841953780903,0.13185497092041124
SG_018457,1,0.32397793522604956,0.20315877956881906
SG_018459,0,0.15600779138440612,0.16879691148149215
SG_018460,0,0.14404502588129695,0.15443653928047638
SG_018461,0,0.2418888175796333,0.2239347568131671
SG_018463,1,0.16852196560677882,0.18442727242227663
SG_018464,0,0.13862073759384447,0.14753234051744687
SG_018465,0,0.12785989954959948,0.11747572188110875
SG_018466,1,0.09477294998967976,0.11321074590140705
SG_018467,0,0.10417715416357161,0.1339362535437986
SG_018473,0,0.09067293732330717,0.06768918755077266
SG_018475,0,0.18431772047745654,0.14026323260333257
SG_018477,0,0.12447124097203477,0.1130945740216396
SG_018478,0,0.1764915589292079,0.1701117275196182
SG_018479,0,0.16680240468560706,0.14927945041006688
SG_018480,0,0.15440480711192045,0.12585375055755965
SG_018482,0,0.152508491327908,0.16366194316307828
SG_018483,1,0.13757544493226917,0.13824604619166492
SG_018484,1,0.13859855441674013,0.1359221157190555
SG_018486,0,0.17897779255639176,0.1876360671987684
SG_018488,1,0.14456841557607172,0.1287966307931209
SG_018489,0,0.15404569931816792,0.15039128185911455
SG_018492,0,0.14311823604896462,0.16671460319949302
SG_018495,0,0.11271542555488735,0.0970827150748202
SG_018496,0,0.06956008913948125,0.06669297879736978
SG_018498,0,0.07557071854931033,0.09085961494157742
SG_018499,0,0.18142061924110717,0.18076698592956644
SG_018500,0,0.2008641889400875,0.186368377895144
SG_018502,0,0.15945231806970178,0.15914393754211187
SG_018504,0,0.16954680154616517,0.17252932517426675
SG_018507,0,0.17371457216751204,0.23490589095785508
SG_018508,0,0.1487229016887415,0.15117253969950314
SG_018509,0,0.10643518214644168,0.11778048084761117
SG_018512,0,0.261375649146878,0.31567741416217193
SG_018513,0,0.2325467245158213,0.2247895156269881
SG_018515,0,0.20000384290621864,0.197200659740251
SG_018516,0,0.29490450712609173,0.2507019059568871
SG_018517,1,0.17019087628728927,0.17015201946228586
SG_018518,0,0.20917144143013588,0.2619506971205631
SG_018521,0,0.1687857782513123,0.1567278152423293
SG_018522,0,0.15082453335190957,0.15054120079753033
SG_018523,0,0.26492449901376425,0.14887417425804952
SG_018527,0,0.17280471982571635,0.18854322700616427
SG_018528,0,0.2122318177627639,0.23687644861073537
SG_018530,0,0.09471089845030072,0.12068143662019551
SG_018532,0,0.13527762673471272,0.13727417542225653
SG_018533,1,0.12422371541078427,0.1354522293669624
SG_018535,0,0.16747535488227577,0.20275829644637774
SG_018538,0,0.22527154810832004,0.18465371163861197
SG_018539,0,0.08355074251500812,0.07391186698840099
SG_018540,1,0.21197937426299654,0.2045877461360654
SG_018541,1,0.17072075082903485,0.1616016318298428
SG_018542,0,0.17014376566927425,0.15477588611636509
SG_018545,1,0.14467006742825295,0.12779843427983434
SG_018546,0,0.12479454072859981,0.1307640758553498
SG_018550,0,0.13724748574938056,0.11721540917408396
SG_018551,1,0.20248465969988677,0.18083850729279813
SG_018552,0,0.2557343309454929,0.3122326927213118
SG_018554,0,0.17401341331838666,0.19158682803051272
SG_018556,0,0.16390024346507817,0.21579514540573516
SG_018557,0,0.15956455359519373,0.15418441357828103
SG_018559,1,0.22327622938431885,0.2475921481949141
SG_018560,0,0.18422178862540425,0.14847692784542768
SG_018561,0,0.16885014877477106,0.17077415592087158
SG_018562,0,0.16470562244867998,0.090881916115284
SG_018563,0,0.14326183672876966,0.14714749225070095
SG_018564,1,0.18449761604725698,0.18431906783565644
SG_018565,0,0.12465709788847824,0.13675414585094697
SG_018567,0,0.08143580587453854,0.10334213627659893
SG_018570,1,0.10976844081539765,0.11352814769561084
SG_018571,0,0.14883826293313612,0.09976265361196528
SG_018572,1,0.17543536668895293,0.18473425305265395
SG_018574,0,0.1125403081771362,0.10099751988979047
SG_018575,0,0.15944688849435082,0.1475549419314135
SG_018577,0,0.1525399596436004,0.14692785834429467
SG_018578,0,0.18261788661824574,0.22829753779953632
SG_018580,0,0.16590618788899145,0.1748555066853846
SG_018581,0,0.10548051393011569,0.12646769558343013
SG_018582,0,0.10103079842936888,0.09521840832201127
SG_018583,1,0.16680850495417113,0.1647726462165936
SG_018584,0,0.16605138531097885,0.18180993401926576
SG_018585,0,0.17044254457005284,0.15543396532167963
SG_018586,0,0.13289666579840134,0.14998385545945908
SG_018588,0,0.08007909373562486,0.07870337943590637
SG_018589,0,0.13254692022673323,0.13555775809865597
SG_018590,1,0.2343365210042781,0.22668166845212476
SG_018592,0,0.08799131396257036,0.11558988630190925
SG_018593,0,0.09136206663537189,0.11476615299868592
SG_018595,0,0.1652541734995157,0.20019877369599226
SG_018596,0,0.13643262439451403,0.157201147437658
SG_018597,1,0.2466032635688474,0.2765979681176337
SG_018598,0,0.17560866339834721,0.21570542768845402
SG_018599,0,0.17005644758738708,0.15762723974954884
SG_018600,0,0.19809776501379997,0.2281327622644949
SG_018602,0,0.1461843745558896,0.15986591599534122
SG_018604,0,0.13628742638497035,0.10351398438067914
SG_018605,0,0.1574921492463685,0.14985854700503246
SG_018606,0,0.2157474812798747,0.17913708559819352
SG_018607,0,0.16942422309667807,0.16946883560447865
SG_018609,0,0.18282120839636232,0.17193252949062418
SG_018610,0,0.13363730964538115,0.1421838365708233
SG_018613,0,0.12605605711093815,0.09907577525194206
SG_018614,0,0.16526970224185625,0.15244136582933832
SG_018616,1,0.1724881448917685,0.1405940617321802
SG_018618,1,0.16840538178104164,0.20347274711064806
SG_018619,1,0.16710038851750128,0.15680620231106357
SG_018620,0,0.15138722209044297,0.16600459682026322
SG_018622,0,0.12476809967382181,0.13552360237551722
SG_018625,0,0.13958816576209362,0.11759250377939443
SG_018626,1,0.15887493213945134,0.14751658221296635
SG_018627,0,0.24450208797882936,0.2212161213396164
SG_018628,0,0.1525122666132591,0.17595464239050176
SG_018629,0,0.13709456859023286,0.18940925769081315
SG_018630,0,0.12360127071815866,0.13493269821651213
SG_018632,0,0.16421939850676187,0.11172513528627383
SG_018633,0,0.2271833305382725,0.2199028792896051
SG_018634,0,0.2334594323420551,0.2742158337558285
SG_018635,0,0.16633717359646402,0.13247065154434434
SG_018638,0,0.11313437229214382,0.11784578688516716
SG_018640,0,0.17781060784810912,0.20864342352461931
SG_018641,0,0.10912901661184007,0.12291480218961744
SG_018642,0,0.1002145355131672,0.11596160567908853
SG_018643,1,0.180102081727923,0.18468391760855501
SG_018646,0,0.17521536117445752,0.15823762665044983
SG_018648,0,0.13665782778587968,0.10898791878656093
SG_018649,0,0.1885466803923799,0.2572433677538159
SG_018652,0,0.23109717144910438,0.29245116792301046
SG_018653,0,0.16106154278518697,0.04921919926326686
SG_018654,1,0.16407748375508122,0.09308014577420345
SG_018655,0,0.16390843219390655,0.10408563496191592
SG_018656,0,0.18308459203014302,0.1995031184147796
SG_018657,0,0.17346878681881445,0.17143969430501707
SG_018658,0,0.16514788209041895,0.13951695254056157
SG_018659,0,0.1762355202621175,0.1962411752381239
SG_018660,0,0.14346808371448314,0.1299281554387747
SG_018661,0,0.17433181982832344,0.22718235180535382
SG_018666,1,0.2224085824264067,0.1677763511899595
SG_018667,0,0.2364962621866513,0.2456072202376119
SG_018668,0,0.1315514220424249,0.14974370887648594
SG_018669,0,0.16627200875604012,0.15037656971625518
SG_018671,0,0.12245600939092598,0.14914437035323577
SG_018672,0,0.09474854937226247,0.11016206280968678
SG_018673,0,0.10765877337432302,0.11430293999649849
SG_018674,0,0.0867733767416791,0.0810553560154563
SG_018675,1,0.24181784791667243,0.22946406527150143
SG_018679,0,0.20049246581994232,0.16457322478183872
SG_018681,0,0.17285999875936514,0.17841523685257316
SG_018682,0,0.11135981796503196,0.11402028941841862
SG_018683,0,0.09029414356186242,0.07657908972300115
SG_018684,0,0.18160587863866148,0.17774386435774972
SG_018690,0,0.1137299157556273,0.12137017506465025
SG_018691,0,0.1791133654663709,0.18335304096454627
SG_018692,0,0.3582902023091052,0.2754267755539406
SG_018695,0,0.2565476357616569,0.3205086246235857
SG_018696,1,0.17238818479748028,0.18493087159425436
SG_018698,0,0.11235691471043983,0.1354795753322664
SG_018699,1,0.1862881428268955,0.23175374467225532
SG_018700,0,0.16711454661673728,0.1540771197474101
SG_018701,0,0.1351154252632544,0.1399039558498121
SG_018702,0,0.08702715479190519,0.09856908995410739
SG_018704,0,0.2079944577884115,0.18324742392384766
SG_018706,0,0.14580295204253568,0.11409473222671132
SG_018707,1,0.14365677594183088,0.142793700859302
SG_018708,0,0.16259368780289757,0.08174505803800189
SG_018712,0,0.16179647991026616,0.2094128550029956
SG_018713,0,0.16106154278518697,0.101998647943053
SG_018714,0,0.10270829116426215,0.08977672332635718
SG_018715,0,0.16477152288351007,0.17363051464277007
SG_018716,0,0.16017408545043774,0.1892075638561652
SG_018718,0,0.16494192452205683,0.17532524917882403
SG_018719,0,0.13642441287239263,0.12569956200128754
SG_018720,0,0.2514919302245509,0.24287215610528
SG_018723,0,0.17995354180551137,0.30825394573148146
SG_018724,0,0.2046298289452321,0.14915984862513298
SG_018725,1,0.27795242386375824,0.27095864799135533
SG_018726,0,0.16106154278518697,0.06865540088237394
SG_018727,0,0.09491976946808414,0.10042089624903917
SG_018728,0,0.18932651428603017,0.183920407270831
SG_018729,0,0.17572484273411954,0.16232235741098147
SG_018730,0,0.19295383919908346,0.1422692431503726
SG_018732,1,0.17047383508962355,0.15111823312912623
SG_018734,0,0.1440838380914015,0.16427331167495068
SG_018735,0,0.16632372938110324,0.13674663857110628
SG_018736,0,0.14486877112131932,0.11327127902568435
SG_018737,1,0.260911086846531,0.1867428111627162
SG_018739,1,0.21428829544875846,0.20459788995652042
SG_018740,0,0.16462119510207845,0.16802606653842153
SG_018741,0,0.1521228792435261,0.18752755003308935
SG_018742,0,0.16944272197229734,0.17585493673731847
SG_018743,1,0.10842549158135595,0.13349572254210698
SG_018746,0,0.14238462070154237,0.19962193880245307
SG_018747,0,0.09795343905941628,0.11283399526061393
SG_018749,0,0.16807307469663818,0.15287849860831904
SG_018750,0,0.23673302878944716,0.2664089232574774
SG_018751,0,0.18406386653157955,0.20424850052290403
SG_018752,0,0.18431070332845026,0.18716692722227043
SG_018753,1,0.19214720395481513,0.1860350203648077
SG_018754,0,0.11115991885311088,0.14023973502235174
SG_018755,0,0.1339461233186592,0.1438528158330386
SG_018757,0,0.1673782442608135,0.15913872982685878
SG_018759,0,0.13115305592818896,0.10421902230531897
SG_018760,0,0.15497552446734744,0.1563720620276064
SG_018762,0,0.1470477094248652,0.14015335908747842
SG_018763,0,0.12551984396404886,0.13043474694172538
SG_018764,0,0.17080225171267732,0.18013052317466544
SG_018769,0,0.14776106106710937,0.14242169817030506
SG_018771,0,0.10284018559152475,0.10604448311358781
SG_018772,0,0.18184588265432114,0.15029163619472818
SG_018773,0,0.12331707637909929,0.15559374218832359
SG_018774,0,0.11129295142587779,0.10706719668776855
SG_018775,0,0.16394745358278928,0.19043437885543282
SG_018776,1,0.22545735659930458,0.2210613258170847
SG_018777,0,0.17661895252113582,0.1791155685976241
SG_018778,0,0.15194766869544207,0.1526835020495834
SG_018780,0,0.19583636016112038,0.16488426268329145
SG_018781,0,0.16259368780289757,0.09428261502045522
SG_018782,0,0.1414634744714874,0.11994194528024865
SG_018783,0,0.1501658081314041,0.208843274231926
SG_018784,0,0.1037076699126905,0.1033883755686716
SG_018785,0,0.17014148509613708,0.15368756704505915
SG_018786,0,0.21194898286968203,0.22939428276216725
SG_018790,0,0.10102634666276038,0.10001124728813213
SG_018794,1,0.14682580540579027,0.19063137925820653
SG_018795,0,0.08646769497158577,0.09949756315640133
SG_018796,0,0.14460183455448367,0.1455161292115182
SG_018797,0,0.22962598399128498,0.1925486458773251
SG_018801,0,0.19761568112192954,0.18812033443974416
SG_018802,1,0.20616322813719057,0.17347073895255932
SG_018804,0,0.11758361508220273,0.1417331931041937
SG_018805,0,0.1647229572066826,0.16090915409023018
SG_018807,0,0.12239959936698956,0.10489890523455452
SG_018808,0,0.15113661342736293,0.21065726356257525
SG_018810,0,0.20684817779516157,0.19281390158539255
SG_018812,0,0.16664743003286053,0.18466263014340134
SG_018813,0,0.14087021930882415,0.17677361765929703
SG_018814,1,0.14329607490749038,0.13571232222708549
SG_018815,0,0.1405505713114247,0.1410001725890188
SG_018816,0,0.18371137737866897,0.21674011184191655
SG_018819,0,0.1442164908463721,0.14571005444803162
SG_018820,0,0.15521886354039574,0.19849068663697927
SG_018824,0,0.132713704889298,0.14847178819398205
SG_018825,0,0.14427244137442544,0.22429163763552334
SG_018827,0,0.17648654999355282,0.17669524022954988
SG_018828,0,0.13976701320010024,0.15641238468308247
SG_018829,0,0.2652119085838394,0.2702409494216553
SG_018830,0,0.18164270851902894,0.2312968308011501
SG_018832,0,0.13534123097313824,0.09209729697448862
SG_018833,0,0.1246470767959136,0.14307996596007294
SG_018835,0,0.2511395297528431,0.2520562937678805
SG_018836,0,0.17405168110901548,0.13713887775800054
SG_018839,0,0.13379711969993235,0.13666464374569157
SG_018840,1,0.17749239182408258,0.22000692469128114
SG_018841,0,0.10184121835368756,0.13938666536252203
SG_018844,1,0.265242305604242,0.2806778288826862
SG_018845,0,0.13987251074669896,0.13923763470339615
SG_018846,1,0.2762373711449927,0.25630322420234136
SG_018848,0,0.1989488765168898,0.15080209717980367
SG_018849,1,0.20587117165812174,0.23809912084596666
SG_018851,0,0.11850606978297751,0.1628193911218986
SG_018854,0,0.16106154278518697,0.11519751703715357
SG_018855,1,0.17305868182624265,0.20837559793362048
SG_018856,0,0.10459962569681562,0.10205407457965412
SG_018857,0,0.20126955360626086,0.1803062243506626
SG_018858,0,0.2127142221099698,0.13191504626987982
SG_018860,0,0.22210482126465503,0.23746512024411015
SG_018862,0,0.18876905866861446,0.18590754589446448
SG_018863,0,0.16106154278518697,0.10268089178658789
SG_018864,0,0.13893700780785675,0.14372237423436493
SG_018865,0,0.16407748375508122,0.12641119110920196
SG_018866,0,0.20053833368615911,0.21415557705225804
SG_018867,0,0.19445948180203704,0.18178869859010943
SG_018868,0,0.08905694834690944,0.09916937434950278
SG_018869,0,0.15342368279866522,0.12746664601051316
SG_018870,0,0.19417063365215395,0.18727936840397444
SG_018871,1,0.20116604897507465,0.18151051653014838
SG_018872,0,0.10212674551887596,0.09205588733044481
SG_018873,1,0.1011660404299331,0.1178739666497718
SG_018874,0,0.17326078552770932,0.14757467584310824
SG_018876,0,0.14305270108065718,0.14167775806388838
SG_018877,1,0.1743645789092071,0.14689535039864457
SG_018878,0,0.25140776075124216,0.23452121909851037
SG_018879,0,0.16259522824017222,0.09737582935330213
SG_018880,1,0.1829643837253708,0.19138827084577217
SG_018881,1,0.13842731642368242,0.1315047938115094
SG_018882,0,0.16079116243890693,0.15958356781442043
SG_018884,0,0.17210327159382321,0.19784706545785188
SG_018886,0,0.16106154278518697,0.10742444388299312
SG_018887,0,0.16595236607780295,0.15301532353391875
SG_018888,0,0.1486133351307956,0.16558302815719028
SG_018891,0,0.12663835699485482,0.13435657649571806
SG_018892,0,0.11977694122871434,0.1276518863754084
SG_018893,0,0.22082509004072726,0.20562841870415616
SG_018896,0,0.10414093562853004,0.09846572420561378
SG_018897,0,0.155736116810743,0.1790011077139944
SG_018898,0,0.17529623165417718,0.179505660421995
SG_018900,0,0.16693944827740032,0.13011569645310764
SG_018903,0,0.20489613578609606,0.2425754553467726
SG_018909,0,0.17837736029175288,0.16227803403414223
SG_018910,0,0.11136704181488633,0.0934416770907454
SG_018911,0,0.22437267675638922,0.21093087464648586
SG_018912,1,0.1473321153271982,0.1719233641392616
SG_018913,0,0.12472161268411429,0.13669267226348145
SG_018914,0,0.1467705094380964,0.18513900188922586
SG_018916,0,0.14731390012272402,0.1468574799515977
SG_018917,0,0.16423087958699656,0.1406827494382962
SG_018919,0,0.2401344347237905,0.18247913215024936
SG_018921,1,0.35492830219152527,0.2844589629477748
SG_018922,1,0.25790244150292635,0.21542451425607514
SG_018923,0,0.19584984466529667,0.17929992199314984
SG_018925,0,0.2421842042590013,0.2302714090150025
SG_018926,0,0.20028630462568198,0.18101073435394333
SG_018927,0,0.1439279931814885,0.14167633710428015
SG_018929,0,0.12517968239485733,0.12195042598956113
SG_018930,1,0.3366130046431044,0.2737266380196289
SG_018931,0,0.1649770419563865,0.10813038472875001
SG_018932,0,0.18159519995059742,0.15899407293168905
SG_018933,1,0.16676175060885157,0.14938483931081065
SG_018934,0,0.15243538502624146,0.15111865720220155
SG_018935,0,0.16259368780289757,0.1501135808204308
SG_018936,1,0.15240696624332348,0.1929818941787997
SG_018937,0,0.14563421555906159,0.138179950230973
SG_018938,0,0.18029226186133987,0.1737551372445486
SG_018939,0,0.1338009406965936,0.12587014389606682
SG_018943,0,0.17398038880900094,0.22873933037403324
SG_018944,0,0.19427713149962286,0.15957734773093935
SG_018945,0,0.16965054038505278,0.1725807244233296
SG_018946,0,0.1847835333334747,0.1877189880453282
SG_018947,0,0.12060827663773489,0.12310908915753699
SG_018948,0,0.20978653250306367,0.1977792095954273
SG_018949,0,0.30106876662703075,0.25749746137621177
SG_018950,0,0.14618200975792775,0.1453676354370183
SG_018951,0,0.1182516092191191,0.12860364106247285
SG_018952,1,0.1442873754477783,0.1629179223908246
SG_018953,0,0.13040032123527573,0.1613074961782433
SG_018954,0,0.2108227987210883,0.1843386296249135
SG_018955,0,0.2312153438757701,0.23139260461681063
SG_018956,0,0.13800587020298527,0.08819211667436822
SG_018957,0,0.11679578507104456,0.1173825003702998
SG_018958,0,0.137821583915867,0.13744002487742857
SG_018959,0,0.173231391249137,0.16339375083074723
SG_018960,0,0.13071407191917114,0.12070702847534258
SG_018961,0,0.16858150967478822,0.15053983918553898
SG_018962,0,0.1658997599387109,0.20825542706823832
SG_018963,0,0.21227279896747445,0.22119372178457444
SG_018964,0,0.16500500198430088,0.1357096482970043
SG_018967,0,0.18377886839037585,0.23152492814584838
SG_018969,0,0.184007825282452,0.22482150494352504
SG_018971,0,0.1381742674320538,0.1329130084295271
SG_018973,0,0.15269254903053045,0.17208088464976357
SG_018974,0,0.23957307526365657,0.2664463410361892
SG_018975,1,0.13963943883243618,0.14277485205618426
SG_018976,0,0.13415586921473888,0.17154668779023666
SG_018977,1,0.13717444226871145,0.1257874276577355
SG_018979,0,0.1427740218037042,0.14501680507195364
SG_018980,0,0.09465468923768744,0.09426132601250639
SG_018982,0,0.11310697056867079,0.0772404566403752
SG_018983,0,0.1436000973357527,0.15994779865671446
SG_018985,0,0.17959316470057932,0.18109201446428208
SG_018986,0,0.11087033762184323,0.10167439596760888
SG_018987,0,0.16162565243954205,0.16485265755263614
SG_018988,0,0.16901731580986,0.21278083775349854
SG_018989,0,0.14464251834888153,0.1351005103042169
SG_018991,0,0.18640263093512013,0.1961252191894065
SG_018992,0,0.12168748807875458,0.07541457667630817
SG_018993,0,0.1771341815078433,0.22053641970887372
SG_018994,1,0.1749018999687152,0.18790827412973007
SG_018995,0,0.12685796942158487,0.1350185737163713
SG_018996,0,0.16106154278518697,0.0803158923850945
SG_018997,1,0.17347104617131165,0.23387743482815176
SG_018998,0,0.11653644848993211,0.12103382804771516
SG_018999,1,0.16020601485171335,0.19370569081825467
SG_019000,1,0.17540223429711221,0.18575503759973208
SG_019001,0,0.26485641308681646,0.24229106008497772
SG_019002,0,0.3420401018626711,0.3114665959848079
SG_019003,0,0.13399068639441883,0.13526444553539982
SG_019004,0,0.15637459108576207,0.19144944898922583
SG_019005,0,0.17648925881117883,0.2173607939060533
SG_019007,0,0.14645270014515138,0.11657298616483316
SG_019008,0,0.11624447519452709,0.13562095512056727
SG_019009,0,0.1489785575907972,0.1833228938447776
SG_019010,1,0.09154586272691405,0.1051123858952006
SG_019011,0,0.1481198502492236,0.15862552803738353
SG_019013,0,0.1321667846614314,0.08606161599019893
SG_019017,0,0.18200496270895072,0.18670485955841296
SG_019020,0,0.1791093813537728,0.20167637772091587
SG_019021,0,0.2917617659000082,0.2767498293254963
SG_019022,0,0.16999983293041676,0.1508379067602272
SG_019024,0,0.13369464680007634,0.16026314010613094
SG_019025,0,0.12588099480106985,0.11933105557551597
SG_019026,0,0.13075921689645448,0.11881790912324654
SG_019027,1,0.18669086827249873,0.1849799386392843
SG_019029,1,0.2475316693235357,0.20075304620562245
SG_019031,0,0.213992228285547,0.1933440627597792
SG_019032,0,0.14351937130087603,0.153480985534793
SG_019033,0,0.19783740607200598,0.2222013122170474
SG_019034,0,0.16028106819863075,0.22016239570880738
SG_019035,0,0.1609864354234324,0.16259678798997224
SG_019037,0,0.0993469048099225,0.12798978183545334
SG_019040,1,0.1939864581120328,0.17530521745765215
SG_019043,0,0.16893410118756416,0.18844484014318075
SG_019045,0,0.10347017808185785,0.09569513841282533
SG_019046,0,0.1675599493277512,0.13921802639471256
SG_019047,0,0.16106154278518697,0.09546526440311835
SG_019048,0,0.18226680693253866,0.16023153256965617
SG_019049,0,0.15886057575127804,0.14023476433522947
SG_019050,0,0.1708518635952066,0.16371381704595045
SG_019052,0,0.3091578903763006,0.2544522372008212
SG_019055,0,0.17194837549577227,0.15546483489493812
SG_019056,0,0.1622577217041574,0.17547294011288495
SG_019057,0,0.20312617943973169,0.21705497408494015
SG_019059,1,0.20528188293853503,0.20062792949426186
SG_019060,0,0.12536312244857825,0.10569636627368044
SG_019061,0,0.18260089866057796,0.21531819004666866
SG_019062,0,0.16106154278518697,0.06984128938667007
SG_019063,1,0.17900313851541946,0.2572029742214264
SG_019064,0,0.20353481326523792,0.20994303695469752
SG_019065,0,0.09705733687957711,0.09178731262386727
SG_019066,0,0.16495476567615386,0.1101396352565596
SG_019067,0,0.16259368780289757,0.11969147554488348
SG_019068,0,0.0854864432381983,0.06412858117658171
SG_019070,0,0.12796543957955978,0.12289695294626982
SG_019072,1,0.21055689112789294,0.1881239903046963
SG_019073,0,0.18050862922574898,0.17118045446305113
SG_019074,0,0.16873066767577902,0.15559285457945043
SG_019075,0,0.24136303830826236,0.2303641849556352
SG_019076,0,0.15248806339579762,0.13530918453847346
SG_019077,0,0.13224732175668494,0.11146687816720426
SG_019078,0,0.12248856292181642,0.1263593806742761
SG_019079,0,0.16834934216247963,0.19775839070087126
SG_019080,0,0.16582189206326206,0.1687980638413808
SG_019081,0,0.20476887459183987,0.20506728368803165
SG_019085,0,0.12825001354912868,0.13496023350488756
SG_019086,0,0.1323681958593283,0.13243294850360998
SG_019088,0,0.16608735967573315,0.12040904843329638
SG_019089,0,0.11389667867882619,0.14223982173944286
SG_019090,0,0.13475527812868623,0.15482096685646843
SG_019091,0,0.11464970855474695,0.11382620196352346
SG_019093,1,0.1851964069462576,0.19168220233763253
SG_019094,0,0.13046334331624215,0.07784141736989462
SG_019095,0,0.19198942915591097,0.2028478716588459
SG_019096,0,0.15858405884530025,0.13545385768175552
SG_019097,0,0.16413378747492435,0.12686188562008624
SG_019099,0,0.16106154278518697,0.15771513821140917
SG_019100,0,0.17067721996033217,0.1706434619413438
SG_019101,0,0.20473223127441062,0.21757153169585433
SG_019103,0,0.2558678080874014,0.22938599693720044
SG_019104,0,0.13645110015807752,0.13588652206175153
SG_019107,0,0.18589407424831023,0.20568442440148055
SG_019108,0,0.3143585681457314,0.28013811868253674
SG_019110,0,0.16528734755014604,0.17735318129213748
SG_019111,0,0.16901430856887062,0.14926318073354897
SG_019112,0,0.17408382445605303,0.20418751113306793
SG_019113,1,0.19506092495019609,0.20728077551871282
SG_019114,0,0.17334037438084998,0.16093927290625115
SG_019116,0,0.1180480297515803,0.12651697655026317
SG_019118,0,0.21892302057964766,0.2398692370641391
SG_019121,0,0.16638090215143195,0.1605892701639628
SG_019122,0,0.18582850866443917,0.1883886655441153
SG_019123,0,0.16259368780289757,0.08716772186968957
SG_019124,1,0.17029819561472875,0.18404798821681
SG_019125,0,0.14145176280211058,0.12775534501645297
SG_019126,0,0.16259368780289757,0.14017616576721875
SG_019127,0,0.1262530732107477,0.13572086061441016
SG_019128,0,0.2816220223407229,0.24094803435683917
SG_019129,0,0.20020009503901004,0.20516504075824887
SG_019130,0,0.14605192119480628,0.18620079659407954
SG_019132,1,0.17782289387729674,0.1257474144987529
SG_019133,0,0.16697663964026876,0.13331548881167654
SG_019134,0,0.16662949034239413,0.15134937393104073
SG_019135,0,0.16819366986182063,0.15396213051531304
SG_019136,0,0.12905737438600293,0.1000434282544725
SG_019137,0,0.16106154278518697,0.07533813296320163
SG_019138,0,0.2087511178456914,0.2205709665303877
SG_019139,0,0.1600388380189573,0.19923719826336286
SG_019140,1,0.19675115874594237,0.1975435315354945
SG_019141,0,0.13535125361428074,0.1411400252516141
SG_019143,0,0.16259368780289757,0.1133015431427011
SG_019144,0,0.21126964790672528,0.14687709658748202
SG_019145,0,0.22343989075856888,0.1827342683973255
SG_019148,0,0.25138903556533027,0.218652941836893
SG_019151,0,0.2198157195001115,0.23273048313945607
SG_019152,0,0.1291343555345498,0.10117014717537824
SG_019153,0,0.16479016219508144,0.18089536210500057
SG_019154,0,0.16930557905355936,0.20187650503537552
SG_019155,1,0.17442038660965165,0.1684294938819707
SG_019156,0,0.15897771214944,0.11052409287204105
SG_019157,1,0.12734128485267465,0.1133727875089879
SG_019158,0,0.1423079045004467,0.1645404877186566
SG_019159,0,0.17849366647775344,0.23248899427744227
SG_019160,0,0.1441828618375908,0.21656537806211604
SG_019161,0,0.17212368440282078,0.14646928975007062
SG_019163,0,0.11019927958877516,0.09804783885170323
SG_019164,0,0.16787929172031205,0.2125033236837777
SG_019165,1,0.24619068046250922,0.238571887246016
SG_019166,0,0.16630816681992008,0.1549719666538057
SG_019168,1,0.16398402482354563,0.18013412562311534
SG_019170,0,0.23085180590759366,0.2046163162684272
SG_019172,0,0.2555678099760375,0.18105314713529408
SG_019173,0,0.16680798624163828,0.16121229012046923
SG_019174,0,0.1792417362336215,0.15588073555523896
SG_019175,0,0.16416767358156328,0.15786641016794725
SG_019177,1,0.21137140717467523,0.26306034945133916
SG_019178,0,0.18248225348858305,0.15564353474944959
SG_019179,0,0.161887295708287,0.16062565641119092
SG_019180,0,0.2179318151991301,0.20013869339205484
SG_019181,0,0.1705424425412185,0.16881047381147882
SG_019182,1,0.1305670384866519,0.1312951997807071
SG_019183,0,0.19255685412234752,0.19351103820862625
SG_019185,0,0.21217638544630033,0.2319572039232368
SG_019186,0,0.18151246878487703,0.168128313347386
SG_019188,1,0.15881328392729352,0.16484912204028648
SG_019189,0,0.2054618396315755,0.22722089791237662
SG_019191,0,0.18126772590340853,0.16537247910876668
SG_019192,0,0.2241603216111673,0.24585919640922502
SG_019193,0,0.2291724764755652,0.18735175048841865
SG_019194,1,0.21961244474912428,0.21443093925922024
SG_019195,1,0.16106154278518697,0.1199673414119509
SG_019196,0,0.17110425900010207,0.21837555808895154
SG_019199,0,0.1716034533675548,0.22258910632192322
SG_019200,0,0.12534869848264732,0.15453007478402925
SG_019202,0,0.16259368780289757,0.13264449823594343
SG_019205,1,0.25462217655346947,0.27769313079517766
SG_019206,0,0.20590300797953978,0.24754024187282714
SG_019207,0,0.19332183984666135,0.205178623232212
SG_019210,0,0.2668454743609693,0.29422944307601595
SG_019213,1,0.22209455321837315,0.20677947848325923
SG_019214,1,0.25430350724277717,0.249650341293973
SG_019215,0,0.13132770365758767,0.11697657742816298
SG_019216,1,0.1884103350959835,0.21180831345662607
SG_019218,0,0.17462080358887505,0.1764213300602011
SG_019219,1,0.13179038641535096,0.13763265146266454
SG_019220,0,0.17260649805058093,0.1825576091093393
SG_019224,0,0.1469308147483779,0.15488157300288713
SG_019226,1,0.1696121880794723,0.19288436026684502
SG_019227,0,0.1263921712555183,0.1428837246172313
SG_019228,0,0.08609382191842897,0.09499455454452493
SG_019229,0,0.19745822789590947,0.15763734893052705
SG_019230,0,0.15522557580923754,0.1499679823403666
SG_019231,1,0.23232390574107356,0.1770178099051596
SG_019232,1,0.13901686689043058,0.1363212219250371
SG_019233,0,0.18082638033824372,0.194837952569805
SG_019234,0,0.22655144319012074,0.21610660867931938
SG_019235,0,0.12034243270048617,0.13552022394128035
SG_019236,0,0.16106154278518697,0.13865811634487454
SG_019238,0,0.1627450568639341,0.11283877543923485
SG_019239,0,0.19550356228495733,0.21356382271327004
SG_019240,0,0.17180546645007858,0.180415388740354
SG_019241,0,0.17417559474031652,0.17316174109257237
SG_019242,0,0.13032134227085546,0.07062646372053842
SG_019243,0,0.17273025223922298,0.13445548995951945
SG_019250,0,0.13117370242504534,0.12668241985182768
SG_019252,1,0.25075351753033365,0.20429743009189058
SG_019256,0,0.16256220105007188,0.13336683437958613
SG_019257,0,0.22689511986613317,0.24889979366655685
SG_019258,0,0.19545002854299456,0.15650702692010948
SG_019260,0,0.10470858071010124,0.1300046468107084
SG_019261,0,0.24379576468155348,0.21912873216422118
SG_019262,0,0.10123823042327196,0.1361323619818819
SG_019263,0,0.08760173274818547,0.129495776273523
SG_019264,0,0.10312194450633672,0.1523900354546298
SG_019268,0,0.16880661110669704,0.19182373190521326
SG_019269,0,0.15490097971827077,0.17172663766684884
SG_019277,0,0.21224773638282726,0.22424398707271423
SG_019278,1,0.13085765028694946,0.10817140518303568
SG_019279,1,0.16664020832348655,0.16847842072553415
SG_019280,0,0.1251430936356118,0.1473806641595392
SG_019281,0,0.2371151223191084,0.20193408049719647
SG_019283,0,0.20671450368793956,0.18467629729048723
SG_019284,1,0.14653489429330538,0.16807800859166272
SG_019285,0,0.16636707093513095,0.09657954503489521
SG_019287,0,0.10934043756591902,0.13078928308163226
SG_019288,0,0.2175771972197985,0.2528352547961919
SG_019290,0,0.1615483122890044,0.15311090758648968
SG_019291,0,0.14577771917785765,0.16047462783449287
SG_019292,0,0.22954729419746375,0.23364148892293776
SG_019293,0,0.15957410304996672,0.13340937380255813
SG_019294,0,0.11032393423564768,0.0979767272630081
SG_019297,0,0.17054894857571906,0.1658439800464601
SG_019299,0,0.11994951770122368,0.11792124765248814
SG_019301,0,0.15003332808722145,0.1556926133725181
SG_019303,0,0.19421431813799842,0.21341190823096984
SG_019304,0,0.16435860358264245,0.12766994356971806
SG_019305,0,0.15477974050068222,0.18101673968723728
SG_019306,0,0.18996649568193305,0.1645344113902004
SG_019307,0,0.22300560913058742,0.21949210951838982
SG_019308,0,0.14534190421011153,0.18838781305095653
SG_019309,0,0.22186903390923182,0.24207020983339528
SG_019310,0,0.1145626911471454,0.11612039903294501
SG_019312,0,0.16899674996459774,0.1694286847060994
SG_019313,0,0.1655738534691694,0.11241109368861346
SG_019317,0,0.21972341351622898,0.234762568650422
SG_019318,0,0.18783176738213117,0.2779901276452232
SG_019319,0,0.16371943262322414,0.13065914965898487
SG_019320,1,0.21409002814030487,0.23041652205736565
SG_019322,0,0.1687672894915661,0.16827148683643597
SG_019323,0,0.1369289486629183,0.11418727425400271
SG_019324,0,0.2142623893688949,0.26038907878362255
SG_019327,0,0.1624481711012489,0.19631111580759603
SG_019329,0,0.16259368780289757,0.1603486696337222
SG_019331,0,0.18296202084460517,0.15015498505609093
SG_019332,1,0.10645902759571618,0.12189438129963034
SG_019334,0,0.21818104852743547,0.18975430902048282
SG_019335,0,0.09027140670883241,0.12490394320181632
SG_019337,0,0.14395033073734695,0.14253715151857146
SG_019338,0,0.09885759795518675,0.0961293968582998
SG_019340,0,0.16301678962654254,0.11030666873357033
SG_019341,0,0.16106154278518697,0.13102768292697844
SG_019342,1,0.2951699088602775,0.22733889583296743
SG_019343,0,0.18037269775069092,0.17057115657304414
SG_019344,0,0.16106154278518697,0.15983915476133026
SG_019345,0,0.1704145655690585,0.17579727490877184
SG_019347,0,0.14961405496833213,0.17468065500571017
SG_019348,0,0.16468246572246345,0.12647802158458435
SG_019349,1,0.15821835724767055,0.13817194745257005
SG_019350,0,0.17804503814096087,0.2244947268239013
SG_019351,1,0.1831595066122986,0.16798257759101082
SG_019353,0,0.10821414615840497,0.1243597270940192
SG_019354,0,0.1752352966507603,0.15488181684819902
SG_019355,0,0.1198532323664377,0.1176338165575908
SG_019356,0,0.14444373122316911,0.13804036480745766
SG_019357,0,0.14842366447300026,0.22661714591912768
SG_019359,0,0.17065044121222514,0.20093053778772263
SG_019360,0,0.16882557829118744,0.26508313395112143
SG_019361,0,0.18674999287266714,0.1937335649032796
SG_019363,0,0.1184908282748358,0.14029489795592698
SG_019364,0,0.16303666176366147,0.11956589479981955
SG_019365,0,0.1899353898257986,0.17853964451891832
SG_019366,0,0.2697720625899959,0.22534564182144462
SG_019367,0,0.22467130726654108,0.24673921708357274
SG_019369,0,0.13360237302763733,0.14612889503946072
SG_019370,1,0.1700234690092272,0.1882065228128182
SG_019372,0,0.16106154278518697,0.14423492986385822
SG_019377,0,0.19212969145780004,0.18763348998208593
SG_019378,0,0.21489628396750574,0.20996064149499777
SG_019379,0,0.17659907361596816,0.14502737651632386
SG_019380,0,0.1356370698842394,0.11073972874595776
SG_019381,0,0.1325109653836917,0.11971499654787245
SG_019382,0,0.3382148662402914,0.32312194808849837
SG_019383,0,0.2514468770498003,0.2487748148385175
SG_019384,0,0.17670475637296204,0.19143493509312773
SG_019385,0,0.16664020832348655,0.1633833390666967
SG_019387,0,0.22339160679576367,0.22212006123759828
SG_019389,0,0.17106004091911564,0.2042486128317413
SG_019390,0,0.13712101257990778,0.13145948646304734
SG_019391,0,0.16301678962654254,0.1002070375957954
SG_019392,1,0.22878236685564265,0.22864460940348635
SG_019393,0,0.09644416761298631,0.10287926659240611
SG_019395,0,0.12510533726128878,0.13222198970968216
SG_019396,1,0.16513108702324697,0.14852127565069131
SG_019397,0,0.19636100969263617,0.20451853147186463
SG_019399,0,0.13053828476436616,0.17474235365797897
SG_019400,1,0.16394809374240352,0.16515719300752618
SG_019401,0,0.16585208903402368,0.1110390470016118
SG_019402,0,0.12907440081997876,0.1403486816089605
SG_019403,0,0.1573748753280543,0.1567903760674123
SG_019404,0,0.2480519836451011,0.18921048344053246
SG_019405,0,0.16635937517492766,0.18094331206443243
SG_019406,0,0.11647842689924692,0.11618158960970607
SG_019407,0,0.1381741999004338,0.15750787285779907
SG_019409,0,0.13675859700586424,0.13387720036958348
SG_019410,0,0.16400477786627946,0.10043976707817998
SG_019412,0,0.14624600494474368,0.1756592747258118
SG_019413,0,0.14345898982965286,0.17156195285995898
SG_019414,0,0.18593119513062317,0.2949416804704848
SG_019415,0,0.16259368780289757,0.1394141152572672
SG_019416,0,0.17199714416391154,0.1652730568932286
SG_019417,0,0.1760712680272717,0.16943997447892523
SG_019418,1,0.15857979113427198,0.2142562578579507
SG_019420,0,0.10117036587026373,0.09130891711853013
SG_019422,1,0.17319176156931193,0.17475818131391216
SG_019423,0,0.08884654231028474,0.065429470147938
SG_019424,0,0.11443639489432553,0.12506454222917152
SG_019426,0,0.16159183116632214,0.16640313300068105
SG_019429,0,0.2322790906212063,0.2107074397298349
SG_019430,0,0.25027872682532193,0.244828945059719
SG_019434,0,0.2258371706292481,0.16585529056379733
SG_019435,0,0.2811280152400382,0.27475427876876657
SG_019438,0,0.1682505344388312,0.18481239988708156
SG_019439,1,0.1835896195977402,0.22429359858245554
SG_019441,0,0.18432230400942146,0.19028251632126325
SG_019443,0,0.2016464243693742,0.1910303031014354
SG_019444,0,0.17427782499604524,0.18833364269833536
SG_019445,1,0.1857680248567522,0.20134546621254992
SG_019448,0,0.25427958194229877,0.21251116998051275
SG_019450,1,0.1742527824795423,0.20585048223485064
SG_019451,0,0.09652827017705126,0.1253727774532986
SG_019453,0,0.23751103372371404,0.216795000857316
SG_019454,0,0.17230118054379898,0.16226049314672017
SG_019457,0,0.1452824775515793,0.16918542992820804
SG_019459,0,0.11777871727574517,0.11935291171493594
SG_019460,0,0.2739537608388393,0.2394581838921055
SG_019461,0,0.17822397867161324,0.17199770201355705
SG_019462,1,0.19721741381579277,0.15881521414095984
SG_019463,0,0.30223202839682434,0.20788636218192397
SG_019464,0,0.18249472816046158,0.1716999017428028
SG_019465,0,0.14233200368035906,0.14992078613653628
SG_019467,1,0.16859907162103568,0.17633958775399272
SG_019469,0,0.16947554355752942,0.19126065857962998
SG_019472,0,0.14573833285926782,0.1286261791470978
SG_019474,1,0.14097456499364303,0.18308163893489812
SG_019475,0,0.14026234038904772,0.15269548480726117
SG_019476,0,0.16456272397470997,0.1911832756656289
SG_019477,0,0.22613277025458095,0.23457070671293284
SG_019479,0,0.14806836840815082,0.17059624221594202
SG_019480,0,0.10418439622629512,0.12450612291768652
SG_019481,0,0.21506540690944267,0.16389663235446028
SG_019482,0,0.1809988408645989,0.18688143644523658
SG_019483,1,0.20130164613754478,0.19447415486516145
SG_019484,1,0.185022005398862,0.14333436148961218
SG_019486,0,0.13252155793930298,0.12833388109120158
SG_019487,1,0.14259704821509936,0.11985942226036175
SG_019490,0,0.13113527909734968,0.1563024338738171
SG_019492,0,0.20669911585232148,0.18658700665560077
SG_019493,0,0.1633335423223557,0.12915384907528885
SG_019494,0,0.11333280821076974,0.13438838157069524
SG_019495,0,0.17438813011021523,0.2703945195309787
SG_019497,0,0.10924021633320562,0.11791284666552712
SG_019499,1,0.18063095794637105,0.20126108733483739
SG_019500,0,0.22227511389238594,0.23809430307305665
SG_019501,1,0.17070969499969607,0.16462903267571788
SG_019502,1,0.18795446632128876,0.1832110911466905
SG_019503,0,0.1985583132219498,0.20380185277228713
SG_019504,1,0.1334674225988137,0.1535018311279297
SG_019505,0,0.13039605243984678,0.11412693843830608
SG_019506,0,0.14251146769359554,0.12185570780029396
SG_019507,0,0.21210544490545008,0.22478344296691596
SG_019508,0,0.16636197383422643,0.12673193772785776
SG_019509,0,0.16853905165557648,0.1443618838668553
SG_019511,1,0.27825025359215594,0.2545416445969445
SG_019512,0,0.15437262339646973,0.2138625481896187
SG_019513,1,0.126453896043193,0.1201428781904822
SG_019514,0,0.20463334505809272,0.17873281425748913
SG_019515,0,0.19546086243686597,0.2166326209730331
SG_019517,0,0.1856876835189859,0.18326455880393228
SG_019518,0,0.14353663547231593,0.15251148778354634
SG_019520,0,0.26492414661853453,0.2846131546968773
SG_019521,0,0.2656877727852009,0.21203850905907995
SG_019522,1,0.1167727509266331,0.15914405854513336
SG_019524,0,0.1371064663023266,0.14923520645977997
SG_019525,1,0.1825735976510223,0.21708561570574533
SG_019526,0,0.12821225320793958,0.14124680959754757
SG_019528,0,0.14272380683473976,0.15989347016158945
SG_019529,1,0.28284842115233,0.2538941416888744
SG_019531,0,0.18155662670247166,0.18248551233640437
SG_019533,1,0.15725447232788675,0.16518919008787453
SG_019535,0,0.1684006274446607,0.14296330775600258
SG_019536,0,0.16229112314696204,0.14106835247757724
SG_019537,0,0.21879116860505898,0.20654205055269934
SG_019538,0,0.19524422903141925,0.17348431554957888
SG_019539,0,0.23856113383920655,0.2243291525318344
SG_019542,1,0.3121793314468394,0.31693737064300315
SG_019544,0,0.23877847246277728,0.22836041533320883
SG_019545,0,0.18491244623461353,0.16550026872724571
SG_019546,0,0.16973521885836643,0.1886082494675471
SG_019547,0,0.13033560825621981,0.15031659022029992
SG_019548,0,0.3598315582138877,0.29475512493968964
SG_019549,0,0.13829813289249543,0.1671522198694973
SG_019550,0,0.2931825794945839,0.23058508605523004
SG_019551,0,0.11058619465707496,0.09319632253226559
SG_019552,0,0.17458819780302498,0.17850682085216985
SG_019554,0,0.21367534721562118,0.22048144340047027
SG_019555,0,0.2615489627203717,0.2500347742310369
SG_019556,1,0.13842538519554393,0.17216028334461614
SG_019557,0,0.17131260925305367,0.16448867653657082
SG_019559,1,0.14495581038523214,0.14299237339801932
SG_019560,0,0.20254610635328743,0.1868614627092345
SG_019561,0,0.15120991008430992,0.18930747601864664
SG_019565,0,0.11760005798896214,0.12576671156302877
SG_019566,0,0.2189270022399357,0.23481637644218423
SG_019568,0,0.1985844796564948,0.20276928857097984
SG_019569,0,0.12814235407794267,0.13840468459397992
SG_019571,0,0.16787488598645575,0.16083650018702222
SG_019572,0,0.17270040254877309,0.20069559309060578
SG_019573,0,0.16259368780289757,0.13877897584052934
SG_019574,0,0.208720316725723,0.16361482269879754
SG_019575,1,0.11706479544353138,0.11468492286028222
SG_019576,0,0.347000466045189,0.3156598165643746
SG_019578,0,0.1763579877126011,0.2234312547019218
SG_019579,0,0.18170816715388832,0.2228118528198416
SG_019580,0,0.18392264168063227,0.2041681789543553
SG_019581,0,0.17032596749871617,0.14650052940219965
SG_019582,0,0.1862481197177529,0.2041752895675527
SG_019584,0,0.10619052422640507,0.09070018555847864
SG_019586,0,0.2573308291232305,0.19905778116103223
SG_019589,0,0.13486481677437454,0.14612084509716136
SG_019590,0,0.22620140504471273,0.21512016845490292
SG_019592,0,0.17796225985184108,0.18592433110741816
SG_019594,1,0.20657380110392295,0.1920587990826487
SG_019595,0,0.2045986279258371,0.21449571569172599
SG_019596,0,0.09149698047084645,0.14918105261787087
SG_019597,0,0.12651199058756388,0.12189198887363123
SG_019600,0,0.1694895856947114,0.24234882177774658
SG_019601,0,0.09553395873281297,0.09406860596230177
SG_019603,0,0.13790475567989,0.09922124747401888
SG_019604,0,0.15740526675602448,0.13693839919321651
SG_019605,0,0.20004135462191877,0.21535193242481937
SG_019606,0,0.16106154278518697,0.07777924273140933
SG_019607,0,0.09138567276564143,0.09295850306040004
SG_019608,0,0.09704564395200785,0.09997133370960283
SG_019610,0,0.11763369976224253,0.14905366160594472
SG_019611,0,0.12668447177749767,0.12254128872852953
SG_019612,0,0.16475734157058922,0.11001563668782754
SG_019613,0,0.19328103386464304,0.17496733172068654
SG_019614,0,0.17365376446682745,0.24240920138340902
SG_019615,0,0.10175934465346399,0.10695575568843094
SG_019616,0,0.19039551744633365,0.1736398156128799
SG_019617,0,0.12781236410792213,0.138582252977265
SG_019618,0,0.10922523473921457,0.12388769556781477
SG_019619,0,0.13795387024167985,0.1521760316090182
SG_019622,0,0.17001604525964364,0.22544834948626982
SG_019623,0,0.1674942502590771,0.1376589663246539
SG_019626,0,0.10343845141273411,0.12009070251114916
SG_019628,1,0.19500517285723587,0.17666372935713712
SG_019629,0,0.14046987163597388,0.13801846545293997
SG_019630,1,0.1730428235890363,0.14584906598119282
SG_019631,0,0.23313013926532528,0.18966980989388935
SG_019632,0,0.11603257034042012,0.1127456518590526
SG_019633,0,0.17336919247597984,0.2529703617754493
SG_019634,0,0.23489931245603213,0.22787275333704668
SG_019636,0,0.1262939941019303,0.1368244252539468
SG_019637,0,0.21411286317984168,0.2415024060769072
SG_019640,0,0.14956229215059985,0.1407806266821598
SG_019641,0,0.16259368780289757,0.16017378717756534
SG_019643,1,0.19542612518858912,0.2086850452650972
SG_019644,0,0.1673828668396768,0.1733763589052977
SG_019646,0,0.17769587951748844,0.27614819596107854
SG_019649,0,0.21129827822901942,0.18850275601664107
SG_019651,0,0.18881017659501753,0.18171674594039544
SG_019653,0,0.10656945256269408,0.11982836896429318
SG_019655,0,0.17791934629297643,0.1938169203793983
SG_019656,0,0.19302447636214945,0.21422142786427495
SG_019658,0,0.15486369289605834,0.1738778723236046
SG_019659,0,0.1771760477150762,0.19426788623616834
SG_019663,0,0.13566343133901446,0.1409328207609056
SG_019664,0,0.1611701786222271,0.18579956675454914
SG_019668,1,0.17466492609109768,0.1943034318425027
SG_019669,0,0.09769486082878463,0.09586491682987777
SG_019670,0,0.12716006655430062,0.1394765539601601
SG_019671,0,0.18147769099732755,0.19355066433287996
SG_019672,1,0.16052626802518302,0.13811106497769798
SG_019673,0,0.13286135056688322,0.1385133207650415
SG_019674,0,0.14189645732237402,0.12167378356447837
SG_019675,0,0.16602043192650326,0.108302042362968
SG_019677,0,0.2507330792946134,0.19581566668283618
SG_019678,0,0.16725850187922225,0.12825653147981045
SG_019681,0,0.16259368780289757,0.05910919092459968
SG_019682,1,0.11991409527103958,0.15010410714695605
SG_019684,0,0.17237383286236138,0.17690711595656125
SG_019685,0,0.2495237693423317,0.24505039204131338
SG_019686,1,0.15404682786851112,0.16629174227124097
SG_019687,0,0.18589791622699936,0.2050624401033203
SG_019688,0,0.11478937967616827,0.13038584836447997
SG_019692,0,0.25526785049121875,0.1847541363059349
SG_019693,1,0.22769373040870333,0.18821151013426687
SG_019694,1,0.2976124347316995,0.25970406691710957
SG_019696,0,0.17162784228734665,0.16405505593106953
SG_019697,1,0.14629785340996626,0.15914443239150736
SG_019699,0,0.1376069724891384,0.13441530492134568
SG_019700,0,0.13926082817160454,0.15160401728685047
SG_019701,0,0.26943141905434703,0.25293445458984687
SG_019702,0,0.11925903775239069,0.13010008777915666
SG_019703,1,0.2492668030394156,0.25275590820693716
SG_019704,0,0.17435341462246415,0.18838300893720233
SG_019705,0,0.16259368780289757,0.09480585064286876
SG_019706,0,0.1718601207226044,0.1937837609132981
SG_019707,0,0.3231306268260064,0.1860921421973065
SG_019708,1,0.14052556260800383,0.15108425523893934
SG_019709,0,0.14830655315834748,0.15461089423669086
SG_019712,0,0.15499909305087356,0.16034745538006606
SG_019713,0,0.18564008675827712,0.2094408708302252
SG_019714,0,0.18929143452354596,0.18290302361881727
SG_019715,0,0.1503507812443469,0.22608150265180033
SG_019717,0,0.16845441585814228,0.20757545918508333
SG_019718,0,0.13859354385179384,0.09388249916002991
SG_019719,1,0.19072545043493197,0.1817748010425064
SG_019720,0,0.16106154278518697,0.08519133204414159
SG_019721,0,0.1689207261938552,0.18301340918734255
SG_019722,0,0.21467080415558118,0.15904964402833177
SG_019723,0,0.11818286310767194,0.11171364663143055
SG_019725,0,0.10115318374642662,0.11310468238836405
SG_019726,0,0.11640969058468759,0.1360159455018911
SG_019730,1,0.17945102002381488,0.18429526057053916
SG_019731,0,0.15312018264724855,0.1701433327918311
SG_019732,0,0.16672326606268412,0.13447076060933214
SG_019734,1,0.2648508667439994,0.2336505306763575
SG_019735,0,0.1574637214618795,0.17399225188258233
SG_019736,0,0.32928878824366253,0.21881563248927385
SG_019737,0,0.1545036847676515,0.1623640383860593
SG_019739,0,0.26011709204123706,0.19581139992237673
SG_019741,0,0.1768647921588572,0.19368129008716334
SG_019742,0,0.14694669714014755,0.159484149239423
SG_019743,0,0.17512202057901305,0.21624380776162452
SG_019744,0,0.17396377385818762,0.21120691939552888
SG_019745,0,0.16926288805295514,0.1680662740039705
SG_019748,0,0.17868586769289121,0.2078087739955348
SG_019749,0,0.19117843174230165,0.23757849413651463
SG_019751,0,0.09257587365138295,0.06171417998743682
SG_019752,1,0.17024454715114465,0.20984567706555607
SG_019753,0,0.16478878608331016,0.17044976783944923
SG_019754,0,0.15222733946621397,0.11292917008084637
SG_019757,0,0.20888155604198874,0.18478588556682082
SG_019758,0,0.10894486588669014,0.13137809082329263
SG_019759,0,0.12557052101638685,0.12023345295947764
SG_019760,0,0.13699611405379353,0.12856254593214056
SG_019762,0,0.1000495523864048,0.09302982799319572
SG_019763,0,0.17056168823068332,0.1772391877066417
SG_019765,0,0.1395552968754801,0.17483405089545415
SG_019768,0,0.13819003923242612,0.15473111410726825
SG_019770,0,0.2522907452338599,0.23671863349980038
SG_019771,0,0.20518982949973505,0.17166847799755292
SG_019772,0,0.16569056304723548,0.14781977651497405
SG_019773,0,0.2997859277869973,0.25081414429446164
SG_019774,0,0.16430130977926313,0.10127001501098354
SG_019775,0,0.12823814255818827,0.139643939093345
SG_019776,1,0.24032588970554308,0.20800933417051332
SG_019777,0,0.16488023776948899,0.15711862578422198
SG_019778,0,0.10916761124895816,0.10597761135517349
SG_019780,1,0.08201963681811225,0.0525884989860674
SG_019781,0,0.17384139497250517,0.18458063770760288
SG_019785,1,0.29509626725293814,0.2572883156029952
SG_019786,0,0.141361417063374,0.11180020652246801
SG_019787,1,0.1849681213808219,0.2282404672368669
SG_019788,0,0.15783440324620593,0.16411485512666166
SG_019789,0,0.16746471032004384,0.12790387459033145
SG_019790,0,0.2089616403736861,0.21459625425172543
SG_019794,0,0.19499649149092074,0.17233793901636135
SG_019795,1,0.12910304225362126,0.11082190609668181
SG_019796,1,0.22606420539121017,0.20457763904141582
SG_019798,0,0.18778331181251878,0.2113332798186804
SG_019799,0,0.15201466886473852,0.19391404562239992
SG_019803,1,0.15260825604859213,0.20014380965222453
SG_019805,0,0.17839437273096256,0.1432507734761166
SG_019806,0,0.24947453115187,0.21445239758471124
SG_019808,0,0.24959278463546475,0.2355086606015165
SG_019810,0,0.20531324510768073,0.24899735640550222
SG_019813,1,0.16827823412576848,0.15920738764245118
SG_019814,0,0.18483017196883667,0.15729901525912532
SG_019815,0,0.13525606443661897,0.1321202024300485
SG_019816,0,0.17657182050509754,0.1931319284063571
SG_019817,0,0.1473527253252671,0.18305078420737045
SG_019818,0,0.24395911915080254,0.20210510366684292
SG_019820,0,0.17073612309068495,0.19696003308260193
SG_019821,0,0.16502254026969254,0.20698942367232914
SG_019822,0,0.1137259468395172,0.10567227990180293
SG_019823,0,0.41919632759159664,0.3463099722819926
SG_019824,0,0.08909984811317198,0.07149002743921724
SG_019825,1,0.15128951726044684,0.23825923023407308
SG_019826,0,0.1683004520899474,0.12025259817887965
SG_019827,0,0.17448698173034202,0.19207839207086774
SG_019829,1,0.21683372843381846,0.23251338347439346
SG_019831,0,0.12898580102394294,0.12630836815559326
SG_019833,0,0.1770015442057228,0.207611815765226
SG_019834,0,0.1375440877093477,0.13213226151864702
SG_019836,1,0.26318969287777283,0.20380882136960043
SG_019837,0,0.13971553336326617,0.1427900084950518
SG_019840,0,0.09827396925854172,0.08287131706242169
SG_019841,0,0.15363376248463667,0.1465382093092289
SG_019843,0,0.11670337404800118,0.1545856871330231
SG_019844,0,0.07512642693159254,0.0817909442510379
SG_019845,0,0.15837562409666045,0.14515634829549326
SG_019847,0,0.14607083524861267,0.14046448905653885
SG_019848,1,0.19141589022523312,0.2083007260063364
SG_019850,0,0.190077717045411,0.21751487415237322
SG_019855,0,0.11399021878813578,0.10478664256638627
SG_019856,1,0.19060645259228612,0.17305805964144247
SG_019860,0,0.14116368429371481,0.13031234431116262
SG_019861,1,0.17321788932258603,0.17383774948039427
SG_019862,0,0.1610048681812434,0.1617569404498822
SG_019863,0,0.08279181875384693,0.08742296524187464
SG_019866,1,0.16429317266204568,0.1732877368576718
SG_019867,0,0.1809456713522503,0.2173722110616702
SG_019870,1,0.1699356404796941,0.16630482299128838
SG_019871,0,0.16891350473502315,0.1649759103735338
SG_019872,0,0.09596383919728008,0.13381562166736094
SG_019874,0,0.14175733199986304,0.157737754796787
SG_019875,1,0.1267724288040155,0.15451160070281955
SG_019876,0,0.14780684757305684,0.18794824967118148
SG_019877,0,0.17208505825838738,0.15164814068187463
SG_019879,1,0.17645008685460087,0.19980078142420954
SG_019880,0,0.18045522246899284,0.20193671813040337
SG_019881,0,0.22185880229488375,0.20255247198974624
SG_019882,0,0.13696949720965337,0.157498640523331
SG_019884,0,0.22240846641557407,0.21302179268489857
SG_019885,0,0.15008912141545133,0.1260749822431716
SG_019886,0,0.21657112857983787,0.20013047841129422
SG_019889,0,0.1834795283713083,0.2313347988440846
SG_019890,1,0.16492485868928725,0.13104586901753446
SG_019891,0,0.13608777833975683,0.15674120725536922
SG_019892,0,0.13965963727777142,0.15029390913153096
SG_019893,0,0.10457160863560534,0.09231067763728679
SG_019894,1,0.2134529612023523,0.16117358080662317
SG_019896,0,0.2811465271217608,0.2980605344263956
SG_019897,0,0.16436026598040007,0.17400652877064007
SG_019898,1,0.18176231352698216,0.19040094863917137
SG_019899,0,0.14702765951162994,0.13908133717869006
SG_019901,0,0.13064381994753985,0.11068340378945155
SG_019902,0,0.17711857424636554,0.2069959162575101
SG_019904,0,0.16626574455099155,0.1465394221783119
SG_019905,0,0.13373397206115598,0.15022395858201396
SG_019907,0,0.23717240315533555,0.1981197683942782
SG_019908,0,0.16748259981988595,0.17782104783737185
SG_019911,1,0.16106154278518697,0.1374457058576527
SG_019912,1,0.15933122379748796,0.18892668895212292
SG_019915,0,0.10938843957802742,0.10502543101799669
SG_019916,0,0.14541716552062137,0.15336638989197335
SG_019917,0,0.16520975649353847,0.13391296578781534
SG_019918,0,0.16106154278518697,0.08285227998798177
SG_019919,0,0.16875909575348663,0.12874140091553618
SG_019920,0,0.21435461778816733,0.1452867793993358
SG_019922,0,0.16910706245852708,0.19364743970876233
SG_019924,0,0.19155648996416108,0.22023455425944474
SG_019925,0,0.1821125151581036,0.1548083090157181
SG_019926,1,0.17013944914061402,0.1775870619018368
SG_019927,0,0.18408854640809588,0.2085568455659623
SG_019929,0,0.12294832865891715,0.13855964916681973
SG_019931,0,0.12064641409303455,0.10678400362329117
SG_019932,0,0.1737897937809119,0.14382451244557604
SG_019934,0,0.1144370649708022,0.13878160356035113
SG_019935,0,0.17539295580019482,0.20431622365076027
SG_019936,0,0.16680240468560706,0.126491327468666
SG_019937,0,0.1778547803806849,0.14205423953374988
SG_019938,0,0.10089226504040465,0.12234407244571707
SG_019940,0,0.13995364822578266,0.18065463717373273
SG_019942,0,0.24159751970939644,0.19734035241182313
SG_019943,0,0.26435038008526396,0.21931200615378224
SG_019946,0,0.15589025457908345,0.19847501701372725
SG_019948,0,0.18070648448853285,0.16684170057392644
SG_019951,1,0.19754501431996702,0.21220848027558242
SG_019952,0,0.07114484239954878,0.0586637250815796
SG_019953,0,0.10996026913432147,0.12904143868745738
SG_019956,0,0.16430262197164502,0.1275735925771003
SG_019957,1,0.16106154278518697,0.08456532457455412
SG_019958,0,0.12252800058083674,0.11935961053460128
SG_019959,0,0.13296976002131045,0.18639719676542849
SG_019962,0,0.1168873105951937,0.12312138317146268
SG_019963,0,0.1703583131397925,0.1789554796790564
SG_019964,0,0.25168977806974124,0.2419589678916825
SG_019965,0,0.17105032746295484,0.14542958911255593
SG_019967,0,0.1605079078903439,0.19345444786170474
SG_019969,0,0.14396369210339333,0.11761673632973653
SG_019971,0,0.15316850709132387,0.12868995417544749
SG_019972,0,0.17844869303708283,0.1601320416360112
SG_019975,0,0.11486624853866279,0.13067566098407432
SG_019977,0,0.24314740702561413,0.16522767363800622
SG_019979,0,0.18362400502473977,0.24234324779287392
SG_019982,0,0.20578382414724225,0.2201781384423701
SG_019986,0,0.17576978028559095,0.14981415345801036
SG_019987,0,0.2510281381749377,0.30305945585869776
SG_019988,0,0.19373994380578546,0.1983283890667899
SG_019990,0,0.1071181183112616,0.12911410654702263
SG_019991,1,0.11659740936519322,0.11129891986249048
SG_019992,0,0.11281702408903295,0.18546763071499964
SG_019993,0,0.1698508562468693,0.12394234530070122
SG_019995,0,0.14293883695036053,0.13332709898776063
SG_019996,0,0.17445539368939003,0.1841074512085591
SG_019997,1,0.1692381098261663,0.1446377888771616
