signal_id,ehtimollik
SG_000001,0.3157408333
SG_000007,0.8918208333
SG_000009,0.1147433333
SG_000010,0.3517566667
SG_000011,0.1047566667
SG_000018,0.6574266667
SG_000024,0.6582225000
SG_000026,0.4900816667
SG_000032,0.6871000000
SG_000033,0.7176766667
SG_000034,0.1701716667
SG_000036,0.3332666667
SG_000039,0.2519500000
SG_000048,0.1633091667
SG_000049,0.4280950000
SG_000050,0.9342358333
SG_000053,0.0169225000
SG_000054,0.7994258333
SG_000055,0.5477541667
SG_000058,0.4251291667
SG_000059,0.3728116667
SG_000061,0.4159950000
SG_000062,0.6337175000
SG_000072,0.5539116667
SG_000073,0.7176483333
SG_000075,0.5695958333
SG_000080,0.8735000000
SG_000081,0.5489375000
SG_000083,0.0838816667
SG_000086,0.5390583333
SG_000087,0.9407500000
SG_000092,0.5948600000
SG_000099,0.6611000000
SG_000100,0.3515508333
SG_000105,0.2591833333
SG_000106,0.9057083333
SG_000107,0.0189266667
SG_000118,0.6337016667
SG_000120,0.2555725000
SG_000125,0.3697083333
SG_000129,0.4704991667
SG_000137,0.3207833333
SG_000146,0.5021725000
SG_000147,0.7605191667
SG_000149,0.6747675000
SG_000153,0.5581133333
SG_000161,0.2506758333
SG_000163,0.3783933333
SG_000165,0.8144758333
SG_000173,0.2267391667
SG_000178,0.4428516667
SG_000179,0.2008941667
SG_000187,0.9765041667
SG_000192,0.0053625000
SG_000193,0.8464216667
SG_000195,0.3583308333
SG_000196,0.7795341667
SG_000201,0.0859833333
SG_000203,0.4368591667
SG_000205,0.9837241667
SG_000207,0.5427500000
SG_000211,0.9365091667
SG_000214,0.1887125000
SG_000217,0.0481316667
SG_000218,0.9852125000
SG_000219,0.3467741667
SG_000227,0.2444308333
SG_000229,0.2047816667
SG_000232,0.6139250000
SG_000240,0.0539333333
SG_000242,0.8288183333
SG_000244,0.6369266667
SG_000246,0.2135141667
SG_000250,0.3689766667
SG_000253,0.8764133333
SG_000262,0.6133833333
SG_000269,0.9665516667
SG_000270,0.3183675000
SG_000271,0.7645608333
SG_000284,0.8795233333
SG_000286,0.8019025000
SG_000287,0.4192491667
SG_000290,0.9976383333
SG_000291,0.4532100000
SG_000301,0.3922266667
SG_000302,0.6621825000
SG_000304,0.1160233333
SG_000306,0.9138616667
SG_000309,0.0977975000
SG_000314,0.5578450000
SG_000319,0.8441025000
SG_000320,0.2987933333
SG_000321,0.2315100000
SG_000325,0.6590433333
SG_000328,0.2246550000
SG_000329,0.5511816667
SG_000333,0.5368383333
SG_000334,0.6113441667
SG_000335,0.2907825000
SG_000339,0.0530441667
SG_000341,0.0669758333
SG_000345,0.9250008333
SG_000347,0.2678125000
SG_000349,0.0838225000
SG_000350,0.1821458333
SG_000351,0.0855658333
SG_000357,0.5532466667
SG_000360,0.6597866667
SG_000366,0.9880858333
SG_000368,0.6441725000
SG_000370,0.5700816667
SG_000378,0.2277616667
SG_000386,0.7737458333
SG_000394,0.3875258333
SG_000395,0.1240658333
SG_000397,0.9471866667
SG_000398,0.3020975000
SG_000401,0.5800691667
SG_000402,0.4749958333
SG_000414,0.8384158333
SG_000415,0.6699308333
SG_000419,0.8035108333
SG_000420,0.6709325000
SG_000422,0.9443666667
SG_000425,0.4378616667
SG_000430,0.1456158333
SG_000431,0.0421425000
SG_000435,0.0171125000
SG_000436,0.1788641667
SG_000440,0.6429275000
SG_000444,0.0940658333
SG_000450,0.5092383333
SG_000452,0.5516158333
SG_000454,0.6948166667
SG_000460,0.6371533333
SG_000462,0.2566216667
SG_000471,0.5099141667
SG_000474,0.8497183333
SG_000475,0.7414458333
SG_000476,0.3093525000
SG_000480,0.7072066667
SG_000482,0.8734591667
SG_000484,0.7382858333
SG_000487,0.6392016667
SG_000488,0.7332216667
SG_000494,0.8267958333
SG_000496,0.5037658333
SG_000497,0.0652200000
SG_000498,0.2739408333
SG_000501,0.4995425000
SG_000506,0.6170725000
SG_000511,0.5793325000
SG_000513,0.0947166667
SG_000524,0.2374483333
SG_000526,0.7806650000
SG_000527,0.2230008333
SG_000530,0.2253433333
SG_000535,0.5561466667
SG_000536,0.4683225000
SG_000551,0.6383616667
SG_000561,0.9680558333
SG_000563,0.9875233333
SG_000567,0.7734850000
SG_000572,0.5241366667
SG_000580,0.7059600000
SG_000583,0.2885491667
SG_000585,0.8992575000
SG_000588,0.2501408333
SG_000591,0.7228425000
SG_000593,0.4113483333
SG_000594,0.6312933333
SG_000598,0.2068066667
SG_000603,0.5353150000
SG_000610,0.2000341667
SG_000614,0.4632750000
SG_000615,0.6354575000
SG_000616,0.0471333333
SG_000617,0.2006625000
SG_000619,0.2479975000
SG_000621,0.6470008333
SG_000629,0.8447716667
SG_000633,0.6604041667
SG_000634,0.7358875000
SG_000638,0.4040150000
SG_000640,0.5596975000
SG_000643,0.7783975000
SG_000646,0.9428083333
SG_000648,0.3150825000
SG_000657,0.2780325000
SG_000662,0.3355541667
SG_000665,0.1253608333
SG_000666,0.8728966667
SG_000672,0.1788550000
SG_000674,0.5473400000
SG_000677,0.1649066667
SG_000678,0.9581858333
SG_000679,0.0248091667
SG_000691,0.4734900000
SG_000692,0.2799616667
SG_000693,0.7216200000
SG_000695,0.8480941667
SG_000696,0.3005758333
SG_000698,0.0759916667
SG_000706,0.3055683333
SG_000709,0.3687075000
SG_000713,0.3462666667
SG_000716,0.4156850000
SG_000717,0.0581525000
SG_000719,0.5551850000
SG_000722,0.8000241667
SG_000727,0.5833108333
SG_000734,0.4662825000
SG_000737,0.2689658333
SG_000739,0.1764950000
SG_000742,0.7891141667
SG_000743,0.4185925000
SG_000750,0.2806400000
SG_000751,0.9074808333
SG_000759,0.9191175000
SG_000762,0.5908241667
SG_000764,0.5825883333
SG_000768,0.0988166667
SG_000769,0.7165033333
SG_000770,0.4265391667
SG_000788,0.9817208333
SG_000790,0.3531200000
SG_000797,0.6075083333
SG_000798,0.1200691667
SG_000799,0.6199691667
SG_000802,0.7841708333
SG_000803,0.9743125000
SG_000809,0.7883758333
SG_000811,0.2413983333
SG_000812,0.8578058333
SG_000816,0.9618900000
SG_000817,0.1359483333
SG_000820,0.3849050000
SG_000821,0.2999283333
SG_000826,0.7171925000
SG_000840,0.6232675000
SG_000849,0.8586291667
SG_000851,0.2204625000
SG_000856,0.0460958333
SG_000857,0.7972816667
SG_000864,0.1299775000
SG_000865,0.1073683333
SG_000875,0.8232441667
SG_000883,0.4796433333
SG_000888,0.6212766667
SG_000889,0.6923550000
SG_000890,0.7188233333
SG_000891,0.1452058333
SG_000903,0.4833083333
SG_000907,0.4986800000
SG_000909,0.1703025000
SG_000910,0.7091766667
SG_000911,0.8725983333
SG_000912,0.7628866667
SG_000913,0.8587016667
SG_000917,0.6344200000
SG_000920,0.6440600000
SG_000928,0.0052575000
SG_000934,0.0636583333
SG_000935,0.9516466667
SG_000938,0.6523966667
SG_000940,0.1257075000
SG_000943,0.6768833333
SG_000945,0.5521316667
SG_000946,0.5481225000
SG_000948,0.5523408333
SG_000950,0.5925225000
SG_000954,0.4670033333
SG_000959,0.8751650000
SG_000963,0.5162725000
SG_000965,0.3359050000
SG_000968,0.7440075000
SG_000970,0.9526983333
SG_000973,0.0799350000
SG_000975,0.1071658333
SG_000977,0.1296891667
SG_000980,0.9354391667
SG_000981,0.8890200000
SG_000985,0.7726466667
SG_000987,0.8382266667
SG_000988,0.5645708333
SG_000990,0.8368150000
SG_000991,0.8258075000
SG_001002,0.8933116667
SG_001004,0.9217575000
SG_001009,0.2928383333
SG_001010,0.4084533333
SG_001014,0.4139216667
SG_001023,0.6855966667
SG_001027,0.0626525000
SG_001028,0.7800150000
SG_001030,0.5692341667
SG_001031,0.5992283333
SG_001032,0.2120058333
SG_001042,0.6024825000
SG_001048,0.1936783333
SG_001049,0.0949983333
SG_001052,0.2429766667
SG_001058,0.2175316667
SG_001060,0.2824383333
SG_001066,0.8750191667
SG_001067,0.7264625000
SG_001070,0.4447858333
SG_001071,0.4472058333
SG_001075,0.0799333333
SG_001076,0.6936750000
SG_001078,0.0916725000
SG_001081,0.8035058333
SG_001085,0.3479608333
SG_001086,0.2100258333
SG_001100,0.2357283333
SG_001101,0.0254966667
SG_001102,0.6969141667
SG_001106,0.1984241667
SG_001107,0.0842825000
SG_001108,0.5650308333
SG_001109,0.3267891667
SG_001111,0.7473183333
SG_001117,0.9255416667
SG_001121,0.6055308333
SG_001123,0.9510541667
SG_001125,0.7715083333
SG_001126,0.9728208333
SG_001128,0.4554391667
SG_001133,0.1080550000
SG_001135,0.9178008333
SG_001143,0.9762866667
SG_001153,0.0368608333
SG_001155,0.9698050000
SG_001157,0.9545733333
SG_001159,0.5746800000
SG_001161,0.8724591667
SG_001163,0.0386600000
SG_001167,0.9835300000
SG_001180,0.8546650000
SG_001181,0.9373000000
SG_001182,0.4850941667
SG_001184,0.6521708333
SG_001188,0.0844308333
SG_001190,0.8129725000
SG_001192,0.7215300000
SG_001196,0.8829141667
SG_001201,0.7569141667
SG_001202,0.2005633333
SG_001203,0.5628866667
SG_001205,0.2350766667
SG_001208,0.7696491667
SG_001210,0.5817458333
SG_001211,0.4953050000
SG_001213,0.7477225000
SG_001215,0.9340950000
SG_001217,0.8404700000
SG_001225,0.4713383333
SG_001226,0.6561291667
SG_001229,0.6263575000
SG_001230,0.3930325000
SG_001236,0.2880433333
SG_001237,0.1198666667
SG_001243,0.7720108333
SG_001245,0.3194850000
SG_001248,0.2542916667
SG_001252,0.1305841667
SG_001255,0.9849425000
SG_001257,0.8315316667
SG_001262,0.5477341667
SG_001264,0.4631366667
SG_001267,0.2005833333
SG_001279,0.0081316667
SG_001285,0.3163366667
SG_001287,0.1771333333
SG_001293,0.9140158333
SG_001296,0.8532875000
SG_001298,0.4753775000
SG_001303,0.3372983333
SG_001305,0.3609191667
SG_001306,0.4200858333
SG_001309,0.7560925000
SG_001312,0.0743200000
SG_001313,0.2419300000
SG_001314,0.5481950000
SG_001316,0.1906333333
SG_001318,0.2598091667
SG_001319,0.7264491667
SG_001321,0.8394250000
SG_001322,0.7374275000
SG_001327,0.2196541667
SG_001331,0.1863341667
SG_001335,0.3810966667
SG_001336,0.6018525000
SG_001349,0.6216283333
SG_001350,0.6824641667
SG_001352,0.5288066667
SG_001354,0.5189750000
SG_001361,0.2532050000
SG_001362,0.6961058333
SG_001364,0.3046575000
SG_001374,0.9017483333
SG_001389,0.3709850000
SG_001390,0.1284958333
SG_001395,0.9692108333
SG_001397,0.2107950000
SG_001401,0.4520666667
SG_001402,0.5636666667
SG_001405,0.2212108333
SG_001412,0.9278800000
SG_001415,0.6083300000
SG_001419,0.1059425000
SG_001421,0.6873608333
SG_001423,0.3734375000
SG_001432,0.5218458333
SG_001433,0.2172641667
SG_001441,0.8868008333
SG_001446,0.2370925000
SG_001447,0.3428600000
SG_001448,0.0385933333
SG_001453,0.1237000000
SG_001458,0.3793800000
SG_001465,0.7177533333
SG_001469,0.7557183333
SG_001470,0.3384658333
SG_001472,0.9187075000
SG_001476,0.7535166667
SG_001478,0.9436591667
SG_001480,0.8456075000
SG_001484,0.0398116667
SG_001487,0.8803941667
SG_001493,0.8575933333
SG_001494,0.8553033333
SG_001500,0.5317608333
SG_001505,0.6164091667
SG_001506,0.6416875000
SG_001510,0.2070266667
SG_001514,0.7196600000
SG_001520,0.7091808333
SG_001525,0.8123583333
SG_001527,0.3902766667
SG_001528,0.5454200000
SG_001529,0.2145533333
SG_001531,0.6415300000
SG_001541,0.9096958333
SG_001542,0.7695733333
SG_001543,0.9172033333
SG_001545,0.3337800000
SG_001549,0.8038725000
SG_001557,0.4445191667
SG_001558,0.8523000000
SG_001561,0.5539508333
SG_001562,0.0246008333
SG_001563,0.8392150000
SG_001567,0.1647633333
SG_001568,0.1735216667
SG_001569,0.2587783333
SG_001570,0.4338658333
SG_001571,0.4975275000
SG_001572,0.8790791667
SG_001573,0.0982666667
SG_001576,0.5473416667
SG_001584,0.3467791667
SG_001590,0.6117058333
SG_001591,0.1759625000
SG_001592,0.0662391667
SG_001595,0.1908308333
SG_001601,0.7550275000
SG_001604,0.8631791667
SG_001609,0.6799583333
SG_001610,0.8718025000
SG_001612,0.2070683333
SG_001613,0.7549716667
SG_001615,0.2865425000
SG_001623,0.3678700000
SG_001624,0.2809125000
SG_001631,0.4473516667
SG_001634,0.7087458333
SG_001636,0.9733458333
SG_001638,0.8213466667
SG_001647,0.6319391667
SG_001650,0.7220341667
SG_001653,0.7754058333
SG_001654,0.9006958333
SG_001658,0.8798100000
SG_001663,0.5289416667
SG_001667,0.2678158333
SG_001668,0.3088141667
SG_001670,0.0117166667
SG_001683,0.0583675000
SG_001686,0.5687033333
SG_001688,0.9215375000
SG_001689,0.1148925000
SG_001698,0.9398250000
SG_001704,0.6051325000
SG_001711,0.8438858333
SG_001719,0.1599933333
SG_001720,0.1480666667
SG_001723,0.7110383333
SG_001726,0.5865333333
SG_001728,0.2340225000
SG_001731,0.3528975000
SG_001733,0.7468500000
SG_001734,0.3490100000
SG_001735,0.8159816667
SG_001737,0.8757066667
SG_001738,0.7598825000
SG_001739,0.4563675000
SG_001740,0.5594591667
SG_001744,0.5405425000
SG_001745,0.3999600000
SG_001750,0.2244691667
SG_001751,0.4474191667
SG_001761,0.6684941667
SG_001767,0.2431266667
SG_001768,0.6415791667
SG_001769,0.2630416667
SG_001776,0.9711941667
SG_001786,0.1225825000
SG_001788,0.3224433333
SG_001789,0.7860658333
SG_001790,0.1918516667
SG_001791,0.5510250000
SG_001792,0.6841400000
SG_001793,0.2477025000
SG_001796,0.5460908333
SG_001797,0.1130791667
SG_001803,0.4701208333
SG_001804,0.1553058333
SG_001806,0.1855475000
SG_001811,0.2752291667
SG_001815,0.7390175000
SG_001819,0.3098641667
SG_001824,0.3468775000
SG_001825,0.8580616667
SG_001827,0.6784133333
SG_001830,0.6554591667
SG_001831,0.3019758333
SG_001833,0.8572108333
SG_001836,0.3058400000
SG_001844,0.6650316667
SG_001846,0.1508708333
SG_001847,0.5587758333
SG_001848,0.9069433333
SG_001849,0.7391025000
SG_001851,0.1114150000
SG_001858,0.3766741667
SG_001860,0.2323266667
SG_001862,0.8385033333
SG_001864,0.0420691667
SG_001865,0.4891000000
SG_001867,0.5383025000
SG_001872,0.0232708333
SG_001876,0.5052108333
SG_001877,0.9338775000
SG_001883,0.6838608333
SG_001884,0.4470691667
SG_001885,0.1126033333
SG_001886,0.9641400000
SG_001888,0.1581416667
SG_001890,0.1978475000
SG_001892,0.4610608333
SG_001893,0.9157133333
SG_001894,0.5057391667
SG_001895,0.8934175000
SG_001897,0.4737958333
SG_001901,0.5088691667
SG_001903,0.6234625000
SG_001904,0.1401791667
SG_001906,0.5848483333
SG_001909,0.7347725000
SG_001912,0.4590666667
SG_001914,0.2323358333
SG_001915,0.2259300000
SG_001919,0.8714541667
SG_001924,0.1121116667
SG_001925,0.0773975000
SG_001928,0.7098641667
SG_001930,0.2645383333
SG_001932,0.5549333333
SG_001933,0.4878441667
SG_001934,0.0340016667
SG_001936,0.1225616667
SG_001947,0.6062400000
SG_001953,0.8337400000
SG_001954,0.0351908333
SG_001955,0.8512591667
SG_001963,0.7857283333
SG_001971,0.8253275000
SG_001975,0.4562358333
SG_001976,0.1472225000
SG_001977,0.7716900000
SG_001980,0.1813475000
SG_001981,0.1419208333
SG_001982,0.6799416667
SG_001990,0.3350841667
SG_001999,0.0516316667
SG_002000,0.7518533333
SG_002002,0.9064850000
SG_002004,0.7210766667
SG_002008,0.9496200000
SG_002009,0.5162266667
SG_002016,0.7531625000
SG_002021,0.4386416667
SG_002024,0.6479891667
SG_002027,0.8578083333
SG_002037,0.8508466667
SG_002038,0.5462683333
SG_002039,0.8673958333
SG_002044,0.7954683333
SG_002045,0.1654016667
SG_002048,0.1123766667
SG_002050,0.7962091667
SG_002052,0.4782833333
SG_002063,0.7122091667
SG_002067,0.9169283333
SG_002068,0.4754225000
SG_002069,0.2815675000
SG_002074,0.1050833333
SG_002075,0.4696733333
SG_002078,0.0947266667
SG_002081,0.3142791667
SG_002090,0.9389883333
SG_002097,0.8681100000
SG_002103,0.4916425000
SG_002105,0.5652000000
SG_002110,0.2896575000
SG_002122,0.6402850000
SG_002123,0.3476566667
SG_002125,0.9785366667
SG_002129,0.9174141667
SG_002131,0.8602425000
SG_002137,0.4494925000
SG_002142,0.7059400000
SG_002150,0.5730700000
SG_002151,0.6604258333
SG_002152,0.4550016667
SG_002166,0.1812908333
SG_002171,0.8306316667
SG_002172,0.6293483333
SG_002176,0.2545875000
SG_002177,0.9699575000
SG_002181,0.8973825000
SG_002184,0.2223841667
SG_002185,0.9967875000
SG_002186,0.2024283333
SG_002191,0.4792491667
SG_002192,0.7394941667
SG_002194,0.4581875000
SG_002200,0.0501825000
SG_002209,0.7117266667
SG_002213,0.0728400000
SG_002220,0.3843533333
SG_002223,0.1670758333
SG_002227,0.2629091667
SG_002228,0.2667825000
SG_002233,0.6312991667
SG_002241,0.8755916667
SG_002248,0.9330125000
SG_002251,0.5851558333
SG_002252,0.3207558333
SG_002254,0.7129150000
SG_002255,0.8841466667
SG_002260,0.9088983333
SG_002262,0.3412333333
SG_002263,0.3023041667
SG_002266,0.4660350000
SG_002270,0.2634075000
SG_002277,0.4274700000
SG_002278,0.0842016667
SG_002280,0.3421633333
SG_002281,0.7032083333
SG_002283,0.6656766667
SG_002284,0.8276083333
SG_002286,0.3114516667
SG_002288,0.1821250000
SG_002291,0.4468900000
SG_002292,0.5222550000
SG_002294,0.5136033333
SG_002296,0.5705141667
SG_002298,0.5962516667
SG_002301,0.4858366667
SG_002304,0.8817650000
SG_002311,0.6467800000
SG_002319,0.9927400000
SG_002320,0.5074491667
SG_002322,0.2981000000
SG_002324,0.4368725000
SG_002328,0.7345150000
SG_002332,0.3350200000
SG_002341,0.9784591667
SG_002346,0.2537308333
SG_002347,0.8173508333
SG_002352,0.3374866667
SG_002357,0.4837533333
SG_002361,0.3537616667
SG_002370,0.0503700000
SG_002371,0.7544583333
SG_002372,0.1610058333
SG_002373,0.1901758333
SG_002374,0.2386075000
SG_002375,0.3332658333
SG_002381,0.0271433333
SG_002385,0.0948916667
SG_002387,0.4842841667
SG_002390,0.8473525000
SG_002391,0.0484391667
SG_002392,0.0819866667
SG_002394,0.8080516667
SG_002396,0.3674750000
SG_002401,0.3471241667
SG_002402,0.4679175000
SG_002404,0.6239600000
SG_002407,0.3364883333
SG_002410,0.1293400000
SG_002419,0.9544191667
SG_002421,0.6114833333
SG_002422,0.5247483333
SG_002423,0.9680391667
SG_002429,0.4753700000
SG_002430,0.6566308333
SG_002434,0.9540466667
SG_002437,0.7006558333
SG_002442,0.2685541667
SG_002444,0.0562741667
SG_002447,0.1048750000
SG_002448,0.1394850000
SG_002450,0.8664258333
SG_002453,0.0606883333
SG_002454,0.5396041667
SG_002455,0.6469291667
SG_002456,0.8291675000
SG_002458,0.1572700000
SG_002459,0.7265891667
SG_002460,0.8747816667
SG_002462,0.3007025000
SG_002464,0.5279875000
SG_002466,0.6802775000
SG_002475,0.6019200000
SG_002477,0.5904533333
SG_002479,0.4085791667
SG_002482,0.5571016667
SG_002483,0.9011516667
SG_002486,0.5670558333
SG_002490,0.7414058333
SG_002493,0.3137941667
SG_002495,0.7738775000
SG_002498,0.1292183333
SG_002500,0.8164341667
SG_002502,0.1073916667
SG_002507,0.2516700000
SG_002509,0.5829891667
SG_002517,0.8850750000
SG_002520,0.5874466667
SG_002522,0.4640791667
SG_002526,0.0277883333
SG_002529,0.1862250000
SG_002532,0.0559791667
SG_002539,0.1686608333
SG_002541,0.0119775000
SG_002544,0.0627350000
SG_002545,0.4018341667
SG_002546,0.5961175000
SG_002548,0.7950325000
SG_002555,0.8302341667
SG_002559,0.5269091667
SG_002568,0.2699950000
SG_002572,0.9749833333
SG_002573,0.1619183333
SG_002577,0.3632191667
SG_002580,0.5942700000
SG_002583,0.6862266667
SG_002586,0.2943558333
SG_002587,0.7579933333
SG_002588,0.2292566667
SG_002594,0.2957808333
SG_002596,0.0177591667
SG_002597,0.0714033333
SG_002599,0.5292966667
SG_002600,0.6086083333
SG_002601,0.0187266667
SG_002605,0.4030541667
SG_002613,0.4592608333
SG_002615,0.5888575000
SG_002618,0.2051400000
SG_002622,0.2352416667
SG_002627,0.7323616667
SG_002628,0.4365250000
SG_002630,0.0018225000
SG_002633,0.5636258333
SG_002638,0.0181675000
SG_002649,0.8477208333
SG_002650,0.4083308333
SG_002652,0.1688458333
SG_002653,0.4945883333
SG_002654,0.0462258333
SG_002657,0.1693200000
SG_002664,0.5343866667
SG_002665,0.0076116667
SG_002666,0.8429433333
SG_002667,0.8159525000
SG_002672,0.7830816667
SG_002673,0.5839216667
SG_002674,0.7924716667
SG_002675,0.3410833333
SG_002680,0.8451358333
SG_002684,0.9837316667
SG_002688,0.9036191667
SG_002689,0.2598666667
SG_002691,0.1796066667
SG_002693,0.8194500000
SG_002699,0.5842591667
SG_002701,0.6861041667
SG_002705,0.8476000000
SG_002720,0.0005058333
SG_002731,0.4102875000
SG_002733,0.2378050000
SG_002735,0.7771725000
SG_002736,0.7543208333
SG_002738,0.1377525000
SG_002742,0.5359308333
SG_002746,0.5193100000
SG_002748,0.0430891667
SG_002752,0.1170583333
SG_002755,0.1459050000
SG_002757,0.5349700000
SG_002759,0.5316283333
SG_002767,0.3879875000
SG_002770,0.8488641667
SG_002773,0.8228450000
SG_002777,0.7570116667
SG_002782,0.1651900000
SG_002783,0.1237891667
SG_002785,0.1921133333
SG_002788,0.4911741667
SG_002789,0.8043225000
SG_002793,0.6537758333
SG_002796,0.1280016667
SG_002798,0.6578550000
SG_002809,0.7673500000
SG_002814,0.8800966667
SG_002820,0.3795858333
SG_002825,0.7784175000
SG_002827,0.2753041667
SG_002829,0.6422950000
SG_002832,0.8567825000
SG_002834,0.1128733333
SG_002840,0.6903883333
SG_002842,0.4884991667
SG_002843,0.5498375000
SG_002849,0.9118208333
SG_002850,0.4294791667
SG_002853,0.3897225000
SG_002875,0.9054633333
SG_002882,0.9231166667
SG_002887,0.9571200000
SG_002891,0.6868058333
SG_002896,0.3169258333
SG_002904,0.5811566667
SG_002906,0.7800858333
SG_002907,0.5912641667
SG_002910,0.7063058333
SG_002918,0.6059283333
SG_002926,0.2363466667
SG_002930,0.4854958333
SG_002932,0.1455933333
SG_002937,0.7082983333
SG_002939,0.3680991667
SG_002943,0.0996950000
SG_002944,0.2862666667
SG_002947,0.0835416667
SG_002949,0.4245191667
SG_002950,0.0586625000
SG_002952,0.3303825000
SG_002954,0.7523725000
SG_002955,0.7132475000
SG_002958,0.8294008333
SG_002960,0.2683766667
SG_002964,0.6810000000
SG_002967,0.6055808333
SG_002972,0.9356808333
SG_002982,0.9185816667
SG_002985,0.7500183333
SG_002989,0.7041891667
SG_002999,0.3193850000
SG_003002,0.5965283333
SG_003008,0.5744775000
SG_003023,0.2821291667
SG_003024,0.2133416667
SG_003026,0.6860325000
SG_003028,0.6635350000
SG_003030,0.4490033333
SG_003031,0.4355350000
SG_003037,0.1418858333
SG_003042,0.2568858333
SG_003043,0.2996183333
SG_003044,0.8639341667
SG_003045,0.2358233333
SG_003048,0.4554716667
SG_003049,0.1822708333
SG_003051,0.0954633333
SG_003052,0.4557041667
SG_003059,0.8499041667
SG_003062,0.2198933333
SG_003065,0.3735466667
SG_003067,0.1790075000
SG_003071,0.0422591667
SG_003072,0.4509091667
SG_003073,0.5622083333
SG_003075,0.5219800000
SG_003080,0.1447775000
SG_003082,0.4943750000
SG_003084,0.8552933333
SG_003085,0.1391183333
SG_003088,0.7117050000
SG_003089,0.7140975000
SG_003096,0.2408441667
SG_003097,0.7896950000
SG_003102,0.2532966667
SG_003105,0.8572758333
SG_003107,0.0462633333
SG_003111,0.3082933333
SG_003116,0.5463283333
SG_003118,0.1707416667
SG_003125,0.0261175000
SG_003127,0.4028925000
SG_003133,0.9425191667
SG_003135,0.5818900000
SG_003137,0.4613016667
SG_003138,0.1065858333
SG_003139,0.9128716667
SG_003141,0.9332291667
SG_003144,0.8022366667
SG_003151,0.8101241667
SG_003154,0.7336208333
SG_003158,0.8284425000
SG_003160,0.0986733333
SG_003164,0.8851250000
SG_003168,0.3550233333
SG_003169,0.1085208333
SG_003174,0.2227741667
SG_003179,0.8932758333
SG_003184,0.4954441667
SG_003186,0.0978983333
SG_003193,0.7275350000
SG_003196,0.1596158333
SG_003198,0.8329683333
SG_003201,0.5520425000
SG_003204,0.9833741667
SG_003205,0.7696033333
SG_003206,0.1948358333
SG_003211,0.8034408333
SG_003214,0.8001383333
SG_003215,0.2602791667
SG_003216,0.6675858333
SG_003217,0.3956950000
SG_003219,0.4683200000
SG_003226,0.6623075000
SG_003227,0.7996841667
SG_003230,0.7985616667
SG_003231,0.6742025000
SG_003232,0.1733283333
SG_003234,0.5712475000
SG_003239,0.5182041667
SG_003241,0.1064283333
SG_003243,0.2952791667
SG_003250,0.3997983333
SG_003253,0.6600983333
SG_003256,0.2965616667
SG_003259,0.5683150000
SG_003266,0.7594533333
SG_003272,0.6502350000
SG_003273,0.1994175000
SG_003281,0.2017758333
SG_003284,0.8028666667
SG_003288,0.0110825000
SG_003293,0.0785383333
SG_003294,0.8012158333
SG_003295,0.3967666667
SG_003296,0.2174016667
SG_003301,0.5782516667
SG_003304,0.5059808333
SG_003305,0.7782083333
SG_003307,0.5217783333
SG_003310,0.7479966667
SG_003314,0.7607800000
SG_003321,0.1942041667
SG_003325,0.3993700000
SG_003328,0.9546158333
SG_003331,0.5825175000
SG_003332,0.7750533333
SG_003333,0.3392200000
SG_003340,0.7439175000
SG_003341,0.9238708333
SG_003342,0.7260533333
SG_003349,0.7417750000
SG_003355,0.2528241667
SG_003357,0.9755658333
SG_003361,0.1371350000
SG_003370,0.9269008333
SG_003371,0.5820758333
SG_003373,0.7390733333
SG_003374,0.9513541667
SG_003379,0.3016708333
SG_003388,0.0418950000
SG_003389,0.7953250000
SG_003390,0.1503341667
SG_003391,0.8719333333
SG_003392,0.2299433333
SG_003393,0.9946216667
SG_003397,0.0893200000
SG_003398,0.2250416667
SG_003399,0.2358483333
SG_003402,0.7072016667
SG_003404,0.4004391667
SG_003407,0.0092716667
SG_003408,0.5127366667
SG_003422,0.1707133333
SG_003426,0.4130633333
SG_003430,0.4654950000
SG_003434,0.0251508333
SG_003437,0.4821008333
SG_003439,0.2609808333
SG_003440,0.5316775000
SG_003441,0.0064183333
SG_003444,0.6826058333
SG_003447,0.7666450000
SG_003452,0.0788725000
SG_003453,0.9956325000
SG_003464,0.5106675000
SG_003469,0.1039108333
SG_003475,0.7094941667
SG_003477,0.7839100000
SG_003479,0.3628316667
SG_003480,0.5161450000
SG_003482,0.9614275000
SG_003483,0.9704941667
SG_003485,0.2415375000
SG_003486,0.9757391667
SG_003489,0.0014766667
SG_003491,0.1021908333
SG_003492,0.1818316667
SG_003493,0.3509575000
SG_003501,0.7193691667
SG_003505,0.7404850000
SG_003509,0.0210266667
SG_003517,0.6575608333
SG_003521,0.4544391667
SG_003526,0.2398875000
SG_003528,0.3950641667
SG_003532,0.3592225000
SG_003535,0.0238133333
SG_003538,0.9097866667
SG_003541,0.1030575000
SG_003545,0.1959808333
SG_003548,0.2132358333
SG_003549,0.4873150000
SG_003554,0.0222541667
SG_003557,0.9853475000
SG_003566,0.8077116667
SG_003568,0.0274733333
SG_003572,0.6586916667
SG_003575,0.6704833333
SG_003578,0.2327991667
SG_003584,0.2762650000
SG_003585,0.2804025000
SG_003588,0.4571083333
SG_003589,0.6094000000
SG_003594,0.5289191667
SG_003597,0.5955325000
SG_003598,0.5695191667
SG_003601,0.8382016667
SG_003603,0.8924625000
SG_003610,0.3156458333
SG_003611,0.0754508333
SG_003613,0.7748700000
SG_003618,0.2133275000
SG_003619,0.4146766667
SG_003620,0.8527833333
SG_003625,0.9427600000
SG_003627,0.1546891667
SG_003628,0.5905916667
SG_003629,0.3415633333
SG_003637,0.9439916667
SG_003648,0.1160491667
SG_003650,0.0823916667
SG_003666,0.3918408333
SG_003668,0.8042125000
SG_003670,0.6498625000
SG_003671,0.0277375000
SG_003689,0.1447091667
SG_003691,0.0952133333
SG_003699,0.9728491667
SG_003702,0.8764866667
SG_003704,0.5181325000
SG_003705,0.6072333333
SG_003706,0.5709233333
SG_003708,0.0455808333
SG_003710,0.0525075000
SG_003711,0.3988891667
SG_003714,0.5030258333
SG_003715,0.7097683333
SG_003722,0.7770958333
SG_003745,0.6230383333
SG_003746,0.3463408333
SG_003751,0.1296216667
SG_003754,0.7071775000
SG_003757,0.4995450000
SG_003758,0.7138116667
SG_003765,0.3062108333
SG_003767,0.2603408333
SG_003768,0.1701916667
SG_003769,0.2767183333
SG_003777,0.8745116667
SG_003783,0.0474425000
SG_003786,0.4400683333
SG_003787,0.0688258333
SG_003788,0.1927133333
SG_003792,0.2219875000
SG_003795,0.3757416667
SG_003806,0.7255658333
SG_003807,0.8056941667
SG_003809,0.7241741667
SG_003810,0.1015608333
SG_003812,0.8169000000
SG_003820,0.6077058333
SG_003822,0.7335350000
SG_003829,0.8118933333
SG_003835,0.0264133333
SG_003843,0.8504516667
SG_003844,0.4789825000
SG_003851,0.0625700000
SG_003852,0.7791833333
SG_003856,0.6107150000
SG_003860,0.6385566667
SG_003863,0.1707758333
SG_003865,0.3457366667
SG_003868,0.8462466667
SG_003869,0.0147400000
SG_003874,0.6069316667
SG_003878,0.9164791667
SG_003880,0.5893108333
SG_003881,0.4986866667
SG_003886,0.3138300000
SG_003896,0.3354675000
SG_003904,0.7224058333
SG_003905,0.8417116667
SG_003906,0.2168558333
SG_003907,0.4111691667
SG_003908,0.7523833333
SG_003910,0.7963325000
SG_003917,0.2316033333
SG_003919,0.9009658333
SG_003920,0.5052225000
SG_003921,0.0433958333
SG_003922,0.8649350000
SG_003925,0.0282758333
SG_003926,0.2059500000
SG_003935,0.2400625000
SG_003937,0.3492625000
SG_003940,0.4683716667
SG_003941,0.2866358333
SG_003945,0.9133033333
SG_003951,0.9190350000
SG_003958,0.0111741667
SG_003959,0.1441908333
SG_003961,0.9392083333
SG_003966,0.6248525000
SG_003967,0.1904183333
SG_003969,0.3539775000
SG_003972,0.6552808333
SG_003977,0.7931450000
SG_003978,0.1043300000
SG_003979,0.7228450000
SG_003988,0.1407066667
SG_003992,0.9530933333
SG_003994,0.2723291667
SG_003995,0.7110983333
SG_004001,0.5073033333
SG_004002,0.2315700000
SG_004011,0.2845841667
SG_004012,0.1542641667
SG_004016,0.9517800000
SG_004019,0.8002333333
SG_004034,0.7280058333
SG_004036,0.2253233333
SG_004041,0.9473175000
SG_004042,0.5875266667
SG_004045,0.1358666667
SG_004048,0.9350391667
SG_004049,0.0099108333
SG_004050,0.9785525000
SG_004054,0.6459650000
SG_004060,0.5137691667
SG_004063,0.1557833333
SG_004064,0.4749933333
SG_004065,0.9494558333
SG_004066,0.2220941667
SG_004071,0.1798108333
SG_004074,0.0565383333
SG_004078,0.7341783333
SG_004079,0.0786041667
SG_004080,0.2216633333
SG_004081,0.7698891667
SG_004083,0.9540366667
SG_004087,0.1155891667
SG_004089,0.1440308333
SG_004091,0.0356675000
SG_004093,0.9074041667
SG_004094,0.6366916667
SG_004100,0.4402383333
SG_004107,0.5313041667
SG_004109,0.5519908333
SG_004110,0.7369708333
SG_004111,0.4092216667
SG_004123,0.0700358333
SG_004126,0.1602250000
SG_004127,0.0155966667
SG_004129,0.3281175000
SG_004130,0.3340200000
SG_004131,0.7473091667
SG_004136,0.2000983333
SG_004140,0.2719316667
SG_004149,0.0955433333
SG_004152,0.9001350000
SG_004155,0.7282675000
SG_004157,0.1963250000
SG_004163,0.2091716667
SG_004164,0.4667333333
SG_004168,0.3307850000
SG_004170,0.5880783333
SG_004171,0.3676066667
SG_004174,0.1624391667
SG_004175,0.4044975000
SG_004178,0.2600808333
SG_004181,0.7767333333
SG_004184,0.8338425000
SG_004186,0.5406233333
SG_004187,0.8963216667
SG_004191,0.3422466667
SG_004192,0.9876983333
SG_004197,0.6059466667
SG_004201,0.7726225000
SG_004204,0.8616883333
SG_004207,0.8684583333
SG_004209,0.9883125000
SG_004214,0.9176933333
SG_004218,0.4234133333
SG_004220,0.3410716667
SG_004223,0.2067458333
SG_004224,0.5264700000
SG_004225,0.4183508333
SG_004228,0.4508275000
SG_004229,0.3228091667
SG_004230,0.3814525000
SG_004235,0.0800075000
SG_004238,0.6511358333
SG_004239,0.9872083333
SG_004244,0.5390058333
SG_004253,0.8973650000
SG_004256,0.4466150000
SG_004257,0.4081858333
SG_004258,0.1714850000
SG_004262,0.7981575000
SG_004263,0.1867558333
SG_004265,0.2862341667
SG_004268,0.2428733333
SG_004269,0.6245141667
SG_004271,0.4173483333
SG_004286,0.6538325000
SG_004289,0.2695758333
SG_004290,0.8173158333
SG_004291,0.9139591667
SG_004297,0.5119808333
SG_004300,0.6870508333
SG_004302,0.7655650000
SG_004305,0.2997408333
SG_004306,0.4813816667
SG_004312,0.4238208333
SG_004313,0.2776350000
SG_004315,0.8993050000
SG_004320,0.3687208333
SG_004321,0.9027175000
SG_004322,0.4013325000
SG_004325,0.7140258333
SG_004326,0.7524791667
SG_004339,0.2254441667
SG_004342,0.7261166667
SG_004347,0.6909416667
SG_004348,0.8572250000
SG_004349,0.9008183333
SG_004350,0.8399883333
SG_004357,0.0094208333
SG_004358,0.6937308333
SG_004359,0.4145008333
SG_004362,0.6681925000
SG_004365,0.4710950000
SG_004368,0.7324133333
SG_004369,0.7716925000
SG_004370,0.4945683333
SG_004378,0.6773725000
SG_004379,0.4746433333
SG_004388,0.6254433333
SG_004390,0.1556233333
SG_004391,0.1980191667
SG_004401,0.1605875000
SG_004404,0.9973450000
SG_004405,0.7125983333
SG_004406,0.5197675000
SG_004408,0.4624175000
SG_004415,0.5016991667
SG_004417,0.0316391667
SG_004419,0.5378783333
SG_004420,0.9515383333
SG_004422,0.3919358333
SG_004423,0.1674816667
SG_004426,0.1714383333
SG_004427,0.2418533333
SG_004429,0.4722300000
SG_004432,0.1740775000
SG_004439,0.9198550000
SG_004445,0.6649675000
SG_004447,0.5195416667
SG_004448,0.0359158333
SG_004451,0.7514591667
SG_004457,0.4924450000
SG_004458,0.0562058333
SG_004460,0.2872650000
SG_004461,0.9381775000
SG_004462,0.0008850000
SG_004464,0.3568433333
SG_004465,0.3344866667
SG_004469,0.0939100000
SG_004474,0.5848016667
SG_004475,0.2875108333
SG_004476,0.1881641667
SG_004477,0.6238508333
SG_004480,0.7438283333
SG_004482,0.7577166667
SG_004484,0.4942850000
SG_004486,0.3976900000
SG_004494,0.8871583333
SG_004504,0.3298950000
SG_004508,0.4770775000
SG_004509,0.8891991667
SG_004511,0.6795491667
SG_004514,0.6944991667
SG_004515,0.6142200000
SG_004518,0.5344883333
SG_004521,0.0914441667
SG_004526,0.5853766667
SG_004530,0.6251491667
SG_004534,0.6424208333
SG_004536,0.2895233333
SG_004538,0.4788158333
SG_004539,0.5848508333
SG_004541,0.7206575000
SG_004549,0.4761575000
SG_004552,0.5985541667
SG_004553,0.1333908333
SG_004556,0.4462741667
SG_004559,0.1962133333
SG_004562,0.5376233333
SG_004565,0.3656400000
SG_004568,0.7251850000
SG_004576,0.2396541667
SG_004577,0.5103058333
SG_004593,0.9156058333
SG_004594,0.8255033333
SG_004600,0.9331950000
SG_004602,0.7897225000
SG_004608,0.2584391667
SG_004609,0.7103641667
SG_004612,0.1679641667
SG_004614,0.1087475000
SG_004617,0.4870891667
SG_004620,0.1541466667
SG_004623,0.3962966667
SG_004626,0.9582383333
SG_004631,0.7004416667
SG_004632,0.1025833333
SG_004633,0.6199116667
SG_004635,0.6302241667
SG_004637,0.6457033333
SG_004638,0.4779833333
SG_004641,0.9273083333
SG_004645,0.3669016667
SG_004652,0.2242025000
SG_004653,0.2637191667
SG_004655,0.9175075000
SG_004656,0.5923125000
SG_004658,0.3512975000
SG_004659,0.3325266667
SG_004662,0.5241733333
SG_004664,0.2241925000
SG_004668,0.5247908333
SG_004669,0.4972175000
SG_004672,0.8592466667
SG_004676,0.6706666667
SG_004682,0.2494983333
SG_004685,0.7672916667
SG_004689,0.1711191667
SG_004695,0.5067333333
SG_004697,0.4681333333
SG_004700,0.6356650000
SG_004701,0.9563400000
SG_004709,0.3559683333
SG_004710,0.0597391667
SG_004712,0.1209300000
SG_004716,0.5541216667
SG_004720,0.0865966667
SG_004721,0.1174408333
SG_004723,0.3209950000
SG_004731,0.8042816667
SG_004736,0.8283033333
SG_004737,0.6236366667
SG_004738,0.3931966667
SG_004739,0.5880558333
SG_004742,0.4537666667
SG_004751,0.8609158333
SG_004753,0.0212150000
SG_004755,0.7780991667
SG_004757,0.4304775000
SG_004760,0.2045183333
SG_004761,0.0802783333
SG_004762,0.1016775000
SG_004763,0.7219600000
SG_004764,0.6243425000
SG_004766,0.7255333333
SG_004769,0.3582833333
SG_004772,0.2151283333
SG_004773,0.4625250000
SG_004782,0.1589050000
SG_004784,0.6900166667
SG_004786,0.8232041667
SG_004787,0.4695525000
SG_004789,0.0223900000
SG_004797,0.1624033333
SG_004798,0.5090958333
SG_004799,0.7818625000
SG_004801,0.9779466667
SG_004804,0.9323025000
SG_004813,0.4119675000
SG_004816,0.9921950000
SG_004817,0.0320375000
SG_004818,0.8027658333
SG_004821,0.3076258333
SG_004827,0.7512466667
SG_004828,0.2680233333
SG_004829,0.5088375000
SG_004830,0.8576125000
SG_004831,0.7797825000
SG_004836,0.1668016667
SG_004840,0.4351316667
SG_004842,0.2745233333
SG_004844,0.1210025000
SG_004846,0.8693700000
SG_004853,0.4286525000
SG_004855,0.8045708333
SG_004856,0.0868425000
SG_004866,0.1243550000
SG_004867,0.0656858333
SG_004868,0.9781008333
SG_004873,0.8008016667
SG_004877,0.6537175000
SG_004881,0.2252875000
SG_004882,0.6596291667
SG_004887,0.6214066667
SG_004898,0.8689058333
SG_004900,0.6770133333
SG_004906,0.9702550000
SG_004907,0.4975733333
SG_004912,0.6866616667
SG_004913,0.2445466667
SG_004919,0.2075500000
SG_004922,0.7439508333
SG_004923,0.7670008333
SG_004925,0.5578608333
SG_004927,0.1881116667
SG_004929,0.9083708333
SG_004930,0.8723975000
SG_004939,0.6967100000
SG_004942,0.0456391667
SG_004944,0.3253250000
SG_004945,0.3119041667
SG_004959,0.4046566667
SG_004960,0.7774866667
SG_004964,0.2335450000
SG_004968,0.9060425000
SG_004969,0.4305025000
SG_004973,0.9516358333
SG_004975,0.8806675000
SG_004981,0.6191466667
SG_004985,0.8223125000
SG_004988,0.7735466667
SG_004990,0.6127591667
SG_004993,0.1852016667
SG_004997,0.0274016667
SG_005000,0.2394283333
SG_005002,0.9540325000
SG_005004,0.9836508333
SG_005011,0.3401858333
SG_005013,0.1552225000
SG_005018,0.3361741667
SG_005019,0.1029983333
SG_005020,0.2538175000
SG_005022,0.1408175000
SG_005027,0.4667116667
SG_005029,0.0118308333
SG_005030,0.1559516667
SG_005031,0.3678158333
SG_005033,0.0663341667
SG_005037,0.2671758333
SG_005041,0.1080383333
SG_005048,0.4854100000
SG_005049,0.3485100000
SG_005052,0.5989658333
SG_005057,0.7358975000
SG_005058,0.3471658333
SG_005062,0.9119133333
SG_005080,0.3094441667
SG_005085,0.0334116667
SG_005086,0.6547075000
SG_005089,0.8690041667
SG_005090,0.0310250000
SG_005091,0.9612500000
SG_005094,0.6624425000
SG_005097,0.7985116667
SG_005098,0.4144466667
SG_005100,0.8487666667
SG_005101,0.6807216667
SG_005102,0.8243741667
SG_005108,0.9171250000
SG_005110,0.9632316667
SG_005114,0.6113216667
SG_005120,0.4241741667
SG_005122,0.4403733333
SG_005123,0.2829808333
SG_005126,0.7151441667
SG_005131,0.0319683333
SG_005132,0.1627358333
SG_005134,0.1421033333
SG_005137,0.0902825000
SG_005140,0.3553983333
SG_005141,0.8410825000
SG_005142,0.5125058333
SG_005143,0.0990758333
SG_005148,0.4673125000
SG_005161,0.8840483333
SG_005168,0.6178100000
SG_005170,0.1032866667
SG_005171,0.5957450000
SG_005174,0.2921350000
SG_005175,0.4021475000
SG_005178,0.7536608333
SG_005179,0.0421591667
SG_005188,0.8450666667
SG_005190,0.8303691667
SG_005191,0.4291725000
SG_005194,0.9565300000
SG_005196,0.1257108333
SG_005199,0.3718583333
SG_005200,0.0432300000
SG_005203,0.2985225000
SG_005205,0.7782333333
SG_005213,0.1852008333
SG_005214,0.7373883333
SG_005216,0.8936541667
SG_005220,0.1416066667
SG_005224,0.1190108333
SG_005228,0.6026475000
SG_005233,0.2707541667
SG_005235,0.4928008333
SG_005240,0.0163150000
SG_005241,0.5225450000
SG_005246,0.6653258333
SG_005247,0.2889500000
SG_005248,0.5894250000
SG_005250,0.7001600000
SG_005251,0.4096000000
SG_005253,0.0570466667
SG_005255,0.4050483333
SG_005264,0.3663858333
SG_005268,0.0047816667
SG_005270,0.3905541667
SG_005277,0.7734116667
SG_005282,0.0738491667
SG_005283,0.7647100000
SG_005284,0.5384958333
SG_005287,0.6157258333
SG_005289,0.6735175000
SG_005291,0.7430600000
SG_005292,0.1100975000
SG_005296,0.0269100000
SG_005302,0.4265600000
SG_005305,0.5509025000
SG_005311,0.3539491667
SG_005312,0.3923116667
SG_005313,0.2341033333
SG_005316,0.1681383333
SG_005320,0.7277458333
SG_005321,0.7319075000
SG_005322,0.7816783333
SG_005323,0.9531008333
SG_005325,0.3267525000
SG_005328,0.4485841667
SG_005329,0.6154683333
SG_005332,0.6097091667
SG_005333,0.6528575000
SG_005335,0.1561316667
SG_005340,0.5585958333
SG_005341,0.3654816667
SG_005346,0.7233083333
SG_005350,0.9992300000
SG_005351,0.1274933333
SG_005353,0.0402700000
SG_005356,0.0935091667
SG_005360,0.7672691667
SG_005362,0.6531250000
SG_005363,0.1370275000
SG_005365,0.5583550000
SG_005371,0.2638116667
SG_005372,0.5441900000
SG_005376,0.5622275000
SG_005378,0.6401533333
SG_005379,0.0611250000
SG_005380,0.9145441667
SG_005384,0.9354275000
SG_005386,0.7913075000
SG_005387,0.9297133333
SG_005397,0.8076116667
SG_005401,0.7535375000
SG_005408,0.8196825000
SG_005412,0.3964541667
SG_005414,0.8874283333
SG_005421,0.6722008333
SG_005424,0.1346783333
SG_005428,0.7217916667
SG_005432,0.5343500000
SG_005439,0.9889758333
SG_005444,0.1442733333
SG_005445,0.7807916667
SG_005446,0.3795858333
SG_005447,0.9481983333
SG_005449,0.3458766667
SG_005450,0.7507083333
SG_005451,0.3800850000
SG_005452,0.1487891667
SG_005456,0.3208466667
SG_005457,0.0694750000
SG_005459,0.0020283333
SG_005460,0.3458608333
SG_005465,0.8731100000
SG_005466,0.9445775000
SG_005470,0.9404733333
SG_005473,0.6748241667
SG_005477,0.7993991667
SG_005486,0.3141991667
SG_005489,0.5039841667
SG_005491,0.9166100000
SG_005496,0.2302641667
SG_005497,0.7734250000
SG_005499,0.6934991667
SG_005503,0.4273800000
SG_005504,0.1200841667
SG_005506,0.4431025000
SG_005510,0.4278866667
SG_005511,0.9340691667
SG_005515,0.2206216667
SG_005518,0.7999991667
SG_005519,0.9596325000
SG_005524,0.8268516667
SG_005529,0.4487950000
SG_005530,0.3530291667
SG_005531,0.5487475000
SG_005532,0.0846966667
SG_005534,0.5735241667
SG_005535,0.6833008333
SG_005541,0.6669141667
SG_005542,0.6086300000
SG_005550,0.0769991667
SG_005555,0.5036800000
SG_005557,0.4770091667
SG_005565,0.7157583333
SG_005569,0.2357550000
SG_005572,0.3698016667
SG_005575,0.1378900000
SG_005579,0.9728183333
SG_005580,0.3691616667
SG_005583,0.1502608333
SG_005591,0.9203058333
SG_005592,0.2589858333
SG_005593,0.2108700000
SG_005594,0.2766791667
SG_005599,0.6178175000
SG_005603,0.8751683333
SG_005606,0.1811991667
SG_005611,0.4984691667
SG_005615,0.8873900000
SG_005622,0.5489558333
SG_005625,0.6443116667
SG_005630,0.3905575000
SG_005634,0.2474650000
SG_005635,0.7073666667
SG_005636,0.9779883333
SG_005638,0.5400716667
SG_005640,0.3551283333
SG_005643,0.2403091667
SG_005644,0.1392550000
SG_005645,0.8405300000
SG_005650,0.6612183333
SG_005654,0.9868775000
SG_005655,0.0247116667
SG_005656,0.6997083333
SG_005661,0.9425200000
SG_005664,0.1403883333
SG_005666,0.8145908333
SG_005671,0.2299066667
SG_005681,0.3621533333
SG_005683,0.9072958333
SG_005687,0.2355900000
SG_005688,0.6618491667
SG_005691,0.7067133333
SG_005692,0.6003350000
SG_005693,0.6330025000
SG_005694,0.8340166667
SG_005696,0.4431033333
SG_005703,0.3420166667
SG_005704,0.5330933333
SG_005706,0.9462191667
SG_005707,0.9064250000
SG_005713,0.1357475000
SG_005715,0.4127883333
SG_005719,0.3040516667
SG_005722,0.0020750000
SG_005724,0.5220766667
SG_005725,0.3274341667
SG_005726,0.1911566667
SG_005730,0.8426966667
SG_005735,0.3563000000
SG_005736,0.9573966667
SG_005740,0.4898766667
SG_005748,0.9419500000
SG_005750,0.3029375000
SG_005753,0.9603050000
SG_005758,0.1700641667
SG_005759,0.1952675000
SG_005764,0.0852791667
SG_005765,0.0349325000
SG_005772,0.6763033333
SG_005773,0.0895475000
SG_005776,0.4367341667
SG_005778,0.7720375000
SG_005784,0.3143208333
SG_005786,0.1040791667
SG_005789,0.4391141667
SG_005794,0.6751100000
SG_005796,0.1847000000
SG_005801,0.3628316667
SG_005807,0.0447016667
SG_005809,0.2975041667
SG_005811,0.4005516667
SG_005813,0.0766400000
SG_005814,0.7674191667
SG_005817,0.1343150000
SG_005818,0.4917500000
SG_005820,0.0269216667
SG_005821,0.4269408333
SG_005824,0.1687700000
SG_005825,0.4046733333
SG_005827,0.3240933333
SG_005828,0.8871450000
SG_005830,0.2478541667
SG_005838,0.9896241667
SG_005840,0.9314833333
SG_005842,0.4686400000
SG_005846,0.3320058333
SG_005847,0.0350291667
SG_005848,0.6862391667
SG_005857,0.9750191667
SG_005861,0.2286816667
SG_005862,0.7397550000
SG_005871,0.5183191667
SG_005872,0.7855083333
SG_005873,0.3342591667
SG_005874,0.4016016667
SG_005875,0.8635016667
SG_005877,0.3595966667
SG_005880,0.1158591667
SG_005884,0.4615966667
SG_005892,0.8307166667
SG_005894,0.3516233333
SG_005898,0.6732050000
SG_005899,0.7772000000
SG_005905,0.5851566667
SG_005909,0.0927033333
SG_005910,0.5348875000
SG_005920,0.6500383333
SG_005921,0.9462625000
SG_005922,0.4151000000
SG_005925,0.6372808333
SG_005928,0.3528275000
SG_005932,0.0948466667
SG_005934,0.7637633333
SG_005935,0.0735441667
SG_005937,0.3059016667
SG_005939,0.2582950000
SG_005943,0.4587691667
SG_005951,0.0298733333
SG_005955,0.9440766667
SG_005959,0.9494850000
SG_005966,0.3869716667
SG_005967,0.8547158333
SG_005969,0.8855325000
SG_005976,0.8687833333
SG_005977,0.5337208333
SG_005979,0.6871425000
SG_005980,0.4461175000
SG_005985,0.8089333333
SG_005986,0.9549016667
SG_005991,0.9489366667
SG_005999,0.2538725000
SG_006000,0.6401775000
SG_006004,0.7841800000
SG_006009,0.8537658333
SG_006012,0.2770625000
SG_006013,0.5486708333
SG_006022,0.4965816667
SG_006023,0.6951691667
SG_006026,0.3365441667
SG_006028,0.4843900000
SG_006029,0.5774675000
SG_006033,0.5701758333
SG_006035,0.0575866667
SG_006036,0.3052866667
SG_006038,0.6961958333
SG_006039,0.8674658333
SG_006041,0.0780408333
SG_006047,0.4162875000
SG_006049,0.5168350000
SG_006050,0.6603850000
SG_006054,0.0066050000
SG_006063,0.3772325000
SG_006067,0.9580708333
SG_006069,0.9789608333
SG_006073,0.0138300000
SG_006074,0.1508725000
SG_006075,0.0840566667
SG_006076,0.2946066667
SG_006077,0.8454083333
SG_006079,0.7923408333
SG_006081,0.0734216667
SG_006086,0.2501400000
SG_006092,0.4762750000
SG_006095,0.4213566667
SG_006097,0.6568975000
SG_006099,0.8345391667
SG_006101,0.4479808333
SG_006112,0.9379666667
SG_006122,0.6840125000
SG_006127,0.8262266667
SG_006131,0.1576866667
SG_006133,0.4495816667
SG_006136,0.3225441667
SG_006137,0.7018508333
SG_006140,0.7573141667
SG_006143,0.2984425000
SG_006148,0.1240041667
SG_006150,0.7008925000
SG_006151,0.6905541667
SG_006154,0.0396525000
SG_006161,0.3463600000
SG_006163,0.5880875000
SG_006169,0.4496825000
SG_006170,0.2403716667
SG_006179,0.4508908333
SG_006181,0.4536358333
SG_006184,0.2528850000
SG_006187,0.1662950000
SG_006189,0.6771583333
SG_006197,0.0875500000
SG_006202,0.2655858333
SG_006206,0.2399533333
SG_006212,0.7780916667
SG_006213,0.8257383333
SG_006218,0.2870283333
SG_006222,0.7901991667
SG_006224,0.2697041667
SG_006225,0.9938566667
SG_006226,0.9409600000
SG_006229,0.3135975000
SG_006237,0.7743841667
SG_006238,0.0440600000
SG_006240,0.0183741667
SG_006241,0.0930883333
SG_006242,0.4704891667
SG_006244,0.6052391667
SG_006245,0.2405875000
SG_006247,0.4288258333
SG_006250,0.3995116667
SG_006251,0.4643300000
SG_006252,0.7317716667
SG_006254,0.8264391667
SG_006256,0.8797233333
SG_006260,0.7027491667
SG_006262,0.7633400000
SG_006263,0.1182000000
SG_006264,0.1457941667
SG_006266,0.9998275000
SG_006269,0.7985700000
SG_006275,0.9820266667
SG_006277,0.0344825000
SG_006283,0.3425908333
SG_006284,0.1570941667
SG_006287,0.3546933333
SG_006288,0.3744425000
SG_006300,0.2461000000
SG_006301,0.4422216667
SG_006304,0.4956300000
SG_006306,0.5506550000
SG_006313,0.5294350000
SG_006315,0.4082891667
SG_006317,0.5478183333
SG_006320,0.6358675000
SG_006322,0.7743708333
SG_006326,0.5578358333
SG_006328,0.8074508333
SG_006331,0.4234575000
SG_006337,0.7071300000
SG_006340,0.6724150000
SG_006345,0.7351408333
SG_006348,0.1301591667
SG_006349,0.3908058333
SG_006356,0.5239116667
SG_006357,0.3709408333
SG_006358,0.4875208333
SG_006360,0.9295850000
SG_006371,0.3528233333
SG_006373,0.6240133333
SG_006380,0.4426216667
SG_006382,0.1113791667
SG_006388,0.0056050000
SG_006393,0.4137525000
SG_006394,0.1531183333
SG_006396,0.0408250000
SG_006398,0.4128441667
SG_006400,0.8175458333
SG_006403,0.3067208333
SG_006404,0.1803550000
SG_006411,0.2349866667
SG_006417,0.8400700000
SG_006418,0.8169041667
SG_006420,0.9219216667
SG_006421,0.1537066667
SG_006423,0.1504475000
SG_006424,0.6327191667
SG_006429,0.7365466667
SG_006435,0.2089950000
SG_006438,0.4951091667
SG_006439,0.8508466667
SG_006441,0.2157600000
SG_006445,0.6785941667
SG_006446,0.3370291667
SG_006448,0.6881233333
SG_006451,0.3386716667
SG_006452,0.7304116667
SG_006455,0.6166608333
SG_006463,0.8774150000
SG_006467,0.2200408333
SG_006469,0.3219283333
SG_006470,0.5407516667
SG_006477,0.3278566667
SG_006480,0.9152008333
SG_006486,0.2397658333
SG_006487,0.1120008333
SG_006488,0.8843766667
SG_006490,0.6530233333
SG_006491,0.6793100000
SG_006493,0.6440483333
SG_006494,0.4574083333
SG_006496,0.0609083333
SG_006497,0.6979166667
SG_006498,0.6930891667
SG_006500,0.5284891667
SG_006502,0.1601641667
SG_006503,0.7004733333
SG_006505,0.9861975000
SG_006506,0.8925016667
SG_006507,0.4398516667
SG_006512,0.2312725000
SG_006516,0.3415466667
SG_006520,0.2218166667
SG_006522,0.4767066667
SG_006528,0.8719800000
SG_006534,0.4046308333
SG_006535,0.7429491667
SG_006536,0.5303858333
SG_006537,0.4110033333
SG_006539,0.6945383333
SG_006541,0.5383483333
SG_006543,0.7406533333
SG_006545,0.7990850000
SG_006548,0.4584358333
SG_006550,0.1345616667
SG_006551,0.0303166667
SG_006557,0.5774008333
SG_006560,0.0810758333
SG_006564,0.9888050000
SG_006566,0.6602150000
SG_006567,0.8652516667
SG_006577,0.4052716667
SG_006579,0.2604666667
SG_006581,0.0668008333
SG_006588,0.1318183333
SG_006592,0.6524916667
SG_006597,0.0565116667
SG_006601,0.1392641667
SG_006607,0.0398941667
SG_006608,0.3405941667
SG_006610,0.1003700000
SG_006615,0.5928533333
SG_006616,0.3507950000
SG_006620,0.8275675000
SG_006622,0.3120116667
SG_006623,0.6648616667
SG_006624,0.1387250000
SG_006626,0.6999066667
SG_006627,0.9969258333
SG_006633,0.4699266667
SG_006637,0.3650400000
SG_006638,0.6275775000
SG_006639,0.7150191667
SG_006644,0.5716525000
SG_006645,0.7688275000
SG_006651,0.4625608333
SG_006659,0.3266258333
SG_006664,0.3962425000
SG_006668,0.2460691667
SG_006673,0.2668908333
SG_006687,0.3360016667
SG_006688,0.7059241667
SG_006690,0.7950050000
SG_006693,0.8793808333
SG_006698,0.0821433333
SG_006700,0.5095816667
SG_006706,0.3972650000
SG_006710,0.1347783333
SG_006713,0.3263316667
SG_006716,0.5919116667
SG_006728,0.3905750000
SG_006734,0.9032150000
SG_006736,0.8233233333
SG_006744,0.5516500000
SG_006745,0.3228991667
SG_006749,0.1888916667
SG_006758,0.1451766667
SG_006760,0.5308183333
SG_006765,0.6876208333
SG_006766,0.8749458333
SG_006769,0.5245516667
SG_006778,0.3808516667
SG_006780,0.2591850000
SG_006781,0.4120358333
SG_006786,0.5478091667
SG_006789,0.8053416667
SG_006792,0.7566575000
SG_006793,0.0737675000
SG_006800,0.8598491667
SG_006802,0.4675025000
SG_006808,0.3060716667
SG_006820,0.3744191667
SG_006833,0.4674700000
SG_006835,0.5091633333
SG_006837,0.4032700000
SG_006841,0.3006041667
SG_006847,0.3066316667
SG_006848,0.2540383333
SG_006851,0.2936750000
SG_006852,0.6635141667
SG_006860,0.2104416667
SG_006861,0.4024516667
SG_006863,0.2294008333
SG_006866,0.6230108333
SG_006868,0.6682208333
SG_006874,0.3527258333
SG_006877,0.2717216667
SG_006879,0.2239466667
SG_006880,0.1091383333
SG_006881,0.6689991667
SG_006889,0.0091841667
SG_006890,0.9558416667
SG_006897,0.9861216667
SG_006901,0.6545700000
SG_006908,0.3472558333
SG_006910,0.2503108333
SG_006914,0.7964083333
SG_006918,0.3909850000
SG_006924,0.3585016667
SG_006925,0.7443700000
SG_006927,0.3702258333
SG_006929,0.4206191667
SG_006937,0.4896691667
SG_006938,0.1563375000
SG_006940,0.6342575000
SG_006942,0.2420933333
SG_006945,0.1538733333
SG_006949,0.8589200000
SG_006950,0.9039208333
SG_006951,0.3181491667
SG_006953,0.0996058333
SG_006954,0.3253025000
SG_006956,0.8588933333
SG_006957,0.8123475000
SG_006962,0.1860075000
SG_006963,0.0682825000
SG_006964,0.1346491667
SG_006966,0.0314600000
SG_006970,0.4925575000
SG_006971,0.9477041667
SG_006972,0.4203200000
SG_006974,0.9977466667
SG_006977,0.3699950000
SG_006978,0.0450933333
SG_006981,0.7482550000
SG_006982,0.9990400000
SG_006983,0.0278933333
SG_006984,0.1073208333
SG_006987,0.6149483333
SG_006994,0.3149483333
SG_006997,0.0173125000
SG_007002,0.7129441667
SG_007005,0.8225825000
SG_007009,0.7784316667
SG_007011,0.4256225000
SG_007017,0.0053391667
SG_007018,0.0168250000
SG_007019,0.2902858333
SG_007029,0.6079025000
SG_007030,0.1393883333
SG_007033,0.7204766667
SG_007040,0.5003833333
SG_007047,0.9013416667
SG_007054,0.0998250000
SG_007055,0.8368941667
SG_007056,0.4617541667
SG_007061,0.3419100000
SG_007062,0.2997858333
SG_007067,0.4658100000
SG_007068,0.4821766667
SG_007069,0.9634266667
SG_007073,0.1392050000
SG_007075,0.6593108333
SG_007076,0.0762908333
SG_007078,0.9364033333
SG_007080,0.4145050000
SG_007091,0.5780133333
SG_007095,0.5047616667
SG_007100,0.6793616667
SG_007104,0.7119341667
SG_007112,0.5922141667
SG_007114,0.8206741667
SG_007127,0.1405875000
SG_007130,0.3055275000
SG_007133,0.7420308333
SG_007136,0.1157875000
SG_007138,0.8603741667
SG_007139,0.2962433333
SG_007143,0.7177258333
SG_007146,0.6873608333
SG_007150,0.4445725000
SG_007155,0.5661125000
SG_007157,0.5114866667
SG_007160,0.7106475000
SG_007162,0.4736025000
SG_007163,0.8738183333
SG_007166,0.5992316667
SG_007168,0.1760658333
SG_007170,0.5792033333
SG_007179,0.2169283333
SG_007181,0.3051816667
SG_007183,0.6633733333
SG_007186,0.1413500000
SG_007202,0.3420525000
SG_007203,0.5320841667
SG_007204,0.2029408333
SG_007205,0.8977758333
SG_007210,0.9122700000
SG_007212,0.7128050000
SG_007215,0.0356325000
SG_007218,0.6504008333
SG_007226,0.0798541667
SG_007229,0.5466458333
SG_007231,0.5156691667
SG_007234,0.3141258333
SG_007237,0.9892233333
SG_007239,0.2288925000
SG_007240,0.8016783333
SG_007249,0.7355566667
SG_007252,0.0386141667
SG_007255,0.2792641667
SG_007256,0.5646975000
SG_007257,0.8173483333
SG_007263,0.5457800000
SG_007264,0.2705358333
SG_007265,0.4168800000
SG_007268,0.4495958333
SG_007271,0.5352891667
SG_007275,0.5974658333
SG_007280,0.5446033333
SG_007281,0.6346016667
SG_007282,0.4527608333
SG_007283,0.2334025000
SG_007287,0.3666250000
SG_007288,0.5037075000
SG_007301,0.8998675000
SG_007307,0.5232041667
SG_007310,0.3594491667
SG_007312,0.6930808333
SG_007314,0.8699933333
SG_007319,0.5273600000
SG_007326,0.2412908333
SG_007331,0.3570075000
SG_007333,0.7287908333
SG_007334,0.6187300000
SG_007338,0.3047650000
SG_007340,0.8408658333
SG_007345,0.1210841667
SG_007349,0.7306625000
SG_007356,0.3666391667
SG_007358,0.0606933333
SG_007368,0.1756775000
SG_007370,0.5585000000
SG_007371,0.6897766667
SG_007372,0.5620725000
SG_007375,0.3341433333
SG_007378,0.2344325000
SG_007379,0.2263075000
SG_007380,0.7289141667
SG_007383,0.0461075000
SG_007384,0.7394741667
SG_007389,0.4899741667
SG_007390,0.2786225000
SG_007401,0.8917900000
SG_007403,0.5700200000
SG_007406,0.4396725000
SG_007409,0.8564216667
SG_007410,0.8906725000
SG_007413,0.7692008333
SG_007416,0.8346441667
SG_007419,0.7406233333
SG_007420,0.6913633333
SG_007423,0.5095225000
SG_007424,0.9519141667
SG_007428,0.8537258333
SG_007433,0.4364383333
SG_007434,0.0617150000
SG_007437,0.2217758333
SG_007441,0.7411833333
SG_007443,0.7623800000
SG_007450,0.0852325000
SG_007452,0.8060500000
SG_007455,0.2528000000
SG_007462,0.4188866667
SG_007464,0.7963241667
SG_007466,0.2444816667
SG_007469,0.3807625000
SG_007470,0.9934375000
SG_007472,0.3429025000
SG_007476,0.7292600000
SG_007486,0.9577083333
SG_007489,0.8290125000
SG_007490,0.3864400000
SG_007495,0.9345750000
SG_007499,0.7167175000
SG_007506,0.1043975000
SG_007508,0.5126691667
SG_007509,0.1290975000
SG_007517,0.5912216667
SG_007518,0.8344566667
SG_007522,0.8562475000
SG_007524,0.7160616667
SG_007527,0.1406950000
SG_007535,0.2195800000
SG_007540,0.8298141667
SG_007546,0.6746625000
SG_007552,0.6069008333
SG_007553,0.6317425000
SG_007557,0.7186416667
SG_007558,0.7354958333
SG_007560,0.8013566667
SG_007568,0.0324308333
SG_007571,0.8555541667
SG_007573,0.1617783333
SG_007577,0.1877941667
SG_007578,0.4323875000
SG_007579,0.0118900000
SG_007582,0.8525725000
SG_007586,0.0553708333
SG_007587,0.5406583333
SG_007589,0.5332433333
SG_007591,0.0916741667
SG_007595,0.2455625000
SG_007597,0.4872675000
SG_007599,0.2138541667
SG_007602,0.7244366667
SG_007605,0.2139608333
SG_007609,0.3597958333
SG_007614,0.7130900000
SG_007620,0.3463791667
SG_007628,0.9148375000
SG_007630,0.5205666667
SG_007646,0.9121658333
SG_007648,0.4112200000
SG_007654,0.3142741667
SG_007655,0.7037825000
SG_007656,0.9959983333
SG_007657,0.5846641667
SG_007658,0.3555591667
SG_007659,0.7712225000
SG_007660,0.3969316667
SG_007663,0.3178591667
SG_007665,0.9413650000
SG_007667,0.2129783333
SG_007670,0.4876391667
SG_007678,0.1139716667
SG_007679,0.9746691667
SG_007681,0.1296416667
SG_007685,0.4996258333
SG_007686,0.7156991667
SG_007687,0.5934441667
SG_007688,0.3482441667
SG_007691,0.1263816667
SG_007696,0.2089783333
SG_007698,0.2655708333
SG_007700,0.5892058333
SG_007703,0.1597458333
SG_007704,0.2854991667
SG_007706,0.6499400000
SG_007711,0.4406766667
SG_007712,0.5753941667
SG_007714,0.0665191667
SG_007717,0.8671658333
SG_007719,0.3327558333
SG_007720,0.4088358333
SG_007721,0.4428733333
SG_007728,0.3725658333
SG_007737,0.7192975000
SG_007741,0.3272350000
SG_007742,0.2349316667
SG_007744,0.4224325000
SG_007746,0.7984375000
SG_007748,0.2316208333
SG_007750,0.0568000000
SG_007751,0.0056608333
SG_007752,0.0567416667
SG_007758,0.9671533333
SG_007760,0.3819466667
SG_007762,0.9200008333
SG_007770,0.3513425000
SG_007772,0.8203200000
SG_007776,0.0440350000
SG_007780,0.7223191667
SG_007781,0.2760850000
SG_007782,0.3369183333
SG_007787,0.7291166667
SG_007800,0.6892933333
SG_007801,0.6600200000
SG_007804,0.3197466667
SG_007805,0.8161016667
SG_007807,0.3632925000
SG_007808,0.8565725000
SG_007813,0.5291891667
SG_007815,0.0110483333
SG_007817,0.6209575000
SG_007818,0.5801608333
SG_007820,0.3187058333
SG_007822,0.5759083333
SG_007823,0.6159550000
SG_007824,0.1516350000
SG_007834,0.2332291667
SG_007836,0.0613958333
SG_007839,0.1972050000
SG_007842,0.0285425000
SG_007844,0.4719983333
SG_007846,0.0611416667
SG_007849,0.1631808333
SG_007858,0.6366733333
SG_007864,0.8796891667
SG_007866,0.5084791667
SG_007875,0.6815733333
SG_007876,0.4365683333
SG_007880,0.5659883333
SG_007884,0.4916808333
SG_007889,0.7343900000
SG_007892,0.5765375000
SG_007897,0.3186725000
SG_007898,0.6073308333
SG_007899,0.3577825000
SG_007901,0.7173250000
SG_007908,0.9255566667
SG_007910,0.5049483333
SG_007922,0.3139608333
SG_007923,0.2279533333
SG_007926,0.7673866667
SG_007931,0.7987991667
SG_007933,0.6475616667
SG_007939,0.7677175000
SG_007940,0.2537383333
SG_007946,0.2659741667
SG_007947,0.3616533333
SG_007948,0.4265941667
SG_007954,0.3186316667
SG_007957,0.0779975000
SG_007960,0.7680183333
SG_007964,0.3615175000
SG_007965,0.4549191667
SG_007980,0.7985625000
SG_007985,0.3488008333
SG_007992,0.1870800000
SG_007996,0.3165008333
SG_007998,0.1651600000
SG_007999,0.0978325000
SG_008014,0.1538308333
SG_008015,0.1374533333
SG_008020,0.4039425000
SG_008026,0.2486441667
SG_008033,0.1970491667
SG_008043,0.5368016667
SG_008050,0.3495100000
SG_008055,0.4958158333
SG_008056,0.9353233333
SG_008058,0.6857375000
SG_008067,0.4167841667
SG_008074,0.7203741667
SG_008076,0.6621950000
SG_008081,0.7635841667
SG_008091,0.0667775000
SG_008099,0.3323025000
SG_008100,0.5156083333
SG_008101,0.0723391667
SG_008104,0.7031616667
SG_008115,0.4433933333
SG_008117,0.1440150000
SG_008118,0.8748616667
SG_008127,0.5060341667
SG_008131,0.4885691667
SG_008133,0.4399616667
SG_008137,0.7910208333
SG_008140,0.5985591667
SG_008141,0.6955466667
SG_008145,0.3385875000
SG_008152,0.0395658333
SG_008156,0.6538833333
SG_008160,0.3024108333
SG_008164,0.8768066667
SG_008167,0.6881291667
SG_008175,0.2012291667
SG_008176,0.9374025000
SG_008183,0.7412875000
SG_008188,0.4694625000
SG_008191,0.1506600000
SG_008192,0.4931400000
SG_008193,0.1483466667
SG_008195,0.7410791667
SG_008202,0.6212058333
SG_008213,0.6615958333
SG_008217,0.9718083333
SG_008224,0.5021283333
SG_008228,0.5900800000
SG_008229,0.0535650000
SG_008237,0.1202775000
SG_008242,0.0352750000
SG_008246,0.4456300000
SG_008248,0.1463941667
SG_008249,0.8478208333
SG_008253,0.7544958333
SG_008257,0.7914116667
SG_008261,0.9349175000
SG_008264,0.8434891667
SG_008265,0.6832133333
SG_008281,0.4120383333
SG_008283,0.5118433333
SG_008287,0.2438233333
SG_008291,0.9657066667
SG_008293,0.6026308333
SG_008294,0.2175641667
SG_008296,0.4543075000
SG_008298,0.3691016667
SG_008309,0.7188350000
SG_008310,0.2703091667
SG_008312,0.3314766667
SG_008316,0.6459391667
SG_008317,0.0518358333
SG_008318,0.3488275000
SG_008327,0.0123158333
SG_008330,0.4209541667
SG_008333,0.0413158333
SG_008336,0.3969941667
SG_008345,0.2834391667
SG_008347,0.0657316667
SG_008355,0.6808516667
SG_008358,0.4365758333
SG_008359,0.9216791667
SG_008360,0.4880800000
SG_008361,0.1669650000
SG_008362,0.8339841667
SG_008365,0.4143866667
SG_008366,0.8368925000
SG_008375,0.4679516667
SG_008376,0.4683091667
SG_008382,0.2389283333
SG_008383,0.5179250000
SG_008388,0.5714483333
SG_008389,0.8505183333
SG_008392,0.6454716667
SG_008396,0.1986025000
SG_008402,0.3545925000
SG_008410,0.4999708333
SG_008413,0.7163566667
SG_008417,0.7373325000
SG_008420,0.8250591667
SG_008422,0.5067491667
SG_008435,0.9271050000
SG_008440,0.0742575000
SG_008441,0.8069916667
SG_008442,0.4364675000
SG_008443,0.3200358333
SG_008444,0.1713875000
SG_008449,0.5496558333
SG_008452,0.7435266667
SG_008457,0.7941783333
SG_008459,0.6108975000
SG_008462,0.5788300000
SG_008467,0.8203766667
SG_008468,0.6702125000
SG_008478,0.0237108333
SG_008482,0.9123950000
SG_008484,0.8744591667
SG_008485,0.2986541667
SG_008494,0.5658683333
SG_008497,0.3079266667
SG_008498,0.2287975000
SG_008500,0.8623575000
SG_008501,0.7932900000
SG_008504,0.0888600000
SG_008506,0.7873125000
SG_008512,0.7932333333
SG_008514,0.9744258333
SG_008517,0.6232250000
SG_008522,0.5151666667
SG_008527,0.1825791667
SG_008529,0.8180216667
SG_008531,0.0273958333
SG_008534,0.9935516667
SG_008535,0.4737916667
SG_008536,0.2645625000
SG_008538,0.6225150000
SG_008541,0.2245875000
SG_008542,0.4678025000
SG_008545,0.9464158333
SG_008547,0.3624083333
SG_008549,0.9392825000
SG_008550,0.3822508333
SG_008551,0.3724858333
SG_008553,0.2656725000
SG_008555,0.4844391667
SG_008557,0.5918708333
SG_008561,0.1063366667
SG_008564,0.3287691667
SG_008565,0.9219641667
SG_008568,0.4482158333
SG_008569,0.2983508333
SG_008570,0.4432225000
SG_008572,0.4389816667
SG_008574,0.6277383333
SG_008575,0.5626916667
SG_008576,0.0282025000
SG_008577,0.8147341667
SG_008580,0.3647483333
SG_008586,0.5724650000
SG_008594,0.6780525000
SG_008598,0.1378566667
SG_008600,0.8244483333
SG_008614,0.4689141667
SG_008615,0.5834791667
SG_008617,0.4489683333
SG_008624,0.7008483333
SG_008630,0.7340766667
SG_008635,0.1550475000
SG_008636,0.3014208333
SG_008639,0.9069066667
SG_008645,0.4285933333
SG_008646,0.1668025000
SG_008650,0.9283625000
SG_008653,0.8165341667
SG_008669,0.8459408333
SG_008671,0.7013066667
SG_008689,0.8803691667
SG_008691,0.8954983333
SG_008693,0.7787325000
SG_008708,0.2101475000
SG_008714,0.6333775000
SG_008726,0.4007725000
SG_008727,0.9636025000
SG_008729,0.1929591667
SG_008734,0.9196158333
SG_008735,0.7659133333
SG_008737,0.7970800000
SG_008739,0.1652833333
SG_008745,0.9305933333
SG_008749,0.0635058333
SG_008755,0.5108358333
SG_008759,0.1956650000
SG_008766,0.5324650000
SG_008769,0.5493275000
SG_008770,0.5274408333
SG_008771,0.0645475000
SG_008773,0.7639300000
SG_008774,0.7179183333
SG_008776,0.0600741667
SG_008777,0.6363475000
SG_008780,0.5337283333
SG_008782,0.1840841667
SG_008784,0.6142250000
SG_008785,0.6064266667
SG_008787,0.3672783333
SG_008789,0.6682458333
SG_008793,0.6156858333
SG_008798,0.3007950000
SG_008810,0.8051541667
SG_008816,0.8444083333
SG_008823,0.7576516667
SG_008824,0.0698333333
SG_008825,0.7581825000
SG_008828,0.6950408333
SG_008836,0.1574791667
SG_008839,0.5915425000
SG_008840,0.0452416667
SG_008841,0.0860400000
SG_008843,0.7202216667
SG_008844,0.6367391667
SG_008845,0.6580766667
SG_008849,0.4071475000
SG_008850,0.6224291667
SG_008853,0.6208750000
SG_008855,0.4495350000
SG_008859,0.7385066667
SG_008862,0.3469491667
SG_008864,0.3935541667
SG_008865,0.2085716667
SG_008866,0.0165225000
SG_008867,0.9969541667
SG_008869,0.7067041667
SG_008876,0.5416566667
SG_008881,0.7839133333
SG_008883,0.0671025000
SG_008888,0.2261933333
SG_008889,0.8848008333
SG_008895,0.3576400000
SG_008897,0.6189058333
SG_008901,0.3224000000
SG_008905,0.0462475000
SG_008907,0.0489941667
SG_008908,0.1463800000
SG_008910,0.3448700000
SG_008913,0.5587775000
SG_008914,0.4733391667
SG_008917,0.5209091667
SG_008919,0.3184600000
SG_008920,0.8921233333
SG_008925,0.7066391667
SG_008926,0.5482375000
SG_008927,0.0635741667
SG_008930,0.5101933333
SG_008932,0.1811166667
SG_008934,0.6751133333
SG_008937,0.3279933333
SG_008940,0.5201616667
SG_008943,0.5911541667
SG_008947,0.0498183333
SG_008955,0.4007966667
SG_008960,0.9441400000
SG_008962,0.0537383333
SG_008964,0.2335033333
SG_008965,0.0540866667
SG_008966,0.2687391667
SG_008971,0.3559850000
SG_008972,0.0673108333
SG_008976,0.6231966667
SG_008978,0.0403133333
SG_008983,0.1508258333
SG_008989,0.9954825000
SG_008990,0.3653116667
SG_008994,0.6904958333
SG_008996,0.8659216667
SG_008998,0.1541758333
SG_008999,0.0860116667
SG_009001,0.6678100000
SG_009005,0.4908933333
SG_009006,0.2756083333
SG_009011,0.4957566667
SG_009017,0.5119600000
SG_009018,0.2234091667
SG_009032,0.2733900000
SG_009034,0.2359800000
SG_009043,0.7420033333
SG_009047,0.2642675000
SG_009048,0.4115650000
SG_009053,0.2091200000
SG_009055,0.6676050000
SG_009058,0.1215608333
SG_009063,0.9195983333
SG_009064,0.6512975000
SG_009065,0.8684025000
SG_009069,0.2386658333
SG_009070,0.3099825000
SG_009072,0.2795750000
SG_009075,0.4341508333
SG_009079,0.2680550000
SG_009080,0.7753750000
SG_009081,0.3149575000
SG_009083,0.4319541667
SG_009085,0.0711183333
SG_009091,0.8806550000
SG_009093,0.2280183333
SG_009100,0.1043333333
SG_009109,0.5022266667
SG_009115,0.8078025000
SG_009119,0.5058016667
SG_009120,0.7776608333
SG_009123,0.5330533333
SG_009124,0.2661858333
SG_009127,0.1606283333
SG_009128,0.1610391667
SG_009135,0.7744250000
SG_009136,0.9163158333
SG_009139,0.4496091667
SG_009146,0.9959658333
SG_009147,0.6737641667
SG_009149,0.0374275000
SG_009150,0.6898300000
SG_009152,0.9467733333
SG_009153,0.5740333333
SG_009159,0.7960341667
SG_009168,0.8402691667
SG_009169,0.9294391667
SG_009170,0.1195308333
SG_009172,0.0164933333
SG_009176,0.2425666667
SG_009179,0.6889183333
SG_009183,0.6458641667
SG_009193,0.7847966667
SG_009196,0.4843458333
SG_009199,0.3155100000
SG_009202,0.7578716667
SG_009203,0.1442100000
SG_009204,0.1852866667
SG_009206,0.2178358333
SG_009207,0.9163975000
SG_009209,0.3475525000
SG_009210,0.7351975000
SG_009214,0.5394716667
SG_009220,0.4880358333
SG_009223,0.3572516667
SG_009224,0.3829691667
SG_009225,0.2169233333
SG_009226,0.9989600000
SG_009229,0.2477075000
SG_009230,0.7730625000
SG_009236,0.8305833333
SG_009242,0.2162525000
SG_009246,0.9268641667
SG_009250,0.5396675000
SG_009253,0.9403841667
SG_009266,0.9670475000
SG_009268,0.5500933333
SG_009272,0.7646608333
SG_009273,0.1599058333
SG_009274,0.6756650000
SG_009277,0.6671758333
SG_009278,0.5844575000
SG_009279,0.3035808333
SG_009280,0.4563516667
SG_009281,0.5377525000
SG_009289,0.6963308333
SG_009290,0.8334433333
SG_009299,0.1804841667
SG_009300,0.2865191667
SG_009305,0.0227008333
SG_009307,0.7483725000
SG_009319,0.2336216667
SG_009328,0.0293850000
SG_009333,0.2393916667
SG_009335,0.5802375000
SG_009341,0.3899958333
SG_009347,0.2815333333
SG_009354,0.7005350000
SG_009355,0.9563566667
SG_009357,0.3900075000
SG_009362,0.8959258333
SG_009363,0.9628575000
SG_009365,0.1891516667
SG_009366,0.8925925000
SG_009367,0.5533241667
SG_009370,0.8112450000
SG_009386,0.5938066667
SG_009392,0.3468466667
SG_009398,0.0533441667
SG_009400,0.2505366667
SG_009402,0.9070025000
SG_009403,0.5278858333
SG_009404,0.2702925000
SG_009406,0.6535225000
SG_009407,0.7648066667
SG_009408,0.0180933333
SG_009409,0.0339258333
SG_009410,0.9411441667
SG_009411,0.8785141667
SG_009412,0.2085816667
SG_009413,0.0437258333
SG_009415,0.4972983333
SG_009417,0.7063583333
SG_009419,0.2539191667
SG_009425,0.9058525000
SG_009426,0.2201975000
SG_009427,0.4214283333
SG_009429,0.0235250000
SG_009434,0.6694350000
SG_009438,0.2564883333
SG_009441,0.5588591667
SG_009442,0.5405925000
SG_009444,0.7305175000
SG_009445,0.7123225000
SG_009446,0.0727425000
SG_009447,0.3633983333
SG_009449,0.4315616667
SG_009455,0.3719491667
SG_009458,0.7810125000
SG_009461,0.9311550000
SG_009462,0.9058041667
SG_009466,0.3868025000
SG_009473,0.3812275000
SG_009478,0.8356591667
SG_009479,0.6684650000
SG_009481,0.2143333333
SG_009485,0.1108241667
SG_009490,0.8307491667
SG_009496,0.3074100000
SG_009500,0.1609633333
SG_009502,0.9893000000
SG_009504,0.7825758333
SG_009505,0.5493108333
SG_009516,0.3932525000
SG_009518,0.8986575000
SG_009519,0.6894733333
SG_009528,0.1122658333
SG_009529,0.6810191667
SG_009530,0.0944725000
SG_009533,0.8460675000
SG_009537,0.1611858333
SG_009539,0.2822275000
SG_009540,0.2955941667
SG_009541,0.7730166667
SG_009544,0.1516966667
SG_009556,0.5312550000
SG_009558,0.6791375000
SG_009566,0.3444000000
SG_009567,0.5863383333
SG_009569,0.1223925000
SG_009573,0.4659583333
SG_009577,0.0146333333
SG_009581,0.3505700000
SG_009582,0.4484141667
SG_009584,0.1198100000
SG_009585,0.7298700000
SG_009589,0.4744750000
SG_009592,0.1607133333
SG_009593,0.8041791667
SG_009602,0.2639308333
SG_009614,0.2402266667
SG_009616,0.8517433333
SG_009618,0.8406716667
SG_009619,0.0601941667
SG_009620,0.4606808333
SG_009622,0.1291866667
SG_009630,0.4880175000
SG_009632,0.1595258333
SG_009639,0.1722650000
SG_009649,0.7572958333
SG_009651,0.7293233333
SG_009661,0.0120766667
SG_009670,0.4010658333
SG_009671,0.8399883333
SG_009679,0.6539033333
SG_009681,0.0031958333
SG_009683,0.2380150000
SG_009687,0.9219550000
SG_009690,0.6774533333
SG_009691,0.8608800000
SG_009694,0.4054608333
SG_009696,0.9766175000
SG_009701,0.7899650000
SG_009702,0.2118750000
SG_009707,0.0968991667
SG_009716,0.0763533333
SG_009718,0.4290516667
SG_009727,0.2293025000
SG_009736,0.2130516667
SG_009741,0.4629008333
SG_009744,0.6893666667
SG_009746,0.2813108333
SG_009747,0.8137650000
SG_009751,0.6118283333
SG_009754,0.3973100000
SG_009757,0.1106566667
SG_009759,0.6891033333
SG_009760,0.8750925000
SG_009762,0.2451133333
SG_009763,0.5284800000
SG_009766,0.3238266667
SG_009776,0.6581700000
SG_009778,0.9163900000
SG_009780,0.9588750000
SG_009782,0.9834175000
SG_009783,0.2335466667
SG_009785,0.7897191667
SG_009786,0.6852791667
SG_009791,0.7016441667
SG_009794,0.1564600000
SG_009795,0.5884100000
SG_009799,0.5711925000
SG_009800,0.8663116667
SG_009814,0.9118708333
SG_009819,0.2216500000
SG_009824,0.2909616667
SG_009825,0.8811066667
SG_009829,0.7534225000
SG_009834,0.7183958333
SG_009837,0.5630891667
SG_009838,0.3584400000
SG_009843,0.5914566667
SG_009845,0.4710816667
SG_009851,0.5670733333
SG_009855,0.8984108333
SG_009856,0.6784408333
SG_009862,0.6306408333
SG_009865,0.0595975000
SG_009867,0.0479400000
SG_009868,0.7399550000
SG_009869,0.0947383333
SG_009870,0.5964991667
SG_009875,0.4430658333
SG_009876,0.7469433333
SG_009877,0.7870516667
SG_009878,0.9702816667
SG_009880,0.7353033333
SG_009881,0.4114491667
SG_009895,0.9321191667
SG_009905,0.4878283333
SG_009909,0.5411125000
SG_009914,0.3303108333
SG_009916,0.4730141667
SG_009921,0.3646408333
SG_009923,0.8066391667
SG_009926,0.7725441667
SG_009929,0.8684600000
SG_009932,0.5401483333
SG_009933,0.3015433333
SG_009935,0.0961675000
SG_009936,0.2545016667
SG_009937,0.4173191667
SG_009941,0.1726866667
SG_009942,0.5041425000
SG_009953,0.9144691667
SG_009956,0.2013650000
SG_009959,0.2175066667
SG_009964,0.4018825000
SG_009972,0.7973733333
SG_009977,0.6733883333
SG_009979,0.7938775000
SG_009982,0.1259450000
SG_009985,0.9076450000
SG_009987,0.0049716667
SG_009989,0.5804483333
SG_009993,0.3830825000
SG_009997,0.5787033333
SG_009999,0.7198350000
SG_010002,0.7524200000
SG_010007,0.8042900000
SG_010008,0.1661316667
SG_010009,0.0824783333
SG_010010,0.6940516667
SG_010011,0.3359025000
SG_010012,0.1818741667
SG_010014,0.1570091667
SG_010015,0.5633800000
SG_010019,0.3894483333
SG_010020,0.1453108333
SG_010021,0.2518033333
SG_010024,0.3702775000
SG_010025,0.2582075000
SG_010034,0.5338375000
SG_010037,0.1426416667
SG_010038,0.2923941667
SG_010042,0.5756400000
SG_010045,0.7003458333
SG_010047,0.0902400000
SG_010048,0.6650725000
SG_010050,0.7829066667
SG_010052,0.3204008333
SG_010058,0.5870025000
SG_010061,0.8828625000
SG_010068,0.3010891667
SG_010069,0.0890883333
SG_010074,0.3499958333
SG_010078,0.0954041667
SG_010081,0.1693675000
SG_010084,0.4889500000
SG_010085,0.1750425000
SG_010086,0.9783941667
SG_010088,0.5543133333
SG_010091,0.0029033333
SG_010092,0.6370608333
SG_010099,0.4282366667
SG_010101,0.6088966667
SG_010103,0.3814825000
SG_010104,0.7081208333
SG_010106,0.8465016667
SG_010109,0.3014700000
SG_010115,0.0887416667
SG_010116,0.6674608333
SG_010117,0.8086858333
SG_010123,0.9296133333
SG_010130,0.0135491667
SG_010132,0.0196758333
SG_010134,0.8049608333
SG_010142,0.9261516667
SG_010144,0.2566125000
SG_010146,0.3335825000
SG_010151,0.0293983333
SG_010153,0.9978733333
SG_010155,0.6523908333
SG_010157,0.8212666667
SG_010165,0.0287633333
SG_010166,0.0402625000
SG_010169,0.1432900000
SG_010170,0.0895683333
SG_010172,0.1256575000
SG_010173,0.5177275000
SG_010174,0.8388000000
SG_010175,0.6075508333
SG_010176,0.6664991667
SG_010182,0.1435258333
SG_010183,0.6312816667
SG_010184,0.8521125000
SG_010187,0.2318466667
SG_010195,0.1037950000
SG_010198,0.4198500000
SG_010199,0.5188675000
SG_010200,0.1019358333
SG_010204,0.4880558333
SG_010206,0.7055900000
SG_010208,0.6514391667
SG_010209,0.1731008333
SG_010210,0.5372200000
SG_010213,0.3279258333
SG_010217,0.7283683333
SG_010226,0.7017066667
SG_010227,0.2022675000
SG_010234,0.1185658333
SG_010235,0.3194083333
SG_010238,0.9710733333
SG_010241,0.2109966667
SG_010242,0.1991358333
SG_010243,0.1146166667
SG_010246,0.5962450000
SG_010252,0.5358441667
SG_010253,0.9975333333
SG_010256,0.6733283333
SG_010257,0.6299383333
SG_010258,0.1668516667
SG_010259,0.9129666667
SG_010261,0.4263883333
SG_010263,0.2505316667
SG_010265,0.0144350000
SG_010267,0.0688400000
SG_010271,0.0458816667
SG_010273,0.7531300000
SG_010274,0.2619966667
SG_010277,0.8004816667
SG_010284,0.1755775000
SG_010286,0.2945625000
SG_010287,0.9659575000
SG_010288,0.1225066667
SG_010293,0.5382466667
SG_010294,0.7611900000
SG_010298,0.6014216667
SG_010306,0.6381208333
SG_010313,0.5482958333
SG_010315,0.9356008333
SG_010316,0.7706841667
SG_010319,0.1750650000
SG_010320,0.9182058333
SG_010322,0.6198308333
SG_010323,0.9042158333
SG_010326,0.3292350000
SG_010328,0.6957516667
SG_010329,0.9891316667
SG_010330,0.6715108333
SG_010332,0.1022866667
SG_010336,0.7330475000
SG_010344,0.5410525000
SG_010347,0.7780791667
SG_010350,0.5636325000
SG_010352,0.9743966667
SG_010354,0.4421991667
SG_010358,0.5084608333
SG_010371,0.3273183333
SG_010373,0.7234800000
SG_010379,0.0663125000
SG_010386,0.4703408333
SG_010393,0.6557241667
SG_010394,0.7075000000
SG_010399,0.8923566667
SG_010401,0.2800733333
SG_010404,0.3677533333
SG_010406,0.4066750000
SG_010407,0.3871450000
SG_010409,0.9838558333
SG_010412,0.5894900000
SG_010418,0.0496275000
SG_010420,0.0581441667
SG_010424,0.9748441667
SG_010425,0.5699583333
SG_010428,0.8949850000
SG_010430,0.9704816667
SG_010431,0.7859941667
SG_010435,0.1547833333
SG_010442,0.9467291667
SG_010455,0.4385650000
SG_010459,0.3521991667
SG_010460,0.8383433333
SG_010461,0.5461125000
SG_010462,0.0727466667
SG_010465,0.1174658333
SG_010467,0.5969191667
SG_010469,0.6653616667
SG_010470,0.7092958333
SG_010472,0.0782108333
SG_010475,0.7718666667
SG_010477,0.8730608333
SG_010481,0.6134391667
SG_010482,0.0277650000
SG_010483,0.7016891667
SG_010485,0.6907816667
SG_010486,0.3584200000
SG_010487,0.7643366667
SG_010490,0.6946808333
SG_010492,0.4236550000
SG_010493,0.0618341667
SG_010495,0.3830541667
SG_010498,0.4538983333
SG_010499,0.3417716667
SG_010501,0.6382608333
SG_010503,0.0370691667
SG_010505,0.2763483333
SG_010506,0.1949966667
SG_010507,0.0569633333
SG_010509,0.5089616667
SG_010510,0.5288633333
SG_010515,0.7519183333
SG_010517,0.8498916667
SG_010518,0.5507508333
SG_010531,0.7246625000
SG_010546,0.9520800000
SG_010547,0.3548725000
SG_010550,0.8541383333
SG_010552,0.1630800000
SG_010553,0.5246233333
SG_010555,0.1497550000
SG_010561,0.2850291667
SG_010562,0.5431141667
SG_010563,0.5923575000
SG_010569,0.2302858333
SG_010571,0.2376366667
SG_010577,0.2952666667
SG_010578,0.2977050000
SG_010579,0.3922416667
SG_010582,0.5195125000
SG_010585,0.7345091667
SG_010586,0.6655483333
SG_010588,0.0208083333
SG_010589,0.0327600000
SG_010590,0.8708550000
SG_010592,0.9816283333
SG_010594,0.0980483333
SG_010598,0.9552716667
SG_010600,0.3888275000
SG_010607,0.2412691667
SG_010611,0.8812975000
SG_010615,0.9785850000
SG_010616,0.5334000000
SG_010619,0.1928866667
SG_010627,0.3315441667
SG_010634,0.0180800000
SG_010635,0.2304575000
SG_010636,0.6291058333
SG_010649,0.8219183333
SG_010651,0.3721775000
SG_010653,0.3235633333
SG_010655,0.0635691667
SG_010659,0.4814708333
SG_010662,0.9549958333
SG_010664,0.7592583333
SG_010666,0.1620116667
SG_010668,0.2420491667
SG_010670,0.6934716667
SG_010673,0.8849900000
SG_010674,0.6120475000
SG_010679,0.6786191667
SG_010684,0.9812925000
SG_010685,0.1381591667
SG_010690,0.0447791667
SG_010696,0.6631475000
SG_010700,0.3507783333
SG_010707,0.4280866667
SG_010708,0.3672166667
SG_010713,0.3676908333
SG_010717,0.1127941667
SG_010718,0.6368991667
SG_010721,0.7825100000
SG_010722,0.1394050000
SG_010726,0.8455933333
SG_010729,0.2471658333
SG_010733,0.4431608333
SG_010734,0.4583075000
SG_010737,0.4876075000
SG_010739,0.4024175000
SG_010745,0.6495483333
SG_010752,0.1517141667
SG_010753,0.8321283333
SG_010757,0.0506791667
SG_010760,0.8374158333
SG_010763,0.5030775000
SG_010769,0.8329725000
SG_010772,0.7715908333
SG_010773,0.2337850000
SG_010774,0.4070466667
SG_010781,0.4781983333
SG_010784,0.1281125000
SG_010789,0.2102383333
SG_010791,0.4919908333
SG_010795,0.9873133333
SG_010796,0.7444675000
SG_010798,0.6525466667
SG_010801,0.6127800000
SG_010803,0.9543950000
SG_010808,0.6616033333
SG_010809,0.5222825000
SG_010810,0.7660366667
SG_010814,0.7082708333
SG_010816,0.0456700000
SG_010818,0.0610141667
SG_010824,0.9330716667
SG_010828,0.9522108333
SG_010830,0.7873658333
SG_010831,0.3013875000
SG_010837,0.8616150000
SG_010843,0.2237800000
SG_010844,0.9656158333
SG_010845,0.0203500000
SG_010846,0.2413200000
SG_010847,0.6622591667
SG_010853,0.3986341667
SG_010857,0.2181833333
SG_010860,0.4205741667
SG_010863,0.3087575000
SG_010865,0.4257858333
SG_010870,0.4957875000
SG_010871,0.8819583333
SG_010872,0.2819875000
SG_010876,0.7101733333
SG_010881,0.1227466667
SG_010882,0.3080725000
SG_010884,0.7508225000
SG_010887,0.0493733333
SG_010888,0.5900575000
SG_010889,0.9440125000
SG_010894,0.8405400000
SG_010896,0.7804208333
SG_010898,0.4113058333
SG_010902,0.0676766667
SG_010904,0.8373108333
SG_010907,0.8798300000
SG_010911,0.1818750000
SG_010922,0.3259516667
SG_010930,0.0731925000
SG_010946,0.9558891667
SG_010951,0.1616700000
SG_010956,0.6475783333
SG_010960,0.9527783333
SG_010961,0.2263258333
SG_010962,0.4761616667
SG_010969,0.1344566667
SG_010971,0.1243825000
SG_010973,0.9074950000
SG_010974,0.2183158333
SG_010977,0.0733391667
SG_010982,0.0540033333
SG_010985,0.3979533333
SG_010986,0.4660758333
SG_010987,0.6879075000
SG_010993,0.0318258333
SG_010995,0.1559850000
SG_010998,0.9851633333
SG_011003,0.8797608333
SG_011010,0.0157616667
SG_011012,0.2671000000
SG_011016,0.5975616667
SG_011017,0.4813733333
SG_011025,0.0985650000
SG_011031,0.9167825000
SG_011050,0.1204625000
SG_011052,0.3389358333
SG_011053,0.8154583333
SG_011055,0.2722983333
SG_011057,0.5836808333
SG_011060,0.1114975000
SG_011073,0.4338850000
SG_011075,0.7412316667
SG_011077,0.3323141667
SG_011088,0.3672866667
SG_011089,0.3503041667
SG_011097,0.1501683333
SG_011107,0.5395041667
SG_011110,0.3847075000
SG_011117,0.2031683333
SG_011120,0.7718025000
SG_011132,0.4499908333
SG_011133,0.3114883333
SG_011139,0.9993216667
SG_011143,0.8204958333
SG_011144,0.0663408333
SG_011147,0.8134033333
SG_011148,0.5144508333
SG_011151,0.2018666667
SG_011152,0.8793133333
SG_011154,0.1899750000
SG_011158,0.5771208333
SG_011159,0.8756000000
SG_011160,0.8659975000
SG_011161,0.8827725000
SG_011162,0.3591116667
SG_011164,0.0931016667
SG_011169,0.2074716667
SG_011170,0.1896908333
SG_011175,0.5823400000
SG_011176,0.5277633333
SG_011177,0.4124191667
SG_011182,0.5874600000
SG_011184,0.7293141667
SG_011186,0.3759541667
SG_011190,0.2451600000
SG_011192,0.9191675000
SG_011199,0.3180841667
SG_011200,0.2622483333
SG_011201,0.1427041667
SG_011203,0.1788291667
SG_011208,0.9980516667
SG_011212,0.2586358333
SG_011214,0.4328375000
SG_011221,0.8682216667
SG_011222,0.5932100000
SG_011224,0.0604300000
SG_011226,0.7906475000
SG_011235,0.8730300000
SG_011239,0.0344991667
SG_011250,0.0850400000
SG_011257,0.9233241667
SG_011259,0.6959150000
SG_011261,0.2037991667
SG_011262,0.7354975000
SG_011266,0.6146200000
SG_011274,0.2280466667
SG_011275,0.0938091667
SG_011279,0.1958350000
SG_011280,0.5802808333
SG_011285,0.0393100000
SG_011291,0.4929041667
SG_011294,0.4210058333
SG_011298,0.5182083333
SG_011303,0.5413366667
SG_011304,0.0746641667
SG_011306,0.3527841667
SG_011307,0.6243600000
SG_011308,0.7024883333
SG_011309,0.2653000000
SG_011310,0.6724833333
SG_011312,0.9467725000
SG_011313,0.9831941667
SG_011327,0.2852850000
SG_011333,0.1813666667
SG_011335,0.6668325000
SG_011337,0.5360608333
SG_011340,0.0013908333
SG_011343,0.1929883333
SG_011345,0.4854325000
SG_011347,0.5145316667
SG_011350,0.5411300000
SG_011357,0.4491875000
SG_011360,0.3177291667
SG_011361,0.8046875000
SG_011367,0.1096966667
SG_011371,0.1838866667
SG_011376,0.1740825000
SG_011377,0.9291125000
SG_011380,0.6464450000
SG_011381,0.2666908333
SG_011383,0.2019941667
SG_011398,0.6120791667
SG_011401,0.5730391667
SG_011413,0.4895658333
SG_011416,0.4458725000
SG_011420,0.3185166667
SG_011429,0.5264200000
SG_011432,0.0296308333
SG_011437,0.4716741667
SG_011443,0.4585633333
SG_011447,0.9281516667
SG_011450,0.3853575000
SG_011457,0.6027616667
SG_011458,0.4918108333
SG_011460,0.5391500000
SG_011464,0.2423941667
SG_011468,0.1615700000
SG_011469,0.6733266667
SG_011473,0.8356366667
SG_011475,0.8569341667
SG_011479,0.6257691667
SG_011482,0.9336233333
SG_011483,0.9723100000
SG_011492,0.3569691667
SG_011493,0.6395158333
SG_011497,0.2845533333
SG_011503,0.2672266667
SG_011504,0.6709558333
SG_011505,0.3224658333
SG_011512,0.3759366667
SG_011519,0.1575591667
SG_011526,0.6978283333
SG_011527,0.1894166667
SG_011528,0.4557750000
SG_011532,0.1697425000
SG_011541,0.2489225000
SG_011544,0.4275233333
SG_011547,0.8594550000
SG_011548,0.9347625000
SG_011552,0.6053416667
SG_011566,0.2897808333
SG_011567,0.7223625000
SG_011569,0.5278125000
SG_011575,0.4108966667
SG_011576,0.9140783333
SG_011577,0.3708875000
SG_011581,0.6371916667
SG_011584,0.6574766667
SG_011586,0.7702400000
SG_011593,0.6524008333
SG_011597,0.0899108333
SG_011598,0.9227425000
SG_011602,0.4075225000
SG_011605,0.7731566667
SG_011607,0.1972391667
SG_011612,0.9802475000
SG_011616,0.5215291667
SG_011617,0.4665816667
SG_011620,0.7714058333
SG_011622,0.5082158333
SG_011625,0.2729358333
SG_011626,0.8677391667
SG_011627,0.6841216667
SG_011632,0.9438466667
SG_011633,0.7152825000
SG_011635,0.9676491667
SG_011638,0.5238325000
SG_011640,0.8151800000
SG_011645,0.0776575000
SG_011649,0.7732700000
SG_011656,0.2762758333
SG_011662,0.2699275000
SG_011663,0.4516150000
SG_011666,0.4346900000
SG_011672,0.0136566667
SG_011673,0.6709066667
SG_011676,0.9312650000
SG_011678,0.1970908333
SG_011682,0.6294458333
SG_011683,0.3578866667
SG_011684,0.0883316667
SG_011691,0.8076300000
SG_011694,0.0593183333
SG_011695,0.5376233333
SG_011697,0.8325216667
SG_011699,0.0146358333
SG_011701,0.7227908333
SG_011704,0.6741741667
SG_011705,0.7275341667
SG_011708,0.7443100000
SG_011714,0.8762516667
SG_011715,0.7183183333
SG_011720,0.2595858333
SG_011721,0.1021550000
SG_011727,0.0463041667
SG_011728,0.8472591667
SG_011729,0.3726425000
SG_011731,0.1844416667
SG_011736,0.6201500000
SG_011737,0.5260483333
SG_011747,0.3734483333
SG_011749,0.8979675000
SG_011750,0.5857533333
SG_011752,0.2163900000
SG_011757,0.8708158333
SG_011764,0.7590408333
SG_011767,0.0523558333
SG_011769,0.7467950000
SG_011770,0.8403933333
SG_011772,0.8318466667
SG_011773,0.2475800000
SG_011777,0.5972958333
SG_011779,0.3059041667
SG_011780,0.4355716667
SG_011786,0.9662300000
SG_011787,0.7056825000
SG_011789,0.0382333333
SG_011796,0.0091733333
SG_011799,0.2394975000
SG_011801,0.1283766667
SG_011802,0.8228650000
SG_011806,0.0166875000
SG_011812,0.8060383333
SG_011814,0.8814633333
SG_011815,0.2834700000
SG_011816,0.8761141667
SG_011830,0.5829433333
SG_011833,0.0720558333
SG_011843,0.6686458333
SG_011853,0.8536991667
SG_011855,0.8218316667
SG_011858,0.0110225000
SG_011861,0.0915200000
SG_011863,0.6027341667
SG_011864,0.7751200000
SG_011868,0.9049066667
SG_011869,0.6522416667
SG_011871,0.9836783333
SG_011886,0.2228300000
SG_011889,0.2671616667
SG_011890,0.5256116667
SG_011894,0.4821450000
SG_011896,0.4243116667
SG_011898,0.0788008333
SG_011900,0.5635191667
SG_011918,0.7563108333
SG_011922,0.3028416667
SG_011925,0.1842541667
SG_011926,0.5775200000
SG_011927,0.9088758333
SG_011931,0.5864833333
SG_011933,0.1531941667
SG_011936,0.0267325000
SG_011939,0.1732775000
SG_011940,0.4410475000
SG_011953,0.4268541667
SG_011955,0.8739075000
SG_011956,0.6804625000
SG_011959,0.2934500000
SG_011961,0.6548716667
SG_011962,0.9373625000
SG_011966,0.9705466667
SG_011969,0.1751925000
SG_011971,0.2092491667
SG_011977,0.6768116667
SG_011978,0.2996283333
SG_011983,0.1907416667
SG_011986,0.2203950000
SG_011988,0.0117108333
SG_011993,0.6808908333
SG_011995,0.7635400000
SG_011996,0.1978666667
SG_011997,0.6111183333
SG_012000,0.5288850000
SG_012013,0.5749058333
SG_012018,0.3932925000
SG_012019,0.2322741667
SG_012020,0.7576075000
SG_012022,0.2873200000
SG_012031,0.5239958333
SG_012040,0.6125566667
SG_012041,0.0823125000
SG_012048,0.0990491667
SG_012050,0.1113591667
SG_012051,0.1363633333
SG_012052,0.9257858333
SG_012064,0.5872825000
SG_012066,0.1591258333
SG_012068,0.3296058333
SG_012076,0.8413883333
SG_012077,0.4091925000
SG_012078,0.4342450000
SG_012079,0.0808266667
SG_012080,0.7272416667
SG_012081,0.1812483333
SG_012082,0.3627100000
SG_012086,0.6398266667
SG_012089,0.8067733333
SG_012097,0.2963616667
SG_012104,0.5885908333
SG_012108,0.6058483333
SG_012113,0.8147266667
SG_012119,0.9147841667
SG_012124,0.8186850000
SG_012125,0.3901583333
SG_012141,0.9247716667
SG_012143,0.3819883333
SG_012145,0.2483025000
SG_012148,0.3440425000
SG_012150,0.6578025000
SG_012162,0.3045216667
SG_012165,0.4908808333
SG_012166,0.1732608333
SG_012167,0.4220441667
SG_012168,0.0512091667
SG_012169,0.6590691667
SG_012170,0.1287416667
SG_012175,0.3656458333
SG_012176,0.4583383333
SG_012177,0.1955241667
SG_012181,0.7031708333
SG_012186,0.9790366667
SG_012190,0.4555325000
SG_012192,0.9860616667
SG_012194,0.6110750000
SG_012195,0.2826716667
SG_012198,0.6457233333
SG_012199,0.1713783333
SG_012205,0.9887941667
SG_012206,0.8624616667
SG_012211,0.0940466667
SG_012212,0.7670758333
SG_012213,0.3078200000
SG_012216,0.7895208333
SG_012217,0.9435383333
SG_012218,0.7185191667
SG_012220,0.1938150000
SG_012225,0.6823616667
SG_012230,0.0852875000
SG_012232,0.3285266667
SG_012234,0.3139583333
SG_012238,0.6695816667
SG_012241,0.2269175000
SG_012243,0.0907441667
SG_012247,0.3098500000
SG_012253,0.4551175000
SG_012258,0.5839266667
SG_012260,0.8193775000
SG_012263,0.4030816667
SG_012264,0.7796933333
SG_012266,0.9773908333
SG_012270,0.1732383333
SG_012272,0.0752441667
SG_012276,0.7802816667
SG_012277,0.4732758333
SG_012278,0.4819950000
SG_012279,0.5580683333
SG_012280,0.8726741667
SG_012281,0.8342758333
SG_012283,0.8882525000
SG_012284,0.9463225000
SG_012285,0.4144250000
SG_012290,0.6103416667
SG_012293,0.5056900000
SG_012301,0.7696383333
SG_012305,0.7061391667
SG_012307,0.7223416667
SG_012308,0.2926041667
SG_012310,0.4470866667
SG_012312,0.9889958333
SG_012313,0.1373600000
SG_012316,0.7114291667
SG_012321,0.3025833333
SG_012322,0.5319358333
SG_012326,0.5953700000
SG_012334,0.3844400000
SG_012336,0.2157016667
SG_012337,0.2203408333
SG_012339,0.9224750000
SG_012340,0.4032241667
SG_012345,0.0952033333
SG_012355,0.8850558333
SG_012362,0.7597208333
SG_012363,0.3523933333
SG_012368,0.9044308333
SG_012375,0.1990741667
SG_012378,0.0416908333
SG_012381,0.0980325000
SG_012384,0.4028791667
SG_012390,0.3917158333
SG_012393,0.4463833333
SG_012397,0.1534325000
SG_012400,0.3349008333
SG_012402,0.8786100000
SG_012410,0.5011166667
SG_012414,0.2100333333
SG_012419,0.5569900000
SG_012420,0.9730008333
SG_012422,0.9074616667
SG_012423,0.7840158333
SG_012424,0.0431841667
SG_012427,0.1818075000
SG_012432,0.3325808333
SG_012436,0.7228333333
SG_012437,0.8917400000
SG_012438,0.8344250000
SG_012444,0.2461816667
SG_012446,0.0771425000
SG_012452,0.9833450000
SG_012453,0.2052508333
SG_012456,0.4406391667
SG_012459,0.0184475000
SG_012468,0.1405741667
SG_012470,0.5767016667
SG_012480,0.3471883333
SG_012484,0.1174758333
SG_012489,0.1808650000
SG_012493,0.4636133333
SG_012495,0.7240625000
SG_012499,0.8886100000
SG_012501,0.0816375000
SG_012502,0.3167450000
SG_012504,0.7422083333
SG_012506,0.0399408333
SG_012509,0.9557925000
SG_012510,0.9693075000
SG_012513,0.4643816667
SG_012519,0.7271316667
SG_012520,0.6855900000
SG_012521,0.0532850000
SG_012525,0.4726708333
SG_012527,0.5609066667
SG_012531,0.6123958333
SG_012533,0.9856658333
SG_012538,0.1076883333
SG_012539,0.9719308333
SG_012548,0.3105358333
SG_012550,0.8072691667
SG_012552,0.1411916667
SG_012556,0.3736808333
SG_012561,0.8105083333
SG_012562,0.0507591667
SG_012563,0.5207675000
SG_012564,0.5705141667
SG_012567,0.0145258333
SG_012568,0.9318716667
SG_012571,0.7363366667
SG_012575,0.1802758333
SG_012579,0.5632000000
SG_012588,0.2772508333
SG_012591,0.3424025000
SG_012594,0.3745425000
SG_012596,0.1495308333
SG_012600,0.8683225000
SG_012601,0.2690775000
SG_012603,0.2175816667
SG_012606,0.2008108333
SG_012609,0.9900816667
SG_012610,0.2624983333
SG_012615,0.4356775000
SG_012616,0.7103158333
SG_012619,0.3759991667
SG_012623,0.9462391667
SG_012628,0.3820616667
SG_012630,0.7655216667
SG_012632,0.7227141667
SG_012636,0.5629850000
SG_012640,0.0163625000
SG_012643,0.7914625000
SG_012648,0.9652208333
SG_012651,0.0683666667
SG_012654,0.7697558333
SG_012660,0.8737158333
SG_012661,0.7651491667
SG_012663,0.6543241667
SG_012669,0.2561358333
SG_012674,0.4239941667
SG_012680,0.7240450000
SG_012684,0.4234633333
SG_012688,0.6433791667
SG_012690,0.6970208333
SG_012697,0.5547933333
SG_012699,0.5187308333
SG_012701,0.1987841667
SG_012705,0.6955133333
SG_012709,0.4624383333
SG_012710,0.9141400000
SG_012715,0.3940775000
SG_012716,0.3515558333
SG_012718,0.4468766667
SG_012723,0.3109691667
SG_012724,0.6669800000
SG_012730,0.3811950000
SG_012734,0.7655908333
SG_012736,0.2825766667
SG_012738,0.0974491667
SG_012747,0.5039766667
SG_012749,0.8134941667
SG_012750,0.0612483333
SG_012753,0.8375183333
SG_012754,0.8412908333
SG_012757,0.3960850000
SG_012763,0.4850308333
SG_012764,0.3214608333
SG_012767,0.8396291667
SG_012768,0.5174050000
SG_012773,0.2458008333
SG_012775,0.0280975000
SG_012777,0.7356808333
SG_012786,0.5996258333
SG_012787,0.8999808333
SG_012792,0.4618916667
SG_012797,0.6214400000
SG_012805,0.1695375000
SG_012808,0.5411916667
SG_012810,0.8600891667
SG_012819,0.9092075000
SG_012821,0.9745183333
SG_012822,0.8254375000
SG_012831,0.2214375000
SG_012844,0.7556183333
SG_012845,0.1291300000
SG_012848,0.0446416667
SG_012849,0.6144350000
SG_012851,0.8051558333
SG_012859,0.0829566667
SG_012861,0.6959058333
SG_012869,0.9110491667
SG_012870,0.4260608333
SG_012873,0.7465425000
SG_012874,0.8845400000
SG_012883,0.1915158333
SG_012886,0.7959108333
SG_012887,0.0886100000
SG_012888,0.5768500000
SG_012891,0.1681458333
SG_012898,0.4772025000
SG_012905,0.8479025000
SG_012910,0.8670950000
SG_012913,0.1116966667
SG_012918,0.8711566667
SG_012919,0.5231458333
SG_012920,0.3748658333
SG_012923,0.1921183333
SG_012924,0.4292133333
SG_012926,0.9810408333
SG_012936,0.7609550000
SG_012938,0.6185325000
SG_012940,0.1523725000
SG_012945,0.3300325000
SG_012949,0.5698225000
SG_012958,0.4553891667
SG_012962,0.6077308333
SG_012967,0.3585666667
SG_012968,0.1575575000
SG_012970,0.2694975000
SG_012972,0.2008916667
SG_012978,0.4243425000
SG_012979,0.6663183333
SG_012980,0.7465883333
SG_012981,0.8776825000
SG_012983,0.3360666667
SG_012984,0.8191666667
SG_012989,0.5463633333
SG_012994,0.3625691667
SG_012997,0.5865991667
SG_013002,0.6873250000
SG_013009,0.5361541667
SG_013017,0.1844416667
SG_013023,0.9973266667
SG_013028,0.4288741667
SG_013030,0.4672508333
SG_013033,0.7895116667
SG_013042,0.5646041667
SG_013043,0.5566800000
SG_013045,0.6218241667
SG_013063,0.7986466667
SG_013064,0.5434350000
SG_013065,0.3328616667
SG_013068,0.8842800000
SG_013070,0.3299925000
SG_013071,0.4230741667
SG_013072,0.6583216667
SG_013077,0.3668366667
SG_013080,0.9396875000
SG_013082,0.6188033333
SG_013083,0.3039208333
SG_013085,0.7653283333
SG_013086,0.5034600000
SG_013093,0.2809908333
SG_013094,0.1346458333
SG_013096,0.9309975000
SG_013104,0.8094441667
SG_013108,0.2842175000
SG_013111,0.0638733333
SG_013112,0.6665833333
SG_013115,0.5857766667
SG_013117,0.8527316667
SG_013125,0.2512966667
SG_013127,0.2545050000
SG_013135,0.5080458333
SG_013138,0.7921550000
SG_013139,0.0182375000
SG_013141,0.7292166667
SG_013149,0.8638391667
SG_013150,0.9251058333
SG_013157,0.8291425000
SG_013159,0.8932466667
SG_013166,0.5546158333
SG_013172,0.8949583333
SG_013177,0.6195125000
SG_013178,0.1888083333
SG_013187,0.1812833333
SG_013196,0.2683200000
SG_013201,0.9780950000
SG_013202,0.2295725000
SG_013212,0.1566258333
SG_013219,0.3965925000
SG_013222,0.0619275000
SG_013223,0.7789183333
SG_013224,0.9120166667
SG_013233,0.1688350000
SG_013237,0.0458066667
SG_013245,0.4715141667
SG_013249,0.1431325000
SG_013250,0.4106391667
SG_013260,0.3253091667
SG_013264,0.3924575000
SG_013266,0.4509508333
SG_013267,0.9624666667
SG_013269,0.3426408333
SG_013273,0.8973941667
SG_013276,0.0494416667
SG_013280,0.4564866667
SG_013281,0.4354166667
SG_013282,0.3407450000
SG_013288,0.7595275000
SG_013292,0.2555016667
SG_013294,0.8578483333
SG_013297,0.2187233333
SG_013304,0.2687333333
SG_013311,0.3101183333
SG_013313,0.8730083333
SG_013314,0.5475383333
SG_013315,0.4024858333
SG_013317,0.9361125000
SG_013321,0.7345175000
SG_013323,0.4285616667
SG_013327,0.2343091667
SG_013328,0.1646816667
SG_013332,0.4608266667
SG_013337,0.5996241667
SG_013338,0.5915208333
SG_013339,0.0963075000
SG_013340,0.6158600000
SG_013342,0.1004791667
SG_013344,0.0419191667
SG_013345,0.7133125000
SG_013347,0.3957125000
SG_013348,0.0658225000
SG_013356,0.7438583333
SG_013358,0.4697750000
SG_013359,0.3206866667
SG_013360,0.2198525000
SG_013361,0.0643633333
SG_013362,0.8307808333
SG_013366,0.2869500000
SG_013371,0.7632591667
SG_013372,0.6630816667
SG_013374,0.7618825000
SG_013380,0.0365950000
SG_013383,0.5282875000
SG_013384,0.3841066667
SG_013391,0.6404425000
SG_013392,0.7276891667
SG_013393,0.8195933333
SG_013396,0.8626183333
SG_013400,0.8546791667
SG_013404,0.4478433333
SG_013412,0.6290533333
SG_013413,0.8551916667
SG_013414,0.2869566667
SG_013418,0.7916208333
SG_013420,0.2234775000
SG_013421,0.8333466667
SG_013424,0.8335908333
SG_013427,0.8260666667
SG_013430,0.6434850000
SG_013435,0.8966941667
SG_013438,0.5790283333
SG_013440,0.7188183333
SG_013443,0.9048341667
SG_013444,0.5080883333
SG_013446,0.0209383333
SG_013447,0.2138258333
SG_013452,0.3924008333
SG_013454,0.7909158333
SG_013456,0.3282658333
SG_013462,0.5254875000
SG_013463,0.7674291667
SG_013464,0.2277125000
SG_013468,0.0175558333
SG_013472,0.4567608333
SG_013474,0.5247241667
SG_013477,0.3665633333
SG_013480,0.1723158333
SG_013485,0.3943108333
SG_013486,0.3438075000
SG_013487,0.6054791667
SG_013491,0.6967700000
SG_013495,0.7739133333
SG_013499,0.4117916667
SG_013504,0.9907533333
SG_013508,0.7244933333
SG_013509,0.1475308333
SG_013515,0.7294600000
SG_013523,0.1922133333
SG_013528,0.4728525000
SG_013538,0.6655441667
SG_013542,0.4576333333
SG_013543,0.3404075000
SG_013544,0.7550141667
SG_013545,0.8660133333
SG_013546,0.3151900000
SG_013548,0.9879041667
SG_013549,0.7553116667
SG_013552,0.8620450000
SG_013553,0.5654650000
SG_013554,0.5569191667
SG_013557,0.2605366667
SG_013558,0.5017325000
SG_013561,0.9553516667
SG_013563,0.2689900000
SG_013565,0.1880325000
SG_013567,0.0777941667
SG_013568,0.2330908333
SG_013571,0.5358475000
SG_013574,0.6562683333
SG_013575,0.0753000000
SG_013578,0.8265300000
SG_013579,0.9111483333
SG_013580,0.5602066667
SG_013586,0.0562816667
SG_013588,0.2170008333
SG_013591,0.5611016667
SG_013598,0.9844100000
SG_013601,0.6472308333
SG_013602,0.8992741667
SG_013604,0.2382166667
SG_013608,0.8144158333
SG_013610,0.2625050000
SG_013612,0.6358050000
SG_013613,0.2499750000
SG_013616,0.2258783333
SG_013619,0.4908500000
SG_013624,0.9588041667
SG_013626,0.4998675000
SG_013628,0.8924166667
SG_013629,0.1070008333
SG_013633,0.2774658333
SG_013635,0.0989408333
SG_013637,0.3604541667
SG_013638,0.3773383333
SG_013639,0.5673400000
SG_013641,0.6620358333
SG_013646,0.8379808333
SG_013653,0.0688200000
SG_013667,0.7667291667
SG_013668,0.6771825000
SG_013670,0.5679866667
SG_013675,0.5401425000
SG_013677,0.6085883333
SG_013678,0.6251033333
SG_013681,0.2426558333
SG_013682,0.7446016667
SG_013683,0.6408191667
SG_013684,0.6293600000
SG_013685,0.1473216667
SG_013686,0.8598591667
SG_013690,0.3375741667
SG_013695,0.1077183333
SG_013705,0.3837941667
SG_013706,0.1458758333
SG_013708,0.0446850000
SG_013711,0.2203750000
SG_013713,0.7107975000
SG_013715,0.2757125000
SG_013716,0.7578016667
SG_013726,0.7580716667
SG_013727,0.0162300000
SG_013728,0.4652291667
SG_013731,0.1279183333
SG_013733,0.0265008333
SG_013737,0.5482983333
SG_013740,0.8191100000
SG_013741,0.5746158333
SG_013744,0.3919708333
SG_013745,0.6203850000
SG_013746,0.0384766667
SG_013747,0.2809366667
SG_013749,0.6971708333
SG_013755,0.2823658333
SG_013759,0.2393691667
SG_013765,0.5102433333
SG_013766,0.8032275000
SG_013769,0.3333041667
SG_013773,0.7564675000
SG_013785,0.1011808333
SG_013793,0.0437291667
SG_013800,0.1486575000
SG_013808,0.4496950000
SG_013815,0.9764991667
SG_013827,0.4587300000
SG_013840,0.2863783333
SG_013841,0.0339816667
SG_013842,0.2059741667
SG_013844,0.9167708333
SG_013845,0.3622633333
SG_013849,0.1326775000
SG_013850,0.1663933333
SG_013851,0.5275933333
SG_013853,0.5062125000
SG_013854,0.3562591667
SG_013855,0.2935433333
SG_013857,0.6723075000
SG_013860,0.9286375000
SG_013862,0.7968700000
SG_013867,0.9286016667
SG_013868,0.0956825000
SG_013870,0.1729400000
SG_013883,0.0765808333
SG_013884,0.1631150000
SG_013885,0.7015091667
SG_013892,0.7255708333
SG_013896,0.0613583333
SG_013898,0.3925016667
SG_013901,0.8470633333
SG_013905,0.5088583333
SG_013906,0.7602950000
SG_013907,0.1903983333
SG_013910,0.7503908333
SG_013912,0.4449216667
SG_013914,0.6745183333
SG_013919,0.6922600000
SG_013922,0.9110975000
SG_013943,0.0977108333
SG_013944,0.2412100000
SG_013946,0.3618350000
SG_013948,0.1829875000
SG_013949,0.2872933333
SG_013953,0.6321258333
SG_013962,0.7981883333
SG_013965,0.9646158333
SG_013969,0.6300816667
SG_013974,0.1444441667
SG_013978,0.4982766667
SG_013979,0.2742400000
SG_013980,0.7761933333
SG_013986,0.9240608333
SG_013997,0.1488200000
SG_014000,0.5943233333
SG_014004,0.0131166667
SG_014009,0.6069041667
SG_014010,0.5684658333
SG_014012,0.1885075000
SG_014014,0.9270900000
SG_014015,0.5622200000
SG_014016,0.5694200000
SG_014017,0.8638616667
SG_014018,0.0445058333
SG_014020,0.6715341667
SG_014021,0.0821716667
SG_014022,0.3613508333
SG_014023,0.6941116667
SG_014026,0.8987525000
SG_014030,0.6093250000
SG_014031,0.6346966667
SG_014036,0.3424541667
SG_014037,0.2969383333
SG_014039,0.3909858333
SG_014045,0.5309350000
SG_014046,0.8567575000
SG_014047,0.8076900000
SG_014050,0.0028733333
SG_014053,0.4460983333
SG_014058,0.8457091667
SG_014059,0.8021916667
SG_014062,0.3570291667
SG_014067,0.9104033333
SG_014072,0.0279783333
SG_014073,0.6156341667
SG_014075,0.4962316667
SG_014081,0.4201258333
SG_014085,0.2696050000
SG_014088,0.6228266667
SG_014096,0.7827408333
SG_014099,0.5200175000
SG_014102,0.7278925000
SG_014105,0.7490833333
SG_014111,0.8955791667
SG_014113,0.5493533333
SG_014116,0.0483808333
SG_014122,0.8800716667
SG_014123,0.6108008333
SG_014124,0.8254675000
SG_014130,0.8730591667
SG_014132,0.8019708333
SG_014135,0.8841283333
SG_014136,0.5157033333
SG_014139,0.5870350000
SG_014140,0.5044233333
SG_014141,0.7467600000
SG_014146,0.8509291667
SG_014155,0.3590508333
SG_014157,0.0707983333
SG_014161,0.6132233333
SG_014162,0.5947008333
SG_014165,0.4646308333
SG_014167,0.8827041667
SG_014168,0.3237125000
SG_014172,0.1363558333
SG_014176,0.1285025000
SG_014177,0.9291216667
SG_014184,0.9904683333
SG_014186,0.6215591667
SG_014188,0.3564950000
SG_014190,0.1335475000
SG_014191,0.0792325000
SG_014192,0.1892316667
SG_014194,0.7887516667
SG_014196,0.7506791667
SG_014197,0.9405016667
SG_014205,0.3258900000
SG_014210,0.4633650000
SG_014217,0.7175033333
SG_014219,0.8859608333
SG_014223,0.7347633333
SG_014235,0.3001066667
SG_014237,0.6843308333
SG_014243,0.4290483333
SG_014248,0.9166900000
SG_014249,0.4924883333
SG_014259,0.3815575000
SG_014269,0.8310466667
SG_014270,0.8186266667
SG_014272,0.0451708333
SG_014277,0.3249666667
SG_014288,0.1909133333
SG_014290,0.3633150000
SG_014292,0.6550550000
SG_014293,0.5500100000
SG_014295,0.4298816667
SG_014299,0.5158566667
SG_014308,0.7727050000
SG_014309,0.0847141667
SG_014311,0.9952416667
SG_014314,0.9529316667
SG_014319,0.0750591667
SG_014320,0.0812383333
SG_014321,0.9894391667
SG_014328,0.8493433333
SG_014334,0.1176000000
SG_014335,0.2009133333
SG_014339,0.9239566667
SG_014342,0.2702441667
SG_014343,0.9904716667
SG_014345,0.4363066667
SG_014363,0.3214025000
SG_014368,0.4175833333
SG_014370,0.0051500000
SG_014373,0.6394341667
SG_014375,0.4768216667
SG_014380,0.9680608333
SG_014383,0.9737708333
SG_014385,0.8013375000
SG_014386,0.7283508333
SG_014387,0.6141566667
SG_014389,0.4894966667
SG_014391,0.6950833333
SG_014394,0.8678300000
SG_014398,0.1966591667
SG_014402,0.1915000000
SG_014409,0.5667325000
SG_014411,0.7913741667
SG_014415,0.5907425000
SG_014416,0.5504025000
SG_014418,0.2244625000
SG_014425,0.4956575000
SG_014426,0.9503433333
SG_014431,0.6868741667
SG_014432,0.9759408333
SG_014446,0.4394883333
SG_014447,0.2440383333
SG_014457,0.1854233333
SG_014465,0.6945200000
SG_014466,0.2868683333
SG_014469,0.1167141667
SG_014474,0.1551883333
SG_014484,0.2333166667
SG_014486,0.1628091667
SG_014488,0.2968425000
SG_014491,0.5442933333
SG_014495,0.7827458333
SG_014512,0.9226841667
SG_014514,0.1904158333
SG_014516,0.5978233333
SG_014519,0.0994366667
SG_014522,0.1185666667
SG_014529,0.4255566667
SG_014538,0.7756133333
SG_014544,0.5621250000
SG_014551,0.4333416667
SG_014552,0.8011283333
SG_014556,0.1456666667
SG_014562,0.5542683333
SG_014565,0.0798975000
SG_014566,0.7494083333
SG_014568,0.0736933333
SG_014569,0.0033225000
SG_014570,0.3955075000
SG_014578,0.2046625000
SG_014579,0.6941150000
SG_014581,0.5169708333
SG_014582,0.6978075000
SG_014583,0.2988016667
SG_014587,0.8806508333
SG_014594,0.4945958333
SG_014596,0.8902025000
SG_014597,0.5481058333
SG_014607,0.7319975000
SG_014611,0.0636158333
SG_014616,0.2760591667
SG_014617,0.3814133333
SG_014618,0.6524141667
SG_014619,0.1420816667
SG_014621,0.8310891667
SG_014626,0.7954025000
SG_014634,0.1013583333
SG_014635,0.4668733333
SG_014636,0.4094975000
SG_014637,0.4370833333
SG_014640,0.5333591667
SG_014641,0.4129625000
SG_014645,0.1645191667
SG_014647,0.2353158333
SG_014653,0.4405966667
SG_014655,0.2051641667
SG_014656,0.8489675000
SG_014657,0.9425683333
SG_014660,0.6174191667
SG_014667,0.1472016667
SG_014672,0.7718550000
SG_014677,0.2197325000
SG_014680,0.5354841667
SG_014681,0.7629366667
SG_014687,0.6119391667
SG_014690,0.7524566667
SG_014691,0.4661583333
SG_014700,0.9015266667
SG_014701,0.9666100000
SG_014702,0.6907833333
SG_014703,0.1309458333
SG_014712,0.9432558333
SG_014713,0.2723033333
SG_014718,0.2000591667
SG_014720,0.9454008333
SG_014723,0.4038975000
SG_014729,0.9129991667
SG_014731,0.5380041667
SG_014733,0.5712791667
SG_014735,0.8821875000
SG_014742,0.0288916667
SG_014746,0.1576141667
SG_014748,0.0604158333
SG_014749,0.4355341667
SG_014753,0.3365083333
SG_014754,0.3381550000
SG_014757,0.1799991667
SG_014771,0.3887416667
SG_014774,0.8391675000
SG_014777,0.4623225000
SG_014778,0.8938575000
SG_014780,0.4609991667
SG_014787,0.8367908333
SG_014800,0.5072641667
SG_014801,0.9774175000
SG_014802,0.5628241667
SG_014803,0.6395850000
SG_014808,0.2448633333
SG_014812,0.2091225000
SG_014813,0.1683775000
SG_014815,0.8821900000
SG_014824,0.0110383333
SG_014825,0.6935933333
SG_014827,0.6909875000
SG_014830,0.0118783333
SG_014834,0.1834633333
SG_014839,0.9258133333
SG_014844,0.8656975000
SG_014865,0.9395116667
SG_014866,0.0536500000
SG_014867,0.4958908333
SG_014871,0.7870283333
SG_014874,0.7672483333
SG_014875,0.6703591667
SG_014879,0.3959791667
SG_014880,0.1174400000
SG_014882,0.5514566667
SG_014885,0.7532108333
SG_014887,0.7618958333
SG_014894,0.2429550000
SG_014895,0.5713191667
SG_014898,0.2886466667
SG_014900,0.7017850000
SG_014906,0.6865991667
SG_014909,0.2048825000
SG_014914,0.4884133333
SG_014919,0.0571491667
SG_014921,0.4643300000
SG_014939,0.9800908333
SG_014940,0.8171300000
SG_014945,0.5589516667
SG_014946,0.0338375000
SG_014951,0.7573383333
SG_014953,0.9983625000
SG_014955,0.5366883333
SG_014959,0.5629925000
SG_014961,0.6352358333
SG_014964,0.5714116667
SG_014965,0.1338083333
SG_014966,0.6297325000
SG_014969,0.7527700000
SG_014972,0.6633608333
SG_014976,0.7043791667
SG_014979,0.0278333333
SG_014980,0.7712166667
SG_014984,0.4069391667
SG_014990,0.0039041667
SG_014998,0.1975591667
SG_014999,0.1759150000
SG_015001,0.7891000000
SG_015002,0.7285441667
SG_015014,0.5715816667
SG_015015,0.4114316667
SG_015021,0.5408691667
SG_015026,0.5631808333
SG_015031,0.8226108333
SG_015036,0.5564391667
SG_015039,0.1284400000
SG_015042,0.5407091667
SG_015044,0.5808483333
SG_015046,0.7690416667
SG_015047,0.7994550000
SG_015050,0.2281033333
SG_015054,0.8307733333
SG_015066,0.5191683333
SG_015068,0.9524875000
SG_015071,0.5918075000
SG_015075,0.0623191667
SG_015076,0.0950833333
SG_015081,0.6219358333
SG_015082,0.5158033333
SG_015085,0.3002591667
SG_015093,0.9170616667
SG_015095,0.7026850000
SG_015099,0.2060958333
SG_015102,0.1951000000
SG_015103,0.9175883333
SG_015111,0.1980091667
SG_015112,0.1366775000
SG_015118,0.1703816667
SG_015125,0.3480558333
SG_015126,0.4020650000
SG_015127,0.5393333333
SG_015129,0.2052858333
SG_015134,0.5189566667
SG_015135,0.4005375000
SG_015137,0.4125658333
SG_015138,0.9868600000
SG_015144,0.7490083333
SG_015146,0.5741000000
SG_015152,0.5923858333
SG_015155,0.5472883333
SG_015158,0.7544175000
SG_015159,0.3069916667
SG_015161,0.8285883333
SG_015165,0.9574041667
SG_015167,0.7224350000
SG_015169,0.5627225000
SG_015176,0.8663958333
SG_015180,0.3330500000
SG_015183,0.6324158333
SG_015189,0.2242166667
SG_015190,0.1990408333
SG_015192,0.3947058333
SG_015195,0.2714600000
SG_015197,0.3534841667
SG_015201,0.7331616667
SG_015202,0.1536500000
SG_015214,0.2631975000
SG_015215,0.5203750000
SG_015217,0.3116308333
SG_015222,0.4937200000
SG_015224,0.1325525000
SG_015235,0.2677208333
SG_015239,0.0996525000
SG_015246,0.1974400000
SG_015251,0.5384941667
SG_015252,0.9309483333
SG_015256,0.7618766667
SG_015257,0.8266916667
SG_015261,0.4803358333
SG_015262,0.7119608333
SG_015263,0.5723008333
SG_015269,0.4921550000
SG_015270,0.4227200000
SG_015272,0.5907908333
SG_015276,0.9548358333
SG_015277,0.2187233333
SG_015278,0.2129091667
SG_015279,0.7182175000
SG_015280,0.7117333333
SG_015283,0.6085258333
SG_015284,0.7180316667
SG_015289,0.9367150000
SG_015290,0.2105675000
SG_015294,0.5880216667
SG_015296,0.4140116667
SG_015297,0.9695700000
SG_015302,0.0399991667
SG_015304,0.9067158333
SG_015308,0.3984783333
SG_015309,0.6759525000
SG_015312,0.7093333333
SG_015317,0.9557025000
SG_015322,0.3284458333
SG_015323,0.6162000000
SG_015326,0.4032608333
SG_015329,0.1986300000
SG_015337,0.3317791667
SG_015339,0.5572275000
SG_015340,0.1741691667
SG_015341,0.6458491667
SG_015346,0.8084050000
SG_015348,0.3058316667
SG_015349,0.7762233333
SG_015351,0.9633675000
SG_015355,0.3425666667
SG_015356,0.6724350000
SG_015360,0.4870483333
SG_015361,0.6275008333
SG_015362,0.9403958333
SG_015363,0.0516383333
SG_015369,0.4231900000
SG_015372,0.4265191667
SG_015375,0.1856675000
SG_015381,0.9092108333
SG_015382,0.0971916667
SG_015383,0.3038208333
SG_015384,0.8565116667
SG_015388,0.5674041667
SG_015395,0.1809841667
SG_015397,0.2947725000
SG_015399,0.7485233333
SG_015400,0.9107733333
SG_015401,0.3872850000
SG_015402,0.6826166667
SG_015403,0.8582000000
SG_015406,0.4193741667
SG_015412,0.8459908333
SG_015421,0.9477500000
SG_015424,0.7306133333
SG_015425,0.4679558333
SG_015428,0.4246466667
SG_015430,0.2902808333
SG_015431,0.3565366667
SG_015439,0.3083141667
SG_015440,0.0237658333
SG_015446,0.6461775000
SG_015447,0.5951400000
SG_015448,0.5568441667
SG_015452,0.4434100000
SG_015454,0.8960016667
SG_015458,0.8141950000
SG_015462,0.4652083333
SG_015463,0.8368541667
SG_015464,0.4749791667
SG_015466,0.1741133333
SG_015467,0.8371683333
SG_015470,0.2109208333
SG_015473,0.3757750000
SG_015479,0.1080150000
SG_015481,0.5947708333
SG_015483,0.3576958333
SG_015492,0.8433666667
SG_015495,0.1710675000
SG_015498,0.8011183333
SG_015503,0.6680341667
SG_015507,0.6658691667
SG_015512,0.1499208333
SG_015514,0.3830008333
SG_015517,0.6815650000
SG_015520,0.7373166667
SG_015524,0.4436383333
SG_015526,0.4264308333
SG_015527,0.1535091667
SG_015535,0.3337025000
SG_015537,0.6812100000
SG_015538,0.6243041667
SG_015540,0.7109825000
SG_015542,0.0697408333
SG_015543,0.9623891667
SG_015544,0.6664575000
SG_015546,0.9829833333
SG_015547,0.5191091667
SG_015550,0.2194141667
SG_015556,0.1986950000
SG_015558,0.5959233333
SG_015559,0.8323491667
SG_015560,0.4270466667
SG_015562,0.0312850000
SG_015565,0.0950766667
SG_015568,0.9307658333
SG_015572,0.1081666667
SG_015576,0.0304058333
SG_015578,0.0290808333
SG_015580,0.3533908333
SG_015582,0.3181100000
SG_015584,0.6478541667
SG_015585,0.5417625000
SG_015586,0.6310741667
SG_015587,0.3494358333
SG_015589,0.9178716667
SG_015590,0.1556183333
SG_015591,0.8817916667
SG_015593,0.4883916667
SG_015597,0.3753041667
SG_015598,0.7878575000
SG_015600,0.8184733333
SG_015606,0.8802183333
SG_015613,0.5272666667
SG_015615,0.9795025000
SG_015617,0.3370216667
SG_015619,0.6301050000
SG_015623,0.6515216667
SG_015627,0.7916658333
SG_015637,0.0985383333
SG_015641,0.4626875000
SG_015644,0.7196908333
SG_015649,0.2056841667
SG_015654,0.9926658333
SG_015655,0.8672600000
SG_015656,0.2287433333
SG_015659,0.3466458333
SG_015662,0.9966491667
SG_015664,0.2706258333
SG_015671,0.9762341667
SG_015675,0.1763950000
SG_015678,0.3735350000
SG_015680,0.4398233333
SG_015681,0.1697150000
SG_015682,0.5349275000
SG_015684,0.0293591667
SG_015693,0.8429833333
SG_015708,0.8454816667
SG_015715,0.4829100000
SG_015716,0.6309766667
SG_015718,0.0708641667
SG_015721,0.7079041667
SG_015724,0.6824200000
SG_015726,0.5970616667
SG_015729,0.2324508333
SG_015730,0.6567108333
SG_015735,0.0945116667
SG_015738,0.7064233333
SG_015743,0.2032041667
SG_015744,0.1605850000
SG_015746,0.1359633333
SG_015756,0.6048616667
SG_015762,0.3529708333
SG_015763,0.4440858333
SG_015766,0.4830866667
SG_015769,0.8903975000
SG_015770,0.3499333333
SG_015772,0.0958666667
SG_015773,0.9649300000
SG_015780,0.3011283333
SG_015790,0.4847166667
SG_015797,0.2170450000
SG_015806,0.0190958333
SG_015810,0.7399258333
SG_015815,0.1118358333
SG_015817,0.9079433333
SG_015818,0.5452933333
SG_015819,0.6713625000
SG_015820,0.5777758333
SG_015827,0.9051441667
SG_015828,0.4664200000
SG_015829,0.5112458333
SG_015832,0.4301716667
SG_015833,0.5367541667
SG_015834,0.1615683333
SG_015838,0.9785000000
SG_015840,0.1874850000
SG_015842,0.6200550000
SG_015845,0.3054083333
SG_015849,0.3659133333
SG_015857,0.5779708333
SG_015859,0.0141116667
SG_015860,0.9930866667
SG_015867,0.2972866667
SG_015873,0.6622633333
SG_015878,0.6622533333
SG_015879,0.0793108333
SG_015880,0.7363783333
SG_015881,0.0412250000
SG_015884,0.1450866667
SG_015885,0.0554466667
SG_015891,0.3243200000
SG_015893,0.5524091667
SG_015898,0.4150391667
SG_015900,0.5904050000
SG_015901,0.1912758333
SG_015907,0.3458566667
SG_015908,0.7989158333
SG_015910,0.8325350000
SG_015914,0.8818925000
SG_015917,0.7529466667
SG_015921,0.8591383333
SG_015922,0.8762541667
SG_015928,0.9737733333
SG_015939,0.4789100000
SG_015940,0.0568366667
SG_015942,0.8877133333
SG_015943,0.8274875000
SG_015947,0.1927000000
SG_015950,0.4807841667
SG_015951,0.6903333333
SG_015955,0.2252433333
SG_015964,0.8380883333
SG_015965,0.5804483333
SG_015972,0.2770875000
SG_015973,0.5577750000
SG_015975,0.0457008333
SG_015977,0.5788925000
SG_015978,0.9261625000
SG_015979,0.8789591667
SG_015980,0.5004283333
SG_015981,0.5576850000
SG_015985,0.8764000000
SG_015988,0.2102658333
SG_015989,0.7716000000
SG_015990,0.6650316667
SG_015998,0.6132466667
SG_015999,0.1054050000
SG_016002,0.6095583333
SG_016003,0.6155775000
SG_016004,0.5602808333
SG_016008,0.9730391667
SG_016010,0.9759275000
SG_016013,0.8503658333
SG_016015,0.3575558333
SG_016020,0.1954291667
SG_016021,0.4054750000
SG_016022,0.2269841667
SG_016027,0.9046450000
SG_016028,0.3423108333
SG_016029,0.2969883333
SG_016030,0.9837058333
SG_016045,0.5800250000
SG_016048,0.5658408333
SG_016049,0.1706875000
SG_016054,0.9977758333
SG_016056,0.7530091667
SG_016060,0.5372000000
SG_016065,0.0785008333
SG_016081,0.0130558333
SG_016085,0.1434683333
SG_016089,0.5036683333
SG_016091,0.7241808333
SG_016092,0.4980916667
SG_016101,0.9322033333
SG_016102,0.8043225000
SG_016103,0.4838266667
SG_016108,0.0461891667
SG_016109,0.8467508333
SG_016111,0.9110775000
SG_016113,0.5185100000
SG_016114,0.2465375000
SG_016115,0.5840433333
SG_016116,0.6909900000
SG_016119,0.2441000000
SG_016124,0.2269675000
SG_016127,0.7087616667
SG_016132,0.9806350000
SG_016133,0.2524816667
SG_016134,0.6167166667
SG_016138,0.1038391667
SG_016140,0.5735941667
SG_016146,0.8422475000
SG_016147,0.2231500000
SG_016156,0.9315516667
SG_016158,0.4145166667
SG_016159,0.7095750000
SG_016160,0.0435650000
SG_016161,0.0938650000
SG_016163,0.8075466667
SG_016164,0.6343866667
SG_016165,0.7187708333
SG_016166,0.3375175000
SG_016171,0.7310766667
SG_016172,0.9021125000
SG_016174,0.6113108333
SG_016176,0.2387158333
SG_016179,0.8515858333
SG_016181,0.6583075000
SG_016183,0.0121350000
SG_016185,0.6401550000
SG_016186,0.2968775000
SG_016187,0.0145708333
SG_016188,0.8223883333
SG_016190,0.2404666667
SG_016194,0.9560683333
SG_016195,0.3975166667
SG_016196,0.9163133333
SG_016197,0.3812758333
SG_016211,0.1416558333
SG_016214,0.9289983333
SG_016215,0.7178891667
SG_016219,0.3833000000
SG_016221,0.5894100000
SG_016222,0.4467766667
SG_016224,0.5911966667
SG_016225,0.6616450000
SG_016233,0.4485375000
SG_016234,0.2079225000
SG_016235,0.2858808333
SG_016238,0.0022016667
SG_016242,0.7912283333
SG_016244,0.0780100000
SG_016245,0.1287475000
SG_016246,0.8466216667
SG_016249,0.6666041667
SG_016251,0.9047875000
SG_016252,0.9579750000
SG_016259,0.4111258333
SG_016262,0.5247025000
SG_016263,0.0719541667
SG_016268,0.3819566667
SG_016270,0.1095016667
SG_016272,0.9211008333
SG_016273,0.9355316667
SG_016275,0.9435158333
SG_016278,0.7852100000
SG_016282,0.7283591667
SG_016285,0.3562166667
SG_016289,0.7160783333
SG_016292,0.3987075000
SG_016297,0.1375225000
SG_016299,0.7034658333
SG_016310,0.6102783333
SG_016315,0.3117841667
SG_016316,0.7827775000
SG_016318,0.2344166667
SG_016324,0.2676191667
SG_016326,0.7550741667
SG_016327,0.9164225000
SG_016330,0.0162091667
SG_016331,0.9265958333
SG_016332,0.0057816667
SG_016333,0.8003166667
SG_016334,0.2128033333
SG_016337,0.1424525000
SG_016341,0.7420391667
SG_016343,0.1608391667
SG_016345,0.9613633333
SG_016346,0.0854308333
SG_016349,0.6685500000
SG_016351,0.1296250000
SG_016352,0.0040625000
SG_016354,0.5927658333
SG_016363,0.7895600000
SG_016372,0.8829533333
SG_016375,0.2047625000
SG_016382,0.6049316667
SG_016384,0.3823850000
SG_016386,0.0510150000
SG_016389,0.3732391667
SG_016392,0.6121708333
SG_016393,0.4579225000
SG_016394,0.5299283333
SG_016401,0.6452391667
SG_016402,0.1961266667
SG_016405,0.8710100000
SG_016414,0.4295808333
SG_016421,0.1052050000
SG_016424,0.4961116667
SG_016425,0.2613241667
SG_016429,0.2838375000
SG_016431,0.4904516667
SG_016432,0.8006108333
SG_016435,0.6084400000
SG_016436,0.8622033333
SG_016443,0.0641933333
SG_016445,0.5235191667
SG_016450,0.7549191667
SG_016452,0.2555650000
SG_016456,0.9656358333
SG_016462,0.0636183333
SG_016463,0.2754775000
SG_016474,0.8833258333
SG_016482,0.5595258333
SG_016488,0.3418441667
SG_016502,0.1012208333
SG_016503,0.6573125000
SG_016507,0.6856458333
SG_016508,0.1943750000
SG_016511,0.0725033333
SG_016512,0.8734600000
SG_016517,0.4022400000
SG_016518,0.9352041667
SG_016520,0.4142975000
SG_016522,0.7764400000
SG_016524,0.2177641667
SG_016526,0.8285933333
SG_016528,0.4947975000
SG_016529,0.2977616667
SG_016532,0.7970150000
SG_016535,0.2025366667
SG_016537,0.0157741667
SG_016539,0.0234866667
SG_016542,0.4065733333
SG_016545,0.3022558333
SG_016547,0.4213108333
SG_016548,0.0687375000
SG_016554,0.8879950000
SG_016562,0.8330825000
SG_016563,0.5432650000
SG_016566,0.0853533333
SG_016567,0.3576575000
SG_016580,0.3088925000
SG_016581,0.3406158333
SG_016585,0.7572833333
SG_016600,0.5611516667
SG_016603,0.8368491667
SG_016604,0.1133208333
SG_016606,0.6996866667
SG_016609,0.5084600000
SG_016612,0.5911775000
SG_016613,0.5769983333
SG_016614,0.4451416667
SG_016623,0.2765375000
SG_016625,0.9133416667
SG_016632,0.9226308333
SG_016634,0.2128050000
SG_016637,0.7917075000
SG_016641,0.8232108333
SG_016646,0.1449058333
SG_016647,0.0899750000
SG_016660,0.0634591667
SG_016662,0.9135083333
SG_016670,0.6470033333
SG_016671,0.4460033333
SG_016673,0.1242066667
SG_016675,0.5183008333
SG_016685,0.4233533333
SG_016689,0.9032091667
SG_016690,0.6321966667
SG_016691,0.0133741667
SG_016692,0.6337616667
SG_016696,0.9309183333
SG_016698,0.0415491667
SG_016699,0.0665550000
SG_016703,0.1513308333
SG_016704,0.9365858333
SG_016705,0.8172550000
SG_016708,0.7402025000
SG_016710,0.2460050000
SG_016711,0.4608441667
SG_016714,0.6713441667
SG_016716,0.0077591667
SG_016719,0.8003833333
SG_016720,0.2495041667
SG_016721,0.2404041667
SG_016723,0.0459350000
SG_016732,0.8287800000
SG_016733,0.9020016667
SG_016736,0.2568208333
SG_016737,0.0806291667
SG_016738,0.4338525000
SG_016741,0.8894808333
SG_016745,0.7717266667
SG_016746,0.3060450000
SG_016752,0.6062416667
SG_016754,0.2026041667
SG_016758,0.5037091667
SG_016763,0.2906458333
SG_016765,0.5152191667
SG_016769,0.2543375000
SG_016776,0.6296000000
SG_016778,0.9630033333
SG_016779,0.6565633333
SG_016780,0.9511516667
SG_016783,0.8633383333
SG_016785,0.3978500000
SG_016786,0.6916908333
SG_016792,0.8376275000
SG_016793,0.1831391667
SG_016794,0.5232458333
SG_016805,0.1954641667
SG_016807,0.4880916667
SG_016810,0.3709516667
SG_016813,0.5118750000
SG_016818,0.3724583333
SG_016819,0.2776300000
SG_016823,0.7437425000
SG_016827,0.4217108333
SG_016828,0.6269900000
SG_016832,0.6308016667
SG_016834,0.9482158333
SG_016837,0.8515891667
SG_016840,0.3183200000
SG_016843,0.9553233333
SG_016847,0.4221300000
SG_016849,0.1367358333
SG_016851,0.4846125000
SG_016857,0.4815325000
SG_016858,0.9133216667
SG_016859,0.5796625000
SG_016861,0.6320208333
SG_016863,0.5380225000
SG_016874,0.9207008333
SG_016877,0.1339758333
SG_016881,0.8848291667
SG_016885,0.3026933333
SG_016887,0.8011566667
SG_016888,0.5282766667
SG_016891,0.3100258333
SG_016893,0.2035191667
SG_016895,0.8144116667
SG_016900,0.7701583333
SG_016902,0.9009550000
SG_016904,0.2965975000
SG_016909,0.2571666667
SG_016911,0.8378366667
SG_016924,0.0282000000
SG_016925,0.4401225000
SG_016928,0.6664841667
SG_016937,0.0377650000
SG_016939,0.7984075000
SG_016941,0.6880191667
SG_016944,0.7783416667
SG_016946,0.4681291667
SG_016951,0.5366166667
SG_016961,0.8665875000
SG_016963,0.5903558333
SG_016967,0.3272858333
SG_016968,0.8016933333
SG_016971,0.6791900000
SG_016973,0.6174391667
SG_016974,0.2018975000
SG_016975,0.7706725000
SG_016976,0.2060583333
SG_016986,0.1995766667
SG_016989,0.7783733333
SG_016990,0.8018150000
SG_017003,0.5736600000
SG_017005,0.1493183333
SG_017006,0.0231558333
SG_017016,0.4176958333
SG_017018,0.4212908333
SG_017021,0.2707391667
SG_017026,0.1608600000
SG_017028,0.3151266667
SG_017040,0.3292108333
SG_017043,0.3149433333
SG_017044,0.8624725000
SG_017046,0.5925416667
SG_017048,0.3172033333
SG_017049,0.2009850000
SG_017050,0.0815891667
SG_017055,0.8228841667
SG_017056,0.2290141667
SG_017062,0.2178775000
SG_017067,0.2461675000
SG_017070,0.4688683333
SG_017071,0.8923200000
SG_017076,0.5991533333
SG_017077,0.6682125000
SG_017079,0.0506508333
SG_017080,0.0702733333
SG_017085,0.8160016667
SG_017098,0.2151008333
SG_017103,0.3162825000
SG_017110,0.5340741667
SG_017111,0.8531891667
SG_017114,0.1535733333
SG_017116,0.9791233333
SG_017123,0.0502733333
SG_017124,0.7678091667
SG_017126,0.1607466667
SG_017127,0.4294016667
SG_017130,0.7803841667
SG_017139,0.8552550000
SG_017144,0.2822041667
SG_017145,0.1573300000
SG_017146,0.8031408333
SG_017154,0.3488550000
SG_017158,0.6466475000
SG_017170,0.6447383333
SG_017171,0.6672008333
SG_017172,0.1164758333
SG_017182,0.0607208333
SG_017187,0.2014883333
SG_017190,0.8695075000
SG_017192,0.1929316667
SG_017193,0.4325083333
SG_017195,0.7781750000
SG_017202,0.4331058333
SG_017206,0.5092741667
SG_017208,0.4376100000
SG_017213,0.5664691667
SG_017218,0.1634350000
SG_017220,0.3928175000
SG_017223,0.2509716667
SG_017224,0.6887333333
SG_017225,0.6627533333
SG_017227,0.5390766667
SG_017228,0.7148758333
SG_017230,0.2638350000
SG_017232,0.6937566667
SG_017235,0.5832025000
SG_017239,0.7621858333
SG_017241,0.8051466667
SG_017245,0.1895741667
SG_017250,0.9438033333
SG_017254,0.0900541667
SG_017255,0.5260891667
SG_017266,0.1151525000
SG_017269,0.2516966667
SG_017272,0.2258291667
SG_017276,0.5655266667
SG_017279,0.2204025000
SG_017281,0.0371983333
SG_017287,0.7688900000
SG_017288,0.4019875000
SG_017292,0.4233983333
SG_017294,0.5757108333
SG_017296,0.1297000000
SG_017303,0.2447116667
SG_017304,0.5327058333
SG_017309,0.9613183333
SG_017311,0.1796466667
SG_017316,0.0083891667
SG_017317,0.6915741667
SG_017318,0.7706708333
SG_017323,0.6006583333
SG_017328,0.8527766667
SG_017338,0.4973008333
SG_017339,0.7394066667
SG_017347,0.7369333333
SG_017348,0.3233908333
SG_017349,0.1822016667
SG_017350,0.3662791667
SG_017354,0.3733575000
SG_017358,0.7515175000
SG_017360,0.1593775000
SG_017361,0.6016600000
SG_017364,0.7951400000
SG_017368,0.5603725000
SG_017373,0.5626975000
SG_017376,0.7850858333
SG_017383,0.6077875000
SG_017385,0.2718008333
SG_017391,0.8484650000
SG_017399,0.9480275000
SG_017402,0.0014141667
SG_017405,0.4590316667
SG_017406,0.3124041667
SG_017416,0.4268083333
SG_017419,0.5643233333
SG_017421,0.1722383333
SG_017423,0.8568350000
SG_017425,0.7163725000
SG_017428,0.5418666667
SG_017431,0.6500566667
SG_017432,0.7951450000
SG_017438,0.9916816667
SG_017439,0.0041966667
SG_017445,0.0362108333
SG_017448,0.0680300000
SG_017452,0.7679216667
SG_017454,0.8473566667
SG_017457,0.4385775000
SG_017458,0.6384600000
SG_017464,0.5257041667
SG_017465,0.2157325000
SG_017466,0.9363775000
SG_017467,0.9168600000
SG_017475,0.5113025000
SG_017479,0.5235533333
SG_017480,0.0289600000
SG_017481,0.5903941667
SG_017482,0.3750541667
SG_017484,0.4671216667
SG_017486,0.5051700000
SG_017501,0.4216633333
SG_017504,0.5794941667
SG_017507,0.5011033333
SG_017509,0.4224616667
SG_017513,0.4201308333
SG_017514,0.6303941667
SG_017516,0.0604625000
SG_017518,0.3536950000
SG_017521,0.8292200000
SG_017526,0.5145058333
SG_017529,0.0711666667
SG_017532,0.1291458333
SG_017535,0.2785375000
SG_017537,0.2196575000
SG_017538,0.4651216667
SG_017542,0.4406683333
SG_017545,0.9757533333
SG_017549,0.9262200000
SG_017557,0.6531383333
SG_017559,0.6860116667
SG_017560,0.1600350000
SG_017562,0.5502675000
SG_017563,0.7206658333
SG_017565,0.5200458333
SG_017572,0.1367333333
SG_017575,0.9770391667
SG_017577,0.5533641667
SG_017578,0.1956341667
SG_017579,0.9659216667
SG_017580,0.1441958333
SG_017581,0.7898625000
SG_017589,0.6230541667
SG_017590,0.1595991667
SG_017594,0.6833125000
SG_017597,0.5406841667
SG_017604,0.8484275000
SG_017605,0.5402400000
SG_017606,0.8047241667
SG_017607,0.3036608333
SG_017611,0.8319825000
SG_017615,0.1457758333
SG_017616,0.4745775000
SG_017617,0.9523958333
SG_017621,0.3779333333
SG_017622,0.4442616667
SG_017629,0.3616700000
SG_017630,0.1545691667
SG_017634,0.4173975000
SG_017639,0.5251516667
SG_017642,0.3010458333
SG_017646,0.9511875000
SG_017657,0.8631075000
SG_017658,0.7032558333
SG_017667,0.3036650000
SG_017673,0.6207333333
SG_017674,0.4223575000
SG_017677,0.1158608333
SG_017679,0.1342458333
SG_017683,0.3546741667
SG_017687,0.1221516667
SG_017689,0.7914458333
SG_017691,0.2576450000
SG_017693,0.8277391667
SG_017696,0.5397991667
SG_017697,0.3168533333
SG_017702,0.0656700000
SG_017703,0.9819966667
SG_017709,0.0126633333
SG_017714,0.3449333333
SG_017715,0.9183683333
SG_017718,0.9032066667
SG_017719,0.5379708333
SG_017728,0.7522691667
SG_017729,0.4511391667
SG_017739,0.4071983333
SG_017743,0.3096191667
SG_017745,0.0960000000
SG_017746,0.0365600000
SG_017749,0.9646275000
SG_017750,0.6983983333
SG_017754,0.3258333333
SG_017757,0.7015300000
SG_017760,0.9748916667
SG_017774,0.6940225000
SG_017775,0.0689191667
SG_017776,0.3505250000
SG_017777,0.7646925000
SG_017778,0.3766275000
SG_017781,0.5476225000
SG_017782,0.9441325000
SG_017789,0.5119916667
SG_017795,0.4058491667
SG_017798,0.8640683333
SG_017811,0.5212916667
SG_017817,0.4944316667
SG_017819,0.7725500000
SG_017822,0.7967833333
SG_017827,0.4165283333
SG_017830,0.9828400000
SG_017832,0.5490466667
SG_017834,0.9645725000
SG_017838,0.5631508333
SG_017840,0.8398825000
SG_017847,0.4700191667
SG_017851,0.6041833333
SG_017855,0.8257991667
SG_017862,0.0032241667
SG_017865,0.2251308333
SG_017866,0.4197658333
SG_017867,0.1824658333
SG_017878,0.5748916667
SG_017879,0.0174725000
SG_017880,0.2276150000
SG_017881,0.2231058333
SG_017882,0.5510108333
SG_017886,0.3209841667
SG_017888,0.1318808333
SG_017889,0.4079316667
SG_017895,0.8947258333
SG_017900,0.5492058333
SG_017902,0.4979533333
SG_017907,0.9445100000
SG_017909,0.7405391667
SG_017910,0.3373408333
SG_017913,0.5727466667
SG_017914,0.6730683333
SG_017917,0.8477200000
SG_017918,0.9336875000
SG_017919,0.0517458333
SG_017920,0.6875516667
SG_017936,0.2301025000
SG_017938,0.4952208333
SG_017945,0.8800900000
SG_017947,0.3578566667
SG_017949,0.3845616667
SG_017956,0.8446816667
SG_017958,0.8425700000
SG_017960,0.4512383333
SG_017965,0.1056316667
SG_017971,0.7325091667
SG_017973,0.9114541667
SG_017978,0.9233833333
SG_017981,0.1957675000
SG_017985,0.9220408333
SG_017987,0.9646316667
SG_017991,0.7879683333
SG_017992,0.8092358333
SG_018002,0.5402275000
SG_018003,0.9553133333
SG_018005,0.2906266667
SG_018014,0.3329375000
SG_018015,0.5148775000
SG_018016,0.8480125000
SG_018017,0.9747808333
SG_018024,0.1779183333
SG_018028,0.5384308333
SG_018032,0.2973041667
SG_018033,0.6034825000
SG_018037,0.3446100000
SG_018040,0.4469383333
SG_018042,0.2548041667
SG_018046,0.1930391667
SG_018050,0.9900175000
SG_018055,0.8295200000
SG_018056,0.5876075000
SG_018061,0.1649158333
SG_018063,0.7890783333
SG_018064,0.4874441667
SG_018067,0.1918375000
SG_018072,0.7947316667
SG_018073,0.6094366667
SG_018074,0.9016341667
SG_018076,0.7709883333
SG_018080,0.0711575000
SG_018084,0.8112116667
SG_018088,0.7489808333
SG_018090,0.6315350000
SG_018092,0.9080675000
SG_018094,0.6684266667
SG_018096,0.2431350000
SG_018100,0.7068916667
SG_018109,0.8492891667
SG_018111,0.0359791667
SG_018120,0.9297575000
SG_018124,0.9964316667
SG_018125,0.5742075000
SG_018130,0.3972483333
SG_018132,0.7114250000
SG_018134,0.1736100000
SG_018140,0.3479475000
SG_018144,0.0435283333
SG_018146,0.8691766667
SG_018150,0.4308533333
SG_018154,0.9890033333
SG_018155,0.3449958333
SG_018160,0.0079241667
SG_018165,0.5063775000
SG_018166,0.1171125000
SG_018170,0.2826733333
SG_018174,0.6017341667
SG_018175,0.0627750000
SG_018178,0.3076850000
SG_018181,0.5491558333
SG_018186,0.3351058333
SG_018188,0.2111183333
SG_018195,0.1272458333
SG_018198,0.8204650000
SG_018201,0.0281916667
SG_018206,0.7407866667
SG_018208,0.3527983333
SG_018214,0.9372841667
SG_018215,0.9663041667
SG_018216,0.8196741667
SG_018221,0.8454516667
SG_018224,0.1198958333
SG_018228,0.3853300000
SG_018229,0.1426391667
SG_018238,0.2411183333
SG_018241,0.0827683333
SG_018246,0.3841808333
SG_018247,0.1400541667
SG_018252,0.9674258333
SG_018253,0.3673091667
SG_018259,0.9150208333
SG_018261,0.0528558333
SG_018263,0.7768433333
SG_018266,0.3883383333
SG_018269,0.5265250000
SG_018270,0.4159483333
SG_018276,0.5732783333
SG_018278,0.6440141667
SG_018281,0.2405066667
SG_018282,0.6590533333
SG_018284,0.6245466667
SG_018286,0.0847791667
SG_018287,0.3525275000
SG_018294,0.0311600000
SG_018297,0.3274091667
SG_018303,0.8112400000
SG_018305,0.6486016667
SG_018307,0.0819691667
SG_018312,0.6526308333
SG_018316,0.5325433333
SG_018321,0.3320558333
SG_018322,0.5429941667
SG_018325,0.0402108333
SG_018327,0.2605158333
SG_018330,0.4384616667
SG_018334,0.6693300000
SG_018336,0.6694341667
SG_018338,0.8675691667
SG_018341,0.3635666667
SG_018342,0.4069758333
SG_018347,0.5293258333
SG_018348,0.5176566667
SG_018351,0.5099875000
SG_018360,0.9901791667
SG_018361,0.5039675000
SG_018364,0.8391766667
SG_018366,0.8184608333
SG_018368,0.8850491667
SG_018372,0.7474450000
SG_018379,0.2458816667
SG_018381,0.3898900000
SG_018386,0.1189641667
SG_018387,0.7052833333
SG_018388,0.5763500000
SG_018394,0.7303316667
SG_018407,0.2470891667
SG_018410,0.4960775000
SG_018411,0.1101716667
SG_018417,0.5833591667
SG_018418,0.2219541667
SG_018420,0.3354358333
SG_018422,0.6084883333
SG_018424,0.7356891667
SG_018426,0.0116725000
SG_018427,0.3794933333
SG_018430,0.3331483333
SG_018433,0.3878816667
SG_018434,0.4100400000
SG_018436,0.7972541667
SG_018441,0.5184508333
SG_018442,0.2978891667
SG_018445,0.4904141667
SG_018448,0.4260375000
SG_018452,0.0266050000
SG_018455,0.6441308333
SG_018458,0.1324866667
SG_018462,0.9345458333
SG_018468,0.3923458333
SG_018469,0.7177975000
SG_018470,0.6824558333
SG_018471,0.6051825000
SG_018472,0.6888308333
SG_018474,0.0020800000
SG_018476,0.8225183333
SG_018481,0.6952791667
SG_018485,0.4313900000
SG_018487,0.7472591667
SG_018490,0.2364500000
SG_018491,0.2781650000
SG_018493,0.6440166667
SG_018494,0.2578750000
SG_018497,0.3442616667
SG_018501,0.1117250000
SG_018503,0.2651591667
SG_018505,0.4106383333
SG_018506,0.3563733333
SG_018510,0.4939591667
SG_018511,0.5286616667
SG_018514,0.2722466667
SG_018519,0.6328866667
SG_018520,0.0506716667
SG_018524,0.5634450000
SG_018525,0.0627300000
SG_018526,0.2246983333
SG_018529,0.6544250000
SG_018531,0.7300916667
SG_018534,0.3894525000
SG_018536,0.3356108333
SG_018537,0.5838758333
SG_018543,0.7050450000
SG_018544,0.6061716667
SG_018547,0.2904216667
SG_018548,0.3054850000
SG_018549,0.6165625000
SG_018553,0.1228933333
SG_018555,0.6701166667
SG_018558,0.6015341667
SG_018566,0.0798375000
SG_018568,0.8816575000
SG_018569,0.1765516667
SG_018573,0.4680066667
SG_018576,0.3889491667
SG_018579,0.1019675000
SG_018587,0.5580650000
SG_018591,0.4230900000
SG_018594,0.2336450000
SG_018601,0.9118108333
SG_018603,0.7876441667
SG_018608,0.4267075000
SG_018611,0.6454366667
SG_018612,0.8096891667
SG_018615,0.0997116667
SG_018617,0.1572883333
SG_018621,0.6077408333
SG_018623,0.7697633333
SG_018624,0.6293550000
SG_018631,0.1041316667
SG_018636,0.2735141667
SG_018637,0.5300550000
SG_018639,0.9732908333
SG_018644,0.0785391667
SG_018645,0.7397450000
SG_018647,0.8540033333
SG_018650,0.8352350000
SG_018651,0.2068883333
SG_018662,0.5847291667
SG_018663,0.6100083333
SG_018664,0.6278183333
SG_018665,0.5254291667
SG_018670,0.9720800000
SG_018676,0.5846191667
SG_018677,0.0656316667
SG_018678,0.7316100000
SG_018680,0.4660891667
SG_018685,0.4948091667
SG_018686,0.8427975000
SG_018687,0.6236608333
SG_018688,0.2090600000
SG_018689,0.1349175000
SG_018693,0.2973350000
SG_018694,0.2234341667
SG_018697,0.6198358333
SG_018703,0.5044450000
SG_018705,0.6290916667
SG_018709,0.0121975000
SG_018710,0.9289925000
SG_018711,0.9224791667
SG_018717,0.1236516667
SG_018721,0.6231466667
SG_018722,0.6116758333
SG_018731,0.5627033333
SG_018733,0.8407325000
SG_018738,0.4181233333
SG_018744,0.6289600000
SG_018745,0.5952666667
SG_018748,0.2777033333
SG_018756,0.7436116667
SG_018758,0.9387241667
SG_018761,0.1753816667
SG_018765,0.2524941667
SG_018766,0.9780133333
SG_018767,0.2289800000
SG_018768,0.6635150000
SG_018770,0.3484783333
SG_018779,0.3775208333
SG_018787,0.2308216667
SG_018788,0.7304333333
SG_018789,0.4512016667
SG_018791,0.9189758333
SG_018792,0.7961083333
SG_018793,0.0362416667
SG_018798,0.8681750000
SG_018799,0.5912325000
SG_018800,0.1449266667
SG_018803,0.1445866667
SG_018806,0.9531141667
SG_018809,0.1081491667
SG_018811,0.6917916667
SG_018817,0.1502583333
SG_018818,0.3479725000
SG_018821,0.0222641667
SG_018822,0.4083925000
SG_018823,0.5471875000
SG_018826,0.7692558333
SG_018831,0.2328591667
SG_018834,0.3301400000
SG_018837,0.6621458333
SG_018838,0.9528675000
SG_018842,0.6680058333
SG_018843,0.9132608333
SG_018847,0.5580316667
SG_018850,0.2928625000
SG_018852,0.8906416667
SG_018853,0.1481033333
SG_018859,0.8471175000
SG_018861,0.6674900000
SG_018875,0.4951850000
SG_018883,0.7776950000
SG_018885,0.1652941667
SG_018889,0.5023550000
SG_018890,0.4683116667
SG_018894,0.5867783333
SG_018895,0.9673266667
SG_018899,0.2829075000
SG_018901,0.7660033333
SG_018902,0.7794083333
SG_018904,0.6270383333
SG_018905,0.9421533333
SG_018906,0.8018616667
SG_018907,0.5640850000
SG_018908,0.0730950000
SG_018915,0.7824425000
SG_018918,0.4082458333
SG_018920,0.6414808333
SG_018924,0.8485258333
SG_018928,0.7835175000
SG_018940,0.3522050000
SG_018941,0.3085283333
SG_018942,0.4516841667
SG_018965,0.9314741667
SG_018966,0.1715083333
SG_018968,0.4186841667
SG_018970,0.7751041667
SG_018972,0.1692925000
SG_018978,0.2559116667
SG_018981,0.1737675000
SG_018984,0.1707941667
SG_018990,0.5330875000
SG_019006,0.8858375000
SG_019012,0.5577383333
SG_019014,0.8623666667
SG_019015,0.9483141667
SG_019016,0.6751541667
SG_019018,0.8858191667
SG_019019,0.0589658333
SG_019023,0.8885316667
SG_019028,0.8555208333
SG_019030,0.5061458333
SG_019036,0.7280216667
SG_019038,0.0905358333
SG_019039,0.9684150000
SG_019041,0.8241350000
SG_019042,0.1553225000
SG_019044,0.9446691667
SG_019051,0.2964491667
SG_019053,0.7638633333
SG_019054,0.5653200000
SG_019058,0.8584466667
SG_019069,0.4174525000
SG_019071,0.0215925000
SG_019082,0.4288975000
SG_019083,0.2512458333
SG_019084,0.8260191667
SG_019087,0.1291275000
SG_019092,0.1943433333
SG_019098,0.5481125000
SG_019102,0.9908383333
SG_019105,0.6071025000
SG_019106,0.5711300000
SG_019109,0.3058091667
SG_019115,0.6217608333
SG_019117,0.9124925000
SG_019119,0.3101675000
SG_019120,0.6630041667
SG_019131,0.4816375000
SG_019142,0.9920625000
SG_019146,0.5892116667
SG_019147,0.7892475000
SG_019149,0.0374166667
SG_019150,0.5725250000
SG_019162,0.3778958333
SG_019167,0.3179716667
SG_019169,0.3929591667
SG_019171,0.0066100000
SG_019176,0.9030416667
SG_019184,0.1132641667
SG_019187,0.6993025000
SG_019190,0.1323033333
SG_019197,0.5954508333
SG_019198,0.2368075000
SG_019201,0.1895133333
SG_019203,0.8508250000
SG_019204,0.4614933333
SG_019208,0.2376008333
SG_019209,0.2949850000
SG_019211,0.1263625000
SG_019212,0.8270483333
SG_019217,0.6437041667
SG_019221,0.3324133333
SG_019222,0.9011350000
SG_019223,0.1494416667
SG_019225,0.5618783333
SG_019237,0.6503283333
SG_019244,0.7561550000
SG_019245,0.8546583333
SG_019246,0.1179850000
SG_019247,0.1734633333
SG_019248,0.3302575000
SG_019249,0.5815566667
SG_019251,0.2787750000
SG_019253,0.0768758333
SG_019254,0.1007908333
SG_019255,0.7763033333
SG_019259,0.0168433333
SG_019265,0.1816800000
SG_019266,0.5579500000
SG_019267,0.8096983333
SG_019270,0.0892908333
SG_019271,0.3003983333
SG_019272,0.4094350000
SG_019273,0.2264325000
SG_019274,0.0382375000
SG_019275,0.3920066667
SG_019276,0.1000858333
SG_019282,0.1079433333
SG_019286,0.7422508333
SG_019289,0.4450491667
SG_019295,0.6098125000
SG_019296,0.9547916667
SG_019298,0.0181458333
SG_019300,0.4536508333
SG_019302,0.8082925000
SG_019311,0.7862075000
SG_019314,0.6985583333
SG_019315,0.2961950000
SG_019316,0.7770458333
SG_019321,0.1719083333
SG_019325,0.8186641667
SG_019326,0.9197391667
SG_019328,0.1793916667
SG_019330,0.5980866667
SG_019333,0.3154441667
SG_019336,0.4565700000
SG_019339,0.6634841667
SG_019346,0.1433883333
SG_019352,0.6998350000
SG_019358,0.8503000000
SG_019362,0.8403825000
SG_019368,0.3298158333
SG_019371,0.3707933333
SG_019373,0.9793208333
SG_019374,0.7155566667
SG_019375,0.5188641667
SG_019376,0.8553133333
SG_019386,0.8537433333
SG_019388,0.4926783333
SG_019394,0.6774416667
SG_019398,0.4636383333
SG_019408,0.6061883333
SG_019411,0.1243700000
SG_019419,0.9758350000
SG_019421,0.7959441667
SG_019425,0.4349991667
SG_019427,0.3299525000
SG_019428,0.6991075000
SG_019431,0.1315266667
SG_019432,0.1597391667
SG_019433,0.6330033333
SG_019436,0.7187616667
SG_019437,0.8948783333
SG_019440,0.0222975000
SG_019442,0.5848941667
SG_019446,0.3956383333
SG_019447,0.1729458333
SG_019449,0.4417775000
SG_019452,0.0834875000
SG_019455,0.7853883333
SG_019456,0.3013150000
SG_019458,0.7146666667
SG_019466,0.6030516667
SG_019468,0.9950216667
SG_019470,0.5573550000
SG_019471,0.4521558333
SG_019473,0.1766725000
SG_019478,0.5039233333
SG_019485,0.9824766667
SG_019488,0.5368583333
SG_019489,0.4591225000
SG_019491,0.6148825000
SG_019496,0.5692041667
SG_019498,0.1687316667
SG_019510,0.9080450000
SG_019516,0.0695208333
SG_019519,0.2409908333
SG_019523,0.3753333333
SG_019527,0.1854083333
SG_019530,0.6250008333
SG_019532,0.1629341667
SG_019534,0.4487600000
SG_019540,0.5398658333
SG_019541,0.5001941667
SG_019543,0.4924766667
SG_019553,0.2706333333
SG_019558,0.3248350000
SG_019562,0.4343558333
SG_019563,0.3671591667
SG_019564,0.6296458333
SG_019567,0.1405325000
SG_019570,0.8624166667
SG_019577,0.4176883333
SG_019583,0.8501200000
SG_019585,0.6295375000
SG_019587,0.6973191667
SG_019588,0.0072383333
SG_019591,0.1382425000
SG_019593,0.1553741667
SG_019598,0.3837508333
SG_019599,0.7693000000
SG_019602,0.9906400000
SG_019609,0.6674600000
SG_019620,0.7047550000
SG_019621,0.1163966667
SG_019624,0.9664283333
SG_019625,0.7811425000
SG_019627,0.0040116667
SG_019635,0.1025950000
SG_019638,0.1488183333
SG_019639,0.0432275000
SG_019642,0.9842091667
SG_019645,0.2831050000
SG_019647,0.9501591667
SG_019648,0.3728450000
SG_019650,0.2518200000
SG_019652,0.6771225000
SG_019654,0.7092133333
SG_019657,0.6275533333
SG_019660,0.3476016667
SG_019661,0.1589533333
SG_019662,0.3871950000
SG_019665,0.2346625000
SG_019666,0.4763491667
SG_019667,0.5262683333
SG_019676,0.7816716667
SG_019679,0.9440108333
SG_019680,0.8365675000
SG_019683,0.7761666667
SG_019689,0.4369225000
SG_019690,0.6656533333
SG_019691,0.5092450000
SG_019695,0.2152741667
SG_019698,0.3945000000
SG_019710,0.4836325000
SG_019711,0.7007925000
SG_019716,0.1783933333
SG_019724,0.4798783333
SG_019727,0.8995608333
SG_019728,0.1336116667
SG_019729,0.2819866667
SG_019733,0.9795175000
SG_019738,0.6613333333
SG_019740,0.2244616667
SG_019746,0.9284041667
SG_019747,0.8581816667
SG_019750,0.4222725000
SG_019755,0.9571075000
SG_019756,0.5348883333
SG_019761,0.1437466667
SG_019764,0.1348108333
SG_019766,0.3088491667
SG_019767,0.4091425000
SG_019769,0.7990733333
SG_019779,0.1409225000
SG_019782,0.2709441667
SG_019783,0.4596850000
SG_019784,0.3211483333
SG_019791,0.3768983333
SG_019792,0.3283641667
SG_019793,0.9321158333
SG_019797,0.1659000000
SG_019800,0.8981791667
SG_019801,0.4269866667
SG_019802,0.4141975000
SG_019804,0.2426633333
SG_019807,0.8229975000
SG_019809,0.8604916667
SG_019811,0.4501808333
SG_019812,0.3029858333
SG_019819,0.4973641667
SG_019828,0.1540883333
SG_019830,0.2177800000
SG_019832,0.0405091667
SG_019835,0.2409900000
SG_019838,0.4607008333
SG_019839,0.1489725000
SG_019842,0.8634600000
SG_019846,0.7720158333
SG_019849,0.1012241667
SG_019851,0.8674708333
SG_019852,0.0422908333
SG_019853,0.6110233333
SG_019854,0.9130408333
SG_019857,0.4893750000
SG_019858,0.8741016667
SG_019859,0.9478541667
SG_019864,0.6714600000
SG_019865,0.4566900000
SG_019868,0.8014533333
SG_019869,0.8730841667
SG_019873,0.0894666667
SG_019878,0.7502700000
SG_019883,0.9021350000
SG_019887,0.2449383333
SG_019888,0.1352366667
SG_019895,0.5235825000
SG_019900,0.0938341667
SG_019903,0.1503533333
SG_019906,0.8767866667
SG_019909,0.0411741667
SG_019910,0.2364291667
SG_019913,0.6742041667
SG_019914,0.4711575000
SG_019921,0.2403316667
SG_019923,0.7834633333
SG_019928,0.9969933333
SG_019930,0.9856625000
SG_019933,0.5058258333
SG_019939,0.2282433333
SG_019941,0.6192866667
SG_019944,0.3882750000
SG_019945,0.7501158333
SG_019947,0.3143375000
SG_019949,0.7813075000
SG_019950,0.6440491667
SG_019954,0.5077375000
SG_019955,0.7228283333
SG_019960,0.2191525000
SG_019961,0.8212008333
SG_019966,0.9788291667
SG_019968,0.8140358333
SG_019970,0.2624458333
SG_019973,0.2301408333
SG_019974,0.4963325000
SG_019976,0.4547633333
SG_019978,0.4933400000
SG_019980,0.0387075000
SG_019981,0.7427333333
SG_019983,0.8415266667
SG_019984,0.6344733333
SG_019985,0.4095583333
SG_019989,0.1503183333
SG_019994,0.4684133333
SG_019998,0.3009425000
SG_019999,0.8900166667
SG_020000,0.4824766667
